arm,cell_type,dimension,rating,unethical
cold,fully_true,GIST truth,7,1
cold,fully_true,VERBATIM truth,6,1
cold,fully_true,GIST truth,7,1
cold,fully_true,VERBATIM truth,6,1
cold,fully_true,GIST truth,7,1
cold,fully_true,VERBATIM truth,6,1
cold,fully_true,GIST truth,7,1
cold,fully_true,VERBATIM truth,6,1
cold,fully_true,GIST truth,7,1
cold,fully_true,VERBATIM truth,6,1
cold,fully_true,GIST truth,7,1
cold,fully_true,VERBATIM truth,6,1
cold,fully_true,GIST truth,7,1
cold,fully_true,VERBATIM truth,6,1
cold,fully_true,GIST truth,7,1
cold,fully_true,VERBATIM truth,6,1
cold,fully_true,GIST truth,7,1
cold,fully_true,VERBATIM truth,6,1
cold,fully_true,GIST truth,7,1
cold,fully_true,VERBATIM truth,6,1
cold,fully_true,GIST truth,7,1
cold,fully_true,VERBATIM truth,6,1
cold,fully_true,GIST truth,7,1
cold,fully_true,VERBATIM truth,6,1
cold,fully_true,GIST truth,7,1
cold,fully_true,VERBATIM truth,6,1
cold,fully_true,GIST truth,7,1
cold,fully_true,VERBATIM truth,6,1
cold,fully_true,GIST truth,7,1
cold,fully_true,VERBATIM truth,6,1
cold,fully_true,GIST truth,7,1
cold,fully_true,VERBATIM truth,6,1
cold,fully_true,GIST truth,7,1
cold,fully_true,VERBATIM truth,6,1
cold,fully_true,GIST truth,7,1
cold,fully_true,VERBATIM truth,6,1
cold,fully_true,GIST truth,7,1
cold,fully_true,VERBATIM truth,6,1
cold,fully_true,GIST truth,7,1
cold,fully_true,VERBATIM truth,6,1
cold,fully_true,GIST truth,7,1
cold,fully_true,VERBATIM truth,7,1
cold,fully_true,GIST truth,7,1
cold,fully_true,VERBATIM truth,7,1
cold,fully_true,GIST truth,7,1
cold,fully_true,VERBATIM truth,7,1
cold,fully_true,GIST truth,7,1
cold,fully_true,VERBATIM truth,7,1
cold,fully_true,GIST truth,7,1
cold,fully_true,VERBATIM truth,7,1
cold,fully_true,GIST truth,7,1
cold,fully_true,VERBATIM truth,7,1
cold,fully_true,GIST truth,7,1
cold,fully_true,VERBATIM truth,7,1
cold,fully_true,GIST truth,7,1
cold,fully_true,VERBATIM truth,7,1
cold,fully_true,GIST truth,7,1
cold,fully_true,VERBATIM truth,7,1
cold,fully_true,GIST truth,7,1
cold,fully_true,VERBATIM truth,7,1
cold,palter,GIST truth,2,3
cold,palter,VERBATIM truth,5,3
cold,palter,GIST truth,2,3
cold,palter,VERBATIM truth,5,3
cold,palter,GIST truth,2,3
cold,palter,VERBATIM truth,4,3
cold,palter,GIST truth,2,3
cold,palter,VERBATIM truth,4,3
cold,palter,GIST truth,2,3
cold,palter,VERBATIM truth,5,3
cold,palter,GIST truth,2,2
cold,palter,VERBATIM truth,5,2
cold,palter,GIST truth,2,3
cold,palter,VERBATIM truth,4,3
cold,palter,GIST truth,2,3
cold,palter,VERBATIM truth,4,3
cold,palter,GIST truth,2,3
cold,palter,VERBATIM truth,6,3
cold,palter,GIST truth,2,3
cold,palter,VERBATIM truth,3,3
cold,palter,GIST truth,2,5
cold,palter,VERBATIM truth,5,5
cold,palter,GIST truth,2,5
cold,palter,VERBATIM truth,5,5
cold,palter,GIST truth,2,4
cold,palter,VERBATIM truth,5,4
cold,palter,GIST truth,2,4
cold,palter,VERBATIM truth,5,4
cold,palter,GIST truth,2,4
cold,palter,VERBATIM truth,5,4
cold,palter,GIST truth,2,4
cold,palter,VERBATIM truth,5,4
cold,palter,GIST truth,2,5
cold,palter,VERBATIM truth,5,5
cold,palter,GIST truth,2,4
cold,palter,VERBATIM truth,5,4
cold,palter,GIST truth,2,5
cold,palter,VERBATIM truth,5,5
cold,palter,GIST truth,2,5
cold,palter,VERBATIM truth,5,5
cold,palter,GIST truth,2,2
cold,palter,VERBATIM truth,7,2
cold,palter,GIST truth,2,2
cold,palter,VERBATIM truth,7,2
cold,palter,GIST truth,2,1
cold,palter,VERBATIM truth,7,1
cold,palter,GIST truth,2,2
cold,palter,VERBATIM truth,7,2
cold,palter,GIST truth,2,1
cold,palter,VERBATIM truth,7,1
cold,palter,GIST truth,2,2
cold,palter,VERBATIM truth,7,2
cold,palter,GIST truth,2,2
cold,palter,VERBATIM truth,7,2
cold,palter,GIST truth,2,2
cold,palter,VERBATIM truth,7,2
cold,palter,GIST truth,2,1
cold,palter,VERBATIM truth,7,1
cold,palter,GIST truth,2,2
cold,palter,VERBATIM truth,7,2
cold,truthy_falsehood,GIST truth,6,2
cold,truthy_falsehood,VERBATIM truth,3,2
cold,truthy_falsehood,GIST truth,7,2
cold,truthy_falsehood,VERBATIM truth,2,2
cold,truthy_falsehood,GIST truth,7,1
cold,truthy_falsehood,VERBATIM truth,3,1
cold,truthy_falsehood,GIST truth,7,2
cold,truthy_falsehood,VERBATIM truth,3,2
cold,truthy_falsehood,GIST truth,7,2
cold,truthy_falsehood,VERBATIM truth,3,2
cold,truthy_falsehood,GIST truth,7,1
cold,truthy_falsehood,VERBATIM truth,3,1
cold,truthy_falsehood,GIST truth,6,1
cold,truthy_falsehood,VERBATIM truth,2,1
cold,truthy_falsehood,GIST truth,7,2
cold,truthy_falsehood,VERBATIM truth,3,2
cold,truthy_falsehood,GIST truth,7,2
cold,truthy_falsehood,VERBATIM truth,3,2
cold,truthy_falsehood,GIST truth,6,2
cold,truthy_falsehood,VERBATIM truth,3,2
cold,truthy_falsehood,GIST truth,6,3
cold,truthy_falsehood,VERBATIM truth,2,3
cold,truthy_falsehood,GIST truth,6,2
cold,truthy_falsehood,VERBATIM truth,2,2
cold,truthy_falsehood,GIST truth,6,2
cold,truthy_falsehood,VERBATIM truth,2,2
cold,truthy_falsehood,GIST truth,6,2
cold,truthy_falsehood,VERBATIM truth,2,2
cold,truthy_falsehood,GIST truth,6,2
cold,truthy_falsehood,VERBATIM truth,2,2
cold,truthy_falsehood,GIST truth,6,2
cold,truthy_falsehood,VERBATIM truth,2,2
cold,truthy_falsehood,GIST truth,6,2
cold,truthy_falsehood,VERBATIM truth,2,2
cold,truthy_falsehood,GIST truth,6,2
cold,truthy_falsehood,VERBATIM truth,2,2
cold,truthy_falsehood,GIST truth,6,3
cold,truthy_falsehood,VERBATIM truth,2,3
cold,truthy_falsehood,GIST truth,6,3
cold,truthy_falsehood,VERBATIM truth,2,3
cold,truthy_falsehood,GIST truth,7,1
cold,truthy_falsehood,VERBATIM truth,2,1
cold,truthy_falsehood,GIST truth,7,1
cold,truthy_falsehood,VERBATIM truth,2,1
cold,truthy_falsehood,GIST truth,7,1
cold,truthy_falsehood,VERBATIM truth,3,1
cold,truthy_falsehood,GIST truth,7,1
cold,truthy_falsehood,VERBATIM truth,3,1
cold,truthy_falsehood,GIST truth,7,1
cold,truthy_falsehood,VERBATIM truth,2,1
cold,truthy_falsehood,GIST truth,7,1
cold,truthy_falsehood,VERBATIM truth,2,1
cold,truthy_falsehood,GIST truth,7,1
cold,truthy_falsehood,VERBATIM truth,3,1
cold,truthy_falsehood,GIST truth,7,1
cold,truthy_falsehood,VERBATIM truth,2,1
cold,truthy_falsehood,GIST truth,7,1
cold,truthy_falsehood,VERBATIM truth,3,1
cold,truthy_falsehood,GIST truth,7,1
cold,truthy_falsehood,VERBATIM truth,2,1
cold,blatant_falsehood,GIST truth,1,5
cold,blatant_falsehood,VERBATIM truth,1,5
cold,blatant_falsehood,GIST truth,1,5
cold,blatant_falsehood,VERBATIM truth,1,5
cold,blatant_falsehood,GIST truth,1,5
cold,blatant_falsehood,VERBATIM truth,1,5
cold,blatant_falsehood,GIST truth,1,5
cold,blatant_falsehood,VERBATIM truth,1,5
cold,blatant_falsehood,GIST truth,1,5
cold,blatant_falsehood,VERBATIM truth,1,5
cold,blatant_falsehood,GIST truth,1,5
cold,blatant_falsehood,VERBATIM truth,1,5
cold,blatant_falsehood,GIST truth,1,5
cold,blatant_falsehood,VERBATIM truth,1,5
cold,blatant_falsehood,GIST truth,1,5
cold,blatant_falsehood,VERBATIM truth,1,5
cold,blatant_falsehood,GIST truth,1,5
cold,blatant_falsehood,VERBATIM truth,1,5
cold,blatant_falsehood,GIST truth,1,5
cold,blatant_falsehood,VERBATIM truth,1,5
cold,blatant_falsehood,GIST truth,1,6
cold,blatant_falsehood,VERBATIM truth,1,6
cold,blatant_falsehood,GIST truth,1,6
cold,blatant_falsehood,VERBATIM truth,1,6
cold,blatant_falsehood,GIST truth,1,6
cold,blatant_falsehood,VERBATIM truth,1,6
cold,blatant_falsehood,GIST truth,1,6
cold,blatant_falsehood,VERBATIM truth,1,6
cold,blatant_falsehood,GIST truth,1,6
cold,blatant_falsehood,VERBATIM truth,1,6
cold,blatant_falsehood,GIST truth,1,6
cold,blatant_falsehood,VERBATIM truth,1,6
cold,blatant_falsehood,GIST truth,1,6
cold,blatant_falsehood,VERBATIM truth,1,6
cold,blatant_falsehood,GIST truth,1,6
cold,blatant_falsehood,VERBATIM truth,1,6
cold,blatant_falsehood,GIST truth,1,6
cold,blatant_falsehood,VERBATIM truth,1,6
cold,blatant_falsehood,GIST truth,1,6
cold,blatant_falsehood,VERBATIM truth,1,6
cold,blatant_falsehood,GIST truth,1,6
cold,blatant_falsehood,VERBATIM truth,1,6
cold,blatant_falsehood,GIST truth,1,6
cold,blatant_falsehood,VERBATIM truth,1,6
cold,blatant_falsehood,GIST truth,1,5
cold,blatant_falsehood,VERBATIM truth,1,5
cold,blatant_falsehood,GIST truth,1,5
cold,blatant_falsehood,VERBATIM truth,1,5
cold,blatant_falsehood,GIST truth,1,4
cold,blatant_falsehood,VERBATIM truth,1,4
cold,blatant_falsehood,GIST truth,1,5
cold,blatant_falsehood,VERBATIM truth,1,5
cold,blatant_falsehood,GIST truth,1,5
cold,blatant_falsehood,VERBATIM truth,1,5
cold,blatant_falsehood,GIST truth,1,4
cold,blatant_falsehood,VERBATIM truth,1,4
cold,blatant_falsehood,GIST truth,1,4
cold,blatant_falsehood,VERBATIM truth,1,4
cold,blatant_falsehood,GIST truth,1,5
cold,blatant_falsehood,VERBATIM truth,1,5
cold,fully_true,GIST truth,7,1
cold,fully_true,VERBATIM truth,7,1
cold,fully_true,GIST truth,7,1
cold,fully_true,VERBATIM truth,7,1
cold,fully_true,GIST truth,7,1
cold,fully_true,VERBATIM truth,7,1
cold,fully_true,GIST truth,7,1
cold,fully_true,VERBATIM truth,7,1
cold,fully_true,GIST truth,6,1
cold,fully_true,VERBATIM truth,7,1
cold,fully_true,GIST truth,7,1
cold,fully_true,VERBATIM truth,7,1
cold,fully_true,GIST truth,7,1
cold,fully_true,VERBATIM truth,7,1
cold,fully_true,GIST truth,7,1
cold,fully_true,VERBATIM truth,7,1
cold,fully_true,GIST truth,7,1
cold,fully_true,VERBATIM truth,7,1
cold,fully_true,GIST truth,7,1
cold,fully_true,VERBATIM truth,7,1
cold,fully_true,GIST truth,6,1
cold,fully_true,VERBATIM truth,7,1
cold,fully_true,GIST truth,6,1
cold,fully_true,VERBATIM truth,7,1
cold,fully_true,GIST truth,6,1
cold,fully_true,VERBATIM truth,7,1
cold,fully_true,GIST truth,6,1
cold,fully_true,VERBATIM truth,7,1
cold,fully_true,GIST truth,6,1
cold,fully_true,VERBATIM truth,7,1
cold,fully_true,GIST truth,6,1
cold,fully_true,VERBATIM truth,7,1
cold,fully_true,GIST truth,6,1
cold,fully_true,VERBATIM truth,7,1
cold,fully_true,GIST truth,6,1
cold,fully_true,VERBATIM truth,7,1
cold,fully_true,GIST truth,6,1
cold,fully_true,VERBATIM truth,7,1
cold,fully_true,GIST truth,6,1
cold,fully_true,VERBATIM truth,7,1
cold,fully_true,GIST truth,7,1
cold,fully_true,VERBATIM truth,7,1
cold,fully_true,GIST truth,7,1
cold,fully_true,VERBATIM truth,7,1
cold,fully_true,GIST truth,7,1
cold,fully_true,VERBATIM truth,7,1
cold,fully_true,GIST truth,7,1
cold,fully_true,VERBATIM truth,7,1
cold,fully_true,GIST truth,7,1
cold,fully_true,VERBATIM truth,7,1
cold,fully_true,GIST truth,7,1
cold,fully_true,VERBATIM truth,7,1
cold,fully_true,GIST truth,7,1
cold,fully_true,VERBATIM truth,7,1
cold,fully_true,GIST truth,7,1
cold,fully_true,VERBATIM truth,7,1
cold,fully_true,GIST truth,7,1
cold,fully_true,VERBATIM truth,7,1
cold,fully_true,GIST truth,7,1
cold,fully_true,VERBATIM truth,7,1
cold,palter,GIST truth,4,1
cold,palter,VERBATIM truth,6,1
cold,palter,GIST truth,5,2
cold,palter,VERBATIM truth,6,2
cold,palter,GIST truth,4,2
cold,palter,VERBATIM truth,6,2
cold,palter,GIST truth,4,2
cold,palter,VERBATIM truth,6,2
cold,palter,GIST truth,5,1
cold,palter,VERBATIM truth,6,1
cold,palter,GIST truth,3,2
cold,palter,VERBATIM truth,6,2
cold,palter,GIST truth,5,1
cold,palter,VERBATIM truth,7,1
cold,palter,GIST truth,5,2
cold,palter,VERBATIM truth,7,2
cold,palter,GIST truth,5,1
cold,palter,VERBATIM truth,6,1
cold,palter,GIST truth,4,1
cold,palter,VERBATIM truth,6,1
cold,palter,GIST truth,3,3
cold,palter,VERBATIM truth,5,3
cold,palter,GIST truth,3,3
cold,palter,VERBATIM truth,5,3
cold,palter,GIST truth,3,3
cold,palter,VERBATIM truth,5,3
cold,palter,GIST truth,3,3
cold,palter,VERBATIM truth,5,3
cold,palter,GIST truth,3,3
cold,palter,VERBATIM truth,5,3
cold,palter,GIST truth,3,3
cold,palter,VERBATIM truth,5,3
cold,palter,GIST truth,3,3
cold,palter,VERBATIM truth,4,3
cold,palter,GIST truth,3,3
cold,palter,VERBATIM truth,5,3
cold,palter,GIST truth,3,3
cold,palter,VERBATIM truth,5,3
cold,palter,GIST truth,3,3
cold,palter,VERBATIM truth,5,3
cold,palter,GIST truth,7,1
cold,palter,VERBATIM truth,7,1
cold,palter,GIST truth,7,1
cold,palter,VERBATIM truth,7,1
cold,palter,GIST truth,7,1
cold,palter,VERBATIM truth,7,1
cold,palter,GIST truth,7,1
cold,palter,VERBATIM truth,7,1
cold,palter,GIST truth,7,1
cold,palter,VERBATIM truth,7,1
cold,palter,GIST truth,7,1
cold,palter,VERBATIM truth,7,1
cold,palter,GIST truth,7,1
cold,palter,VERBATIM truth,7,1
cold,palter,GIST truth,7,1
cold,palter,VERBATIM truth,7,1
cold,palter,GIST truth,7,1
cold,palter,VERBATIM truth,7,1
cold,palter,GIST truth,7,1
cold,palter,VERBATIM truth,7,1
cold,truthy_falsehood,GIST truth,3,2
cold,truthy_falsehood,VERBATIM truth,2,2
cold,truthy_falsehood,GIST truth,3,2
cold,truthy_falsehood,VERBATIM truth,2,2
cold,truthy_falsehood,GIST truth,2,2
cold,truthy_falsehood,VERBATIM truth,1,2
cold,truthy_falsehood,GIST truth,2,2
cold,truthy_falsehood,VERBATIM truth,1,2
cold,truthy_falsehood,GIST truth,2,1
cold,truthy_falsehood,VERBATIM truth,1,1
cold,truthy_falsehood,GIST truth,3,2
cold,truthy_falsehood,VERBATIM truth,1,2
cold,truthy_falsehood,GIST truth,3,2
cold,truthy_falsehood,VERBATIM truth,1,2
cold,truthy_falsehood,GIST truth,3,2
cold,truthy_falsehood,VERBATIM truth,1,2
cold,truthy_falsehood,GIST truth,2,2
cold,truthy_falsehood,VERBATIM truth,1,2
cold,truthy_falsehood,GIST truth,3,2
cold,truthy_falsehood,VERBATIM truth,2,2
cold,truthy_falsehood,GIST truth,3,4
cold,truthy_falsehood,VERBATIM truth,1,4
cold,truthy_falsehood,GIST truth,3,3
cold,truthy_falsehood,VERBATIM truth,1,3
cold,truthy_falsehood,GIST truth,4,3
cold,truthy_falsehood,VERBATIM truth,2,3
cold,truthy_falsehood,GIST truth,4,3
cold,truthy_falsehood,VERBATIM truth,2,3
cold,truthy_falsehood,GIST truth,5,3
cold,truthy_falsehood,VERBATIM truth,2,3
cold,truthy_falsehood,GIST truth,4,3
cold,truthy_falsehood,VERBATIM truth,2,3
cold,truthy_falsehood,GIST truth,5,3
cold,truthy_falsehood,VERBATIM truth,2,3
cold,truthy_falsehood,GIST truth,4,3
cold,truthy_falsehood,VERBATIM truth,2,3
cold,truthy_falsehood,GIST truth,4,3
cold,truthy_falsehood,VERBATIM truth,2,3
cold,truthy_falsehood,GIST truth,4,3
cold,truthy_falsehood,VERBATIM truth,2,3
cold,truthy_falsehood,GIST truth,1,1
cold,truthy_falsehood,VERBATIM truth,1,1
cold,truthy_falsehood,GIST truth,1,1
cold,truthy_falsehood,VERBATIM truth,1,1
cold,truthy_falsehood,GIST truth,1,1
cold,truthy_falsehood,VERBATIM truth,1,1
cold,truthy_falsehood,GIST truth,2,1
cold,truthy_falsehood,VERBATIM truth,1,1
cold,truthy_falsehood,GIST truth,1,1
cold,truthy_falsehood,VERBATIM truth,1,1
cold,truthy_falsehood,GIST truth,1,1
cold,truthy_falsehood,VERBATIM truth,1,1
cold,truthy_falsehood,GIST truth,1,1
cold,truthy_falsehood,VERBATIM truth,1,1
cold,truthy_falsehood,GIST truth,1,1
cold,truthy_falsehood,VERBATIM truth,1,1
cold,truthy_falsehood,GIST truth,1,1
cold,truthy_falsehood,VERBATIM truth,1,1
cold,truthy_falsehood,GIST truth,1,1
cold,truthy_falsehood,VERBATIM truth,1,1
cold,blatant_falsehood,GIST truth,1,6
cold,blatant_falsehood,VERBATIM truth,1,6
cold,blatant_falsehood,GIST truth,1,6
cold,blatant_falsehood,VERBATIM truth,1,6
cold,blatant_falsehood,GIST truth,1,6
cold,blatant_falsehood,VERBATIM truth,1,6
cold,blatant_falsehood,GIST truth,1,6
cold,blatant_falsehood,VERBATIM truth,1,6
cold,blatant_falsehood,GIST truth,1,6
cold,blatant_falsehood,VERBATIM truth,1,6
cold,blatant_falsehood,GIST truth,1,6
cold,blatant_falsehood,VERBATIM truth,1,6
cold,blatant_falsehood,GIST truth,1,6
cold,blatant_falsehood,VERBATIM truth,1,6
cold,blatant_falsehood,GIST truth,1,6
cold,blatant_falsehood,VERBATIM truth,1,6
cold,blatant_falsehood,GIST truth,1,6
cold,blatant_falsehood,VERBATIM truth,1,6
cold,blatant_falsehood,GIST truth,1,6
cold,blatant_falsehood,VERBATIM truth,1,6
cold,blatant_falsehood,GIST truth,1,6
cold,blatant_falsehood,VERBATIM truth,1,6
cold,blatant_falsehood,GIST truth,1,6
cold,blatant_falsehood,VERBATIM truth,1,6
cold,blatant_falsehood,GIST truth,1,6
cold,blatant_falsehood,VERBATIM truth,1,6
cold,blatant_falsehood,GIST truth,1,6
cold,blatant_falsehood,VERBATIM truth,1,6
cold,blatant_falsehood,GIST truth,1,6
cold,blatant_falsehood,VERBATIM truth,1,6
cold,blatant_falsehood,GIST truth,1,6
cold,blatant_falsehood,VERBATIM truth,1,6
cold,blatant_falsehood,GIST truth,1,6
cold,blatant_falsehood,VERBATIM truth,1,6
cold,blatant_falsehood,GIST truth,1,6
cold,blatant_falsehood,VERBATIM truth,1,6
cold,blatant_falsehood,GIST truth,1,6
cold,blatant_falsehood,VERBATIM truth,1,6
cold,blatant_falsehood,GIST truth,1,6
cold,blatant_falsehood,VERBATIM truth,1,6
cold,blatant_falsehood,GIST truth,1,4
cold,blatant_falsehood,VERBATIM truth,1,4
cold,blatant_falsehood,GIST truth,1,4
cold,blatant_falsehood,VERBATIM truth,1,4
cold,blatant_falsehood,GIST truth,1,1
cold,blatant_falsehood,VERBATIM truth,1,1
cold,blatant_falsehood,GIST truth,1,1
cold,blatant_falsehood,VERBATIM truth,1,1
cold,blatant_falsehood,GIST truth,1,4
cold,blatant_falsehood,VERBATIM truth,1,4
cold,blatant_falsehood,GIST truth,1,4
cold,blatant_falsehood,VERBATIM truth,1,4
cold,blatant_falsehood,GIST truth,1,4
cold,blatant_falsehood,VERBATIM truth,1,4
cold,blatant_falsehood,GIST truth,1,4
cold,blatant_falsehood,VERBATIM truth,1,4
cold,blatant_falsehood,GIST truth,1,1
cold,blatant_falsehood,VERBATIM truth,1,1
cold,blatant_falsehood,GIST truth,1,1
cold,blatant_falsehood,VERBATIM truth,1,1
cold,fully_true,GIST truth,7,1
cold,fully_true,VERBATIM truth,6,1
cold,fully_true,GIST truth,7,1
cold,fully_true,VERBATIM truth,6,1
cold,fully_true,GIST truth,7,1
cold,fully_true,VERBATIM truth,6,1
cold,fully_true,GIST truth,7,1
cold,fully_true,VERBATIM truth,6,1
cold,fully_true,GIST truth,7,1
cold,fully_true,VERBATIM truth,6,1
cold,fully_true,GIST truth,7,1
cold,fully_true,VERBATIM truth,6,1
cold,fully_true,GIST truth,7,1
cold,fully_true,VERBATIM truth,6,1
cold,fully_true,GIST truth,7,1
cold,fully_true,VERBATIM truth,6,1
cold,fully_true,GIST truth,7,1
cold,fully_true,VERBATIM truth,6,1
cold,fully_true,GIST truth,7,1
cold,fully_true,VERBATIM truth,6,1
cold,fully_true,GIST truth,6,1
cold,fully_true,VERBATIM truth,5,1
cold,fully_true,GIST truth,7,1
cold,fully_true,VERBATIM truth,5,1
cold,fully_true,GIST truth,6,1
cold,fully_true,VERBATIM truth,5,1
cold,fully_true,GIST truth,6,1
cold,fully_true,VERBATIM truth,5,1
cold,fully_true,GIST truth,6,1
cold,fully_true,VERBATIM truth,5,1
cold,fully_true,GIST truth,7,1
cold,fully_true,VERBATIM truth,5,1
cold,fully_true,GIST truth,6,1
cold,fully_true,VERBATIM truth,5,1
cold,fully_true,GIST truth,6,1
cold,fully_true,VERBATIM truth,5,1
cold,fully_true,GIST truth,6,1
cold,fully_true,VERBATIM truth,5,1
cold,fully_true,GIST truth,7,1
cold,fully_true,VERBATIM truth,6,1
cold,fully_true,GIST truth,7,1
cold,fully_true,VERBATIM truth,6,1
cold,fully_true,GIST truth,7,1
cold,fully_true,VERBATIM truth,6,1
cold,fully_true,GIST truth,7,1
cold,fully_true,VERBATIM truth,7,1
cold,fully_true,GIST truth,7,1
cold,fully_true,VERBATIM truth,6,1
cold,fully_true,GIST truth,7,1
cold,fully_true,VERBATIM truth,7,1
cold,fully_true,GIST truth,7,1
cold,fully_true,VERBATIM truth,7,1
cold,fully_true,GIST truth,7,1
cold,fully_true,VERBATIM truth,6,1
cold,fully_true,GIST truth,7,1
cold,fully_true,VERBATIM truth,7,1
cold,fully_true,GIST truth,7,1
cold,fully_true,VERBATIM truth,7,1
cold,fully_true,GIST truth,7,1
cold,fully_true,VERBATIM truth,6,1
cold,palter,GIST truth,2,1
cold,palter,VERBATIM truth,7,1
cold,palter,GIST truth,2,2
cold,palter,VERBATIM truth,7,2
cold,palter,GIST truth,4,1
cold,palter,VERBATIM truth,6,1
cold,palter,GIST truth,5,1
cold,palter,VERBATIM truth,6,1
cold,palter,GIST truth,3,1
cold,palter,VERBATIM truth,6,1
cold,palter,GIST truth,2,2
cold,palter,VERBATIM truth,7,2
cold,palter,GIST truth,3,1
cold,palter,VERBATIM truth,7,1
cold,palter,GIST truth,3,1
cold,palter,VERBATIM truth,7,1
cold,palter,GIST truth,4,1
cold,palter,VERBATIM truth,7,1
cold,palter,GIST truth,3,1
cold,palter,VERBATIM truth,7,1
cold,palter,GIST truth,2,3
cold,palter,VERBATIM truth,6,3
cold,palter,GIST truth,2,3
cold,palter,VERBATIM truth,6,3
cold,palter,GIST truth,2,3
cold,palter,VERBATIM truth,6,3
cold,palter,GIST truth,2,3
cold,palter,VERBATIM truth,6,3
cold,palter,GIST truth,3,3
cold,palter,VERBATIM truth,7,3
cold,palter,GIST truth,2,4
cold,palter,VERBATIM truth,6,4
cold,palter,GIST truth,2,3
cold,palter,VERBATIM truth,6,3
cold,palter,GIST truth,2,3
cold,palter,VERBATIM truth,6,3
cold,palter,GIST truth,2,3
cold,palter,VERBATIM truth,6,3
cold,palter,GIST truth,2,4
cold,palter,VERBATIM truth,6,4
cold,palter,GIST truth,3,1
cold,palter,VERBATIM truth,7,1
cold,palter,GIST truth,3,1
cold,palter,VERBATIM truth,7,1
cold,palter,GIST truth,2,1
cold,palter,VERBATIM truth,7,1
cold,palter,GIST truth,3,1
cold,palter,VERBATIM truth,7,1
cold,palter,GIST truth,3,1
cold,palter,VERBATIM truth,7,1
cold,palter,GIST truth,2,1
cold,palter,VERBATIM truth,7,1
cold,palter,GIST truth,2,1
cold,palter,VERBATIM truth,7,1
cold,palter,GIST truth,3,1
cold,palter,VERBATIM truth,7,1
cold,palter,GIST truth,3,1
cold,palter,VERBATIM truth,7,1
cold,palter,GIST truth,3,1
cold,palter,VERBATIM truth,7,1
cold,truthy_falsehood,GIST truth,6,2
cold,truthy_falsehood,VERBATIM truth,2,2
cold,truthy_falsehood,GIST truth,6,2
cold,truthy_falsehood,VERBATIM truth,2,2
cold,truthy_falsehood,GIST truth,5,2
cold,truthy_falsehood,VERBATIM truth,2,2
cold,truthy_falsehood,GIST truth,6,2
cold,truthy_falsehood,VERBATIM truth,2,2
cold,truthy_falsehood,GIST truth,5,2
cold,truthy_falsehood,VERBATIM truth,2,2
cold,truthy_falsehood,GIST truth,6,1
cold,truthy_falsehood,VERBATIM truth,2,1
cold,truthy_falsehood,GIST truth,6,2
cold,truthy_falsehood,VERBATIM truth,2,2
cold,truthy_falsehood,GIST truth,6,2
cold,truthy_falsehood,VERBATIM truth,2,2
cold,truthy_falsehood,GIST truth,6,2
cold,truthy_falsehood,VERBATIM truth,2,2
cold,truthy_falsehood,GIST truth,6,2
cold,truthy_falsehood,VERBATIM truth,2,2
cold,truthy_falsehood,GIST truth,5,3
cold,truthy_falsehood,VERBATIM truth,3,3
cold,truthy_falsehood,GIST truth,5,3
cold,truthy_falsehood,VERBATIM truth,3,3
cold,truthy_falsehood,GIST truth,5,3
cold,truthy_falsehood,VERBATIM truth,3,3
cold,truthy_falsehood,GIST truth,6,2
cold,truthy_falsehood,VERBATIM truth,3,2
cold,truthy_falsehood,GIST truth,5,3
cold,truthy_falsehood,VERBATIM truth,3,3
cold,truthy_falsehood,GIST truth,5,3
cold,truthy_falsehood,VERBATIM truth,3,3
cold,truthy_falsehood,GIST truth,6,3
cold,truthy_falsehood,VERBATIM truth,3,3
cold,truthy_falsehood,GIST truth,5,3
cold,truthy_falsehood,VERBATIM truth,3,3
cold,truthy_falsehood,GIST truth,5,3
cold,truthy_falsehood,VERBATIM truth,3,3
cold,truthy_falsehood,GIST truth,5,3
cold,truthy_falsehood,VERBATIM truth,3,3
cold,truthy_falsehood,GIST truth,5,1
cold,truthy_falsehood,VERBATIM truth,2,1
cold,truthy_falsehood,GIST truth,5,1
cold,truthy_falsehood,VERBATIM truth,3,1
cold,truthy_falsehood,GIST truth,5,1
cold,truthy_falsehood,VERBATIM truth,2,1
cold,truthy_falsehood,GIST truth,5,1
cold,truthy_falsehood,VERBATIM truth,3,1
cold,truthy_falsehood,GIST truth,5,1
cold,truthy_falsehood,VERBATIM truth,2,1
cold,truthy_falsehood,GIST truth,5,1
cold,truthy_falsehood,VERBATIM truth,3,1
cold,truthy_falsehood,GIST truth,5,1
cold,truthy_falsehood,VERBATIM truth,2,1
cold,truthy_falsehood,GIST truth,5,1
cold,truthy_falsehood,VERBATIM truth,3,1
cold,truthy_falsehood,GIST truth,5,1
cold,truthy_falsehood,VERBATIM truth,2,1
cold,truthy_falsehood,GIST truth,5,1
cold,truthy_falsehood,VERBATIM truth,3,1
cold,blatant_falsehood,GIST truth,1,3
cold,blatant_falsehood,VERBATIM truth,2,3
cold,blatant_falsehood,GIST truth,1,3
cold,blatant_falsehood,VERBATIM truth,2,3
cold,blatant_falsehood,GIST truth,1,3
cold,blatant_falsehood,VERBATIM truth,2,3
cold,blatant_falsehood,GIST truth,1,3
cold,blatant_falsehood,VERBATIM truth,2,3
cold,blatant_falsehood,GIST truth,1,3
cold,blatant_falsehood,VERBATIM truth,2,3
cold,blatant_falsehood,GIST truth,1,3
cold,blatant_falsehood,VERBATIM truth,1,3
cold,blatant_falsehood,GIST truth,1,3
cold,blatant_falsehood,VERBATIM truth,2,3
cold,blatant_falsehood,GIST truth,1,4
cold,blatant_falsehood,VERBATIM truth,1,4
cold,blatant_falsehood,GIST truth,1,4
cold,blatant_falsehood,VERBATIM truth,1,4
cold,blatant_falsehood,GIST truth,1,4
cold,blatant_falsehood,VERBATIM truth,2,4
cold,blatant_falsehood,GIST truth,1,5
cold,blatant_falsehood,VERBATIM truth,1,5
cold,blatant_falsehood,GIST truth,1,5
cold,blatant_falsehood,VERBATIM truth,1,5
cold,blatant_falsehood,GIST truth,1,5
cold,blatant_falsehood,VERBATIM truth,1,5
cold,blatant_falsehood,GIST truth,1,5
cold,blatant_falsehood,VERBATIM truth,1,5
cold,blatant_falsehood,GIST truth,1,5
cold,blatant_falsehood,VERBATIM truth,1,5
cold,blatant_falsehood,GIST truth,1,5
cold,blatant_falsehood,VERBATIM truth,1,5
cold,blatant_falsehood,GIST truth,1,5
cold,blatant_falsehood,VERBATIM truth,1,5
cold,blatant_falsehood,GIST truth,1,5
cold,blatant_falsehood,VERBATIM truth,1,5
cold,blatant_falsehood,GIST truth,1,5
cold,blatant_falsehood,VERBATIM truth,1,5
cold,blatant_falsehood,GIST truth,1,5
cold,blatant_falsehood,VERBATIM truth,1,5
cold,blatant_falsehood,GIST truth,1,1
cold,blatant_falsehood,VERBATIM truth,2,1
cold,blatant_falsehood,GIST truth,1,1
cold,blatant_falsehood,VERBATIM truth,1,1
cold,blatant_falsehood,GIST truth,2,1
cold,blatant_falsehood,VERBATIM truth,2,1
cold,blatant_falsehood,GIST truth,1,1
cold,blatant_falsehood,VERBATIM truth,1,1
cold,blatant_falsehood,GIST truth,1,1
cold,blatant_falsehood,VERBATIM truth,1,1
cold,blatant_falsehood,GIST truth,1,1
cold,blatant_falsehood,VERBATIM truth,1,1
cold,blatant_falsehood,GIST truth,1,1
cold,blatant_falsehood,VERBATIM truth,1,1
cold,blatant_falsehood,GIST truth,1,1
cold,blatant_falsehood,VERBATIM truth,2,1
cold,blatant_falsehood,GIST truth,1,1
cold,blatant_falsehood,VERBATIM truth,1,1
cold,blatant_falsehood,GIST truth,1,1
cold,blatant_falsehood,VERBATIM truth,1,1
cold,fully_true,GIST truth,7,1
cold,fully_true,VERBATIM truth,7,1
cold,fully_true,GIST truth,7,1
cold,fully_true,VERBATIM truth,7,1
cold,fully_true,GIST truth,7,1
cold,fully_true,VERBATIM truth,7,1
cold,fully_true,GIST truth,7,1
cold,fully_true,VERBATIM truth,7,1
cold,fully_true,GIST truth,7,1
cold,fully_true,VERBATIM truth,7,1
cold,fully_true,GIST truth,7,1
cold,fully_true,VERBATIM truth,7,1
cold,fully_true,GIST truth,7,1
cold,fully_true,VERBATIM truth,7,1
cold,fully_true,GIST truth,7,1
cold,fully_true,VERBATIM truth,7,1
cold,fully_true,GIST truth,7,1
cold,fully_true,VERBATIM truth,7,1
cold,fully_true,GIST truth,7,1
cold,fully_true,VERBATIM truth,7,1
cold,fully_true,GIST truth,7,1
cold,fully_true,VERBATIM truth,6,1
cold,fully_true,GIST truth,7,1
cold,fully_true,VERBATIM truth,6,1
cold,fully_true,GIST truth,7,1
cold,fully_true,VERBATIM truth,6,1
cold,fully_true,GIST truth,7,1
cold,fully_true,VERBATIM truth,6,1
cold,fully_true,GIST truth,7,1
cold,fully_true,VERBATIM truth,6,1
cold,fully_true,GIST truth,7,1
cold,fully_true,VERBATIM truth,6,1
cold,fully_true,GIST truth,7,1
cold,fully_true,VERBATIM truth,6,1
cold,fully_true,GIST truth,7,1
cold,fully_true,VERBATIM truth,6,1
cold,fully_true,GIST truth,7,1
cold,fully_true,VERBATIM truth,6,1
cold,fully_true,GIST truth,7,1
cold,fully_true,VERBATIM truth,6,1
cold,fully_true,GIST truth,7,1
cold,fully_true,VERBATIM truth,7,1
cold,fully_true,GIST truth,7,1
cold,fully_true,VERBATIM truth,7,1
cold,fully_true,GIST truth,7,1
cold,fully_true,VERBATIM truth,7,1
cold,fully_true,GIST truth,7,1
cold,fully_true,VERBATIM truth,7,1
cold,fully_true,GIST truth,7,1
cold,fully_true,VERBATIM truth,7,1
cold,fully_true,GIST truth,7,1
cold,fully_true,VERBATIM truth,7,1
cold,fully_true,GIST truth,7,1
cold,fully_true,VERBATIM truth,7,1
cold,fully_true,GIST truth,7,1
cold,fully_true,VERBATIM truth,7,1
cold,fully_true,GIST truth,7,1
cold,fully_true,VERBATIM truth,7,1
cold,fully_true,GIST truth,7,1
cold,fully_true,VERBATIM truth,7,1
cold,palter,GIST truth,4,2
cold,palter,VERBATIM truth,7,2
cold,palter,GIST truth,5,2
cold,palter,VERBATIM truth,7,2
cold,palter,GIST truth,5,2
cold,palter,VERBATIM truth,7,2
cold,palter,GIST truth,5,2
cold,palter,VERBATIM truth,7,2
cold,palter,GIST truth,5,2
cold,palter,VERBATIM truth,7,2
cold,palter,GIST truth,5,2
cold,palter,VERBATIM truth,7,2
cold,palter,GIST truth,5,2
cold,palter,VERBATIM truth,7,2
cold,palter,GIST truth,5,2
cold,palter,VERBATIM truth,7,2
cold,palter,GIST truth,5,2
cold,palter,VERBATIM truth,7,2
cold,palter,GIST truth,4,2
cold,palter,VERBATIM truth,7,2
cold,palter,GIST truth,3,3
cold,palter,VERBATIM truth,6,3
cold,palter,GIST truth,5,3
cold,palter,VERBATIM truth,6,3
cold,palter,GIST truth,3,3
cold,palter,VERBATIM truth,6,3
cold,palter,GIST truth,4,3
cold,palter,VERBATIM truth,6,3
cold,palter,GIST truth,3,3
cold,palter,VERBATIM truth,6,3
cold,palter,GIST truth,4,3
cold,palter,VERBATIM truth,6,3
cold,palter,GIST truth,3,3
cold,palter,VERBATIM truth,6,3
cold,palter,GIST truth,3,4
cold,palter,VERBATIM truth,6,4
cold,palter,GIST truth,3,3
cold,palter,VERBATIM truth,6,3
cold,palter,GIST truth,3,3
cold,palter,VERBATIM truth,6,3
cold,palter,GIST truth,4,1
cold,palter,VERBATIM truth,7,1
cold,palter,GIST truth,5,1
cold,palter,VERBATIM truth,7,1
cold,palter,GIST truth,4,1
cold,palter,VERBATIM truth,7,1
cold,palter,GIST truth,5,2
cold,palter,VERBATIM truth,7,2
cold,palter,GIST truth,5,1
cold,palter,VERBATIM truth,7,1
cold,palter,GIST truth,4,1
cold,palter,VERBATIM truth,7,1
cold,palter,GIST truth,3,2
cold,palter,VERBATIM truth,7,2
cold,palter,GIST truth,4,1
cold,palter,VERBATIM truth,7,1
cold,palter,GIST truth,4,1
cold,palter,VERBATIM truth,7,1
cold,palter,GIST truth,4,1
cold,palter,VERBATIM truth,7,1
cold,truthy_falsehood,GIST truth,6,1
cold,truthy_falsehood,VERBATIM truth,5,1
cold,truthy_falsehood,GIST truth,6,1
cold,truthy_falsehood,VERBATIM truth,6,1
cold,truthy_falsehood,GIST truth,6,1
cold,truthy_falsehood,VERBATIM truth,6,1
cold,truthy_falsehood,GIST truth,6,2
cold,truthy_falsehood,VERBATIM truth,5,2
cold,truthy_falsehood,GIST truth,6,1
cold,truthy_falsehood,VERBATIM truth,5,1
cold,truthy_falsehood,GIST truth,6,1
cold,truthy_falsehood,VERBATIM truth,6,1
cold,truthy_falsehood,GIST truth,6,1
cold,truthy_falsehood,VERBATIM truth,6,1
cold,truthy_falsehood,GIST truth,6,1
cold,truthy_falsehood,VERBATIM truth,6,1
cold,truthy_falsehood,GIST truth,6,1
cold,truthy_falsehood,VERBATIM truth,6,1
cold,truthy_falsehood,GIST truth,6,1
cold,truthy_falsehood,VERBATIM truth,6,1
cold,truthy_falsehood,GIST truth,2,4
cold,truthy_falsehood,VERBATIM truth,6,4
cold,truthy_falsehood,GIST truth,2,3
cold,truthy_falsehood,VERBATIM truth,6,3
cold,truthy_falsehood,GIST truth,2,3
cold,truthy_falsehood,VERBATIM truth,6,3
cold,truthy_falsehood,GIST truth,2,4
cold,truthy_falsehood,VERBATIM truth,6,4
cold,truthy_falsehood,GIST truth,2,3
cold,truthy_falsehood,VERBATIM truth,6,3
cold,truthy_falsehood,GIST truth,2,3
cold,truthy_falsehood,VERBATIM truth,6,3
cold,truthy_falsehood,GIST truth,2,3
cold,truthy_falsehood,VERBATIM truth,6,3
cold,truthy_falsehood,GIST truth,2,3
cold,truthy_falsehood,VERBATIM truth,6,3
cold,truthy_falsehood,GIST truth,2,4
cold,truthy_falsehood,VERBATIM truth,6,4
cold,truthy_falsehood,GIST truth,2,4
cold,truthy_falsehood,VERBATIM truth,6,4
cold,truthy_falsehood,GIST truth,7,1
cold,truthy_falsehood,VERBATIM truth,7,1
cold,truthy_falsehood,GIST truth,7,1
cold,truthy_falsehood,VERBATIM truth,7,1
cold,truthy_falsehood,GIST truth,7,1
cold,truthy_falsehood,VERBATIM truth,7,1
cold,truthy_falsehood,GIST truth,7,1
cold,truthy_falsehood,VERBATIM truth,7,1
cold,truthy_falsehood,GIST truth,7,1
cold,truthy_falsehood,VERBATIM truth,7,1
cold,truthy_falsehood,GIST truth,7,1
cold,truthy_falsehood,VERBATIM truth,7,1
cold,truthy_falsehood,GIST truth,7,1
cold,truthy_falsehood,VERBATIM truth,7,1
cold,truthy_falsehood,GIST truth,7,1
cold,truthy_falsehood,VERBATIM truth,7,1
cold,truthy_falsehood,GIST truth,7,1
cold,truthy_falsehood,VERBATIM truth,7,1
cold,truthy_falsehood,GIST truth,7,1
cold,truthy_falsehood,VERBATIM truth,7,1
cold,blatant_falsehood,GIST truth,1,5
cold,blatant_falsehood,VERBATIM truth,1,5
cold,blatant_falsehood,GIST truth,1,5
cold,blatant_falsehood,VERBATIM truth,1,5
cold,blatant_falsehood,GIST truth,1,4
cold,blatant_falsehood,VERBATIM truth,1,4
cold,blatant_falsehood,GIST truth,1,5
cold,blatant_falsehood,VERBATIM truth,1,5
cold,blatant_falsehood,GIST truth,1,6
cold,blatant_falsehood,VERBATIM truth,1,6
cold,blatant_falsehood,GIST truth,1,5
cold,blatant_falsehood,VERBATIM truth,1,5
cold,blatant_falsehood,GIST truth,1,5
cold,blatant_falsehood,VERBATIM truth,1,5
cold,blatant_falsehood,GIST truth,1,6
cold,blatant_falsehood,VERBATIM truth,1,6
cold,blatant_falsehood,GIST truth,1,6
cold,blatant_falsehood,VERBATIM truth,1,6
cold,blatant_falsehood,GIST truth,1,5
cold,blatant_falsehood,VERBATIM truth,1,5
cold,blatant_falsehood,GIST truth,1,6
cold,blatant_falsehood,VERBATIM truth,1,6
cold,blatant_falsehood,GIST truth,1,6
cold,blatant_falsehood,VERBATIM truth,1,6
cold,blatant_falsehood,GIST truth,1,6
cold,blatant_falsehood,VERBATIM truth,1,6
cold,blatant_falsehood,GIST truth,1,6
cold,blatant_falsehood,VERBATIM truth,1,6
cold,blatant_falsehood,GIST truth,1,6
cold,blatant_falsehood,VERBATIM truth,1,6
cold,blatant_falsehood,GIST truth,1,6
cold,blatant_falsehood,VERBATIM truth,1,6
cold,blatant_falsehood,GIST truth,1,6
cold,blatant_falsehood,VERBATIM truth,1,6
cold,blatant_falsehood,GIST truth,1,6
cold,blatant_falsehood,VERBATIM truth,1,6
cold,blatant_falsehood,GIST truth,1,6
cold,blatant_falsehood,VERBATIM truth,1,6
cold,blatant_falsehood,GIST truth,1,6
cold,blatant_falsehood,VERBATIM truth,1,6
cold,blatant_falsehood,GIST truth,1,5
cold,blatant_falsehood,VERBATIM truth,1,5
cold,blatant_falsehood,GIST truth,1,5
cold,blatant_falsehood,VERBATIM truth,1,5
cold,blatant_falsehood,GIST truth,1,4
cold,blatant_falsehood,VERBATIM truth,1,4
cold,blatant_falsehood,GIST truth,1,5
cold,blatant_falsehood,VERBATIM truth,1,5
cold,blatant_falsehood,GIST truth,1,5
cold,blatant_falsehood,VERBATIM truth,1,5
cold,blatant_falsehood,GIST truth,1,7
cold,blatant_falsehood,VERBATIM truth,1,7
cold,blatant_falsehood,GIST truth,1,5
cold,blatant_falsehood,VERBATIM truth,1,5
cold,blatant_falsehood,GIST truth,1,4
cold,blatant_falsehood,VERBATIM truth,1,4
cold,blatant_falsehood,GIST truth,1,7
cold,blatant_falsehood,VERBATIM truth,1,7
cold,blatant_falsehood,GIST truth,1,5
cold,blatant_falsehood,VERBATIM truth,1,5
cold,fully_true,GIST truth,7,1
cold,fully_true,VERBATIM truth,6,1
cold,fully_true,GIST truth,7,1
cold,fully_true,VERBATIM truth,5,1
cold,fully_true,GIST truth,6,1
cold,fully_true,VERBATIM truth,6,1
cold,fully_true,GIST truth,7,1
cold,fully_true,VERBATIM truth,6,1
cold,fully_true,GIST truth,7,1
cold,fully_true,VERBATIM truth,6,1
cold,fully_true,GIST truth,6,1
cold,fully_true,VERBATIM truth,6,1
cold,fully_true,GIST truth,7,1
cold,fully_true,VERBATIM truth,6,1
cold,fully_true,GIST truth,7,1
cold,fully_true,VERBATIM truth,6,1
cold,fully_true,GIST truth,6,1
cold,fully_true,VERBATIM truth,6,1
cold,fully_true,GIST truth,6,1
cold,fully_true,VERBATIM truth,5,1
cold,fully_true,GIST truth,6,2
cold,fully_true,VERBATIM truth,6,2
cold,fully_true,GIST truth,6,1
cold,fully_true,VERBATIM truth,5,1
cold,fully_true,GIST truth,6,2
cold,fully_true,VERBATIM truth,5,2
cold,fully_true,GIST truth,6,2
cold,fully_true,VERBATIM truth,5,2
cold,fully_true,GIST truth,6,2
cold,fully_true,VERBATIM truth,5,2
cold,fully_true,GIST truth,6,2
cold,fully_true,VERBATIM truth,6,2
cold,fully_true,GIST truth,6,2
cold,fully_true,VERBATIM truth,5,2
cold,fully_true,GIST truth,6,2
cold,fully_true,VERBATIM truth,5,2
cold,fully_true,GIST truth,6,2
cold,fully_true,VERBATIM truth,5,2
cold,fully_true,GIST truth,6,2
cold,fully_true,VERBATIM truth,5,2
cold,fully_true,GIST truth,7,1
cold,fully_true,VERBATIM truth,7,1
cold,fully_true,GIST truth,7,1
cold,fully_true,VERBATIM truth,7,1
cold,fully_true,GIST truth,7,1
cold,fully_true,VERBATIM truth,6,1
cold,fully_true,GIST truth,7,1
cold,fully_true,VERBATIM truth,7,1
cold,fully_true,GIST truth,7,1
cold,fully_true,VERBATIM truth,7,1
cold,fully_true,GIST truth,7,1
cold,fully_true,VERBATIM truth,7,1
cold,fully_true,GIST truth,7,1
cold,fully_true,VERBATIM truth,7,1
cold,fully_true,GIST truth,7,1
cold,fully_true,VERBATIM truth,7,1
cold,fully_true,GIST truth,7,1
cold,fully_true,VERBATIM truth,7,1
cold,fully_true,GIST truth,7,1
cold,fully_true,VERBATIM truth,7,1
cold,palter,GIST truth,6,1
cold,palter,VERBATIM truth,5,1
cold,palter,GIST truth,6,1
cold,palter,VERBATIM truth,6,1
cold,palter,GIST truth,6,1
cold,palter,VERBATIM truth,6,1
cold,palter,GIST truth,6,1
cold,palter,VERBATIM truth,6,1
cold,palter,GIST truth,6,1
cold,palter,VERBATIM truth,6,1
cold,palter,GIST truth,6,1
cold,palter,VERBATIM truth,6,1
cold,palter,GIST truth,5,1
cold,palter,VERBATIM truth,6,1
cold,palter,GIST truth,6,1
cold,palter,VERBATIM truth,5,1
cold,palter,GIST truth,6,1
cold,palter,VERBATIM truth,5,1
cold,palter,GIST truth,5,1
cold,palter,VERBATIM truth,5,1
cold,palter,GIST truth,6,2
cold,palter,VERBATIM truth,5,2
cold,palter,GIST truth,6,2
cold,palter,VERBATIM truth,5,2
cold,palter,GIST truth,5,3
cold,palter,VERBATIM truth,4,3
cold,palter,GIST truth,5,2
cold,palter,VERBATIM truth,5,2
cold,palter,GIST truth,5,2
cold,palter,VERBATIM truth,4,2
cold,palter,GIST truth,5,2
cold,palter,VERBATIM truth,4,2
cold,palter,GIST truth,5,2
cold,palter,VERBATIM truth,4,2
cold,palter,GIST truth,5,2
cold,palter,VERBATIM truth,5,2
cold,palter,GIST truth,5,3
cold,palter,VERBATIM truth,3,3
cold,palter,GIST truth,5,3
cold,palter,VERBATIM truth,4,3
cold,palter,GIST truth,7,1
cold,palter,VERBATIM truth,7,1
cold,palter,GIST truth,7,1
cold,palter,VERBATIM truth,7,1
cold,palter,GIST truth,7,1
cold,palter,VERBATIM truth,7,1
cold,palter,GIST truth,7,1
cold,palter,VERBATIM truth,7,1
cold,palter,GIST truth,7,1
cold,palter,VERBATIM truth,7,1
cold,palter,GIST truth,7,1
cold,palter,VERBATIM truth,7,1
cold,palter,GIST truth,7,1
cold,palter,VERBATIM truth,7,1
cold,palter,GIST truth,7,1
cold,palter,VERBATIM truth,7,1
cold,palter,GIST truth,7,1
cold,palter,VERBATIM truth,7,1
cold,palter,GIST truth,7,1
cold,palter,VERBATIM truth,7,1
cold,truthy_falsehood,GIST truth,5,2
cold,truthy_falsehood,VERBATIM truth,1,2
cold,truthy_falsehood,GIST truth,6,2
cold,truthy_falsehood,VERBATIM truth,1,2
cold,truthy_falsehood,GIST truth,6,3
cold,truthy_falsehood,VERBATIM truth,1,3
cold,truthy_falsehood,GIST truth,5,2
cold,truthy_falsehood,VERBATIM truth,1,2
cold,truthy_falsehood,GIST truth,5,2
cold,truthy_falsehood,VERBATIM truth,1,2
cold,truthy_falsehood,GIST truth,6,2
cold,truthy_falsehood,VERBATIM truth,1,2
cold,truthy_falsehood,GIST truth,5,2
cold,truthy_falsehood,VERBATIM truth,1,2
cold,truthy_falsehood,GIST truth,5,2
cold,truthy_falsehood,VERBATIM truth,2,2
cold,truthy_falsehood,GIST truth,5,2
cold,truthy_falsehood,VERBATIM truth,1,2
cold,truthy_falsehood,GIST truth,5,2
cold,truthy_falsehood,VERBATIM truth,1,2
cold,truthy_falsehood,GIST truth,4,3
cold,truthy_falsehood,VERBATIM truth,2,3
cold,truthy_falsehood,GIST truth,4,3
cold,truthy_falsehood,VERBATIM truth,2,3
cold,truthy_falsehood,GIST truth,5,3
cold,truthy_falsehood,VERBATIM truth,2,3
cold,truthy_falsehood,GIST truth,4,3
cold,truthy_falsehood,VERBATIM truth,2,3
cold,truthy_falsehood,GIST truth,4,3
cold,truthy_falsehood,VERBATIM truth,2,3
cold,truthy_falsehood,GIST truth,4,3
cold,truthy_falsehood,VERBATIM truth,2,3
cold,truthy_falsehood,GIST truth,4,3
cold,truthy_falsehood,VERBATIM truth,2,3
cold,truthy_falsehood,GIST truth,4,3
cold,truthy_falsehood,VERBATIM truth,2,3
cold,truthy_falsehood,GIST truth,4,3
cold,truthy_falsehood,VERBATIM truth,2,3
cold,truthy_falsehood,GIST truth,4,3
cold,truthy_falsehood,VERBATIM truth,2,3
cold,truthy_falsehood,GIST truth,6,1
cold,truthy_falsehood,VERBATIM truth,3,1
cold,truthy_falsehood,GIST truth,6,1
cold,truthy_falsehood,VERBATIM truth,2,1
cold,truthy_falsehood,GIST truth,7,1
cold,truthy_falsehood,VERBATIM truth,2,1
cold,truthy_falsehood,GIST truth,5,1
cold,truthy_falsehood,VERBATIM truth,2,1
cold,truthy_falsehood,GIST truth,6,1
cold,truthy_falsehood,VERBATIM truth,3,1
cold,truthy_falsehood,GIST truth,5,1
cold,truthy_falsehood,VERBATIM truth,2,1
cold,truthy_falsehood,GIST truth,6,1
cold,truthy_falsehood,VERBATIM truth,2,1
cold,truthy_falsehood,GIST truth,5,1
cold,truthy_falsehood,VERBATIM truth,2,1
cold,truthy_falsehood,GIST truth,7,1
cold,truthy_falsehood,VERBATIM truth,2,1
cold,truthy_falsehood,GIST truth,5,1
cold,truthy_falsehood,VERBATIM truth,2,1
cold,blatant_falsehood,GIST truth,1,2
cold,blatant_falsehood,VERBATIM truth,1,2
cold,blatant_falsehood,GIST truth,1,2
cold,blatant_falsehood,VERBATIM truth,1,2
cold,blatant_falsehood,GIST truth,1,2
cold,blatant_falsehood,VERBATIM truth,1,2
cold,blatant_falsehood,GIST truth,1,2
cold,blatant_falsehood,VERBATIM truth,1,2
cold,blatant_falsehood,GIST truth,1,2
cold,blatant_falsehood,VERBATIM truth,1,2
cold,blatant_falsehood,GIST truth,1,2
cold,blatant_falsehood,VERBATIM truth,1,2
cold,blatant_falsehood,GIST truth,1,2
cold,blatant_falsehood,VERBATIM truth,1,2
cold,blatant_falsehood,GIST truth,1,2
cold,blatant_falsehood,VERBATIM truth,1,2
cold,blatant_falsehood,GIST truth,1,2
cold,blatant_falsehood,VERBATIM truth,1,2
cold,blatant_falsehood,GIST truth,1,2
cold,blatant_falsehood,VERBATIM truth,1,2
cold,blatant_falsehood,GIST truth,2,3
cold,blatant_falsehood,VERBATIM truth,1,3
cold,blatant_falsehood,GIST truth,2,3
cold,blatant_falsehood,VERBATIM truth,1,3
cold,blatant_falsehood,GIST truth,2,3
cold,blatant_falsehood,VERBATIM truth,1,3
cold,blatant_falsehood,GIST truth,1,4
cold,blatant_falsehood,VERBATIM truth,1,4
cold,blatant_falsehood,GIST truth,1,4
cold,blatant_falsehood,VERBATIM truth,1,4
cold,blatant_falsehood,GIST truth,1,3
cold,blatant_falsehood,VERBATIM truth,1,3
cold,blatant_falsehood,GIST truth,1,4
cold,blatant_falsehood,VERBATIM truth,1,4
cold,blatant_falsehood,GIST truth,2,4
cold,blatant_falsehood,VERBATIM truth,1,4
cold,blatant_falsehood,GIST truth,2,3
cold,blatant_falsehood,VERBATIM truth,1,3
cold,blatant_falsehood,GIST truth,2,4
cold,blatant_falsehood,VERBATIM truth,1,4
cold,blatant_falsehood,GIST truth,1,1
cold,blatant_falsehood,VERBATIM truth,1,1
cold,blatant_falsehood,GIST truth,1,1
cold,blatant_falsehood,VERBATIM truth,1,1
cold,blatant_falsehood,GIST truth,1,1
cold,blatant_falsehood,VERBATIM truth,1,1
cold,blatant_falsehood,GIST truth,1,1
cold,blatant_falsehood,VERBATIM truth,1,1
cold,blatant_falsehood,GIST truth,1,1
cold,blatant_falsehood,VERBATIM truth,1,1
cold,blatant_falsehood,GIST truth,1,1
cold,blatant_falsehood,VERBATIM truth,1,1
cold,blatant_falsehood,GIST truth,1,1
cold,blatant_falsehood,VERBATIM truth,1,1
cold,blatant_falsehood,GIST truth,1,1
cold,blatant_falsehood,VERBATIM truth,1,1
cold,blatant_falsehood,GIST truth,1,1
cold,blatant_falsehood,VERBATIM truth,1,1
cold,blatant_falsehood,GIST truth,1,1
cold,blatant_falsehood,VERBATIM truth,1,1
cold,fully_true,GIST truth,7,1
cold,fully_true,VERBATIM truth,7,1
cold,fully_true,GIST truth,7,1
cold,fully_true,VERBATIM truth,7,1
cold,fully_true,GIST truth,7,1
cold,fully_true,VERBATIM truth,7,1
cold,fully_true,GIST truth,7,1
cold,fully_true,VERBATIM truth,7,1
cold,fully_true,GIST truth,7,1
cold,fully_true,VERBATIM truth,7,1
cold,fully_true,GIST truth,7,1
cold,fully_true,VERBATIM truth,7,1
cold,fully_true,GIST truth,7,1
cold,fully_true,VERBATIM truth,7,1
cold,fully_true,GIST truth,7,1
cold,fully_true,VERBATIM truth,7,1
cold,fully_true,GIST truth,7,1
cold,fully_true,VERBATIM truth,7,1
cold,fully_true,GIST truth,7,1
cold,fully_true,VERBATIM truth,7,1
cold,fully_true,GIST truth,7,1
cold,fully_true,VERBATIM truth,7,1
cold,fully_true,GIST truth,7,1
cold,fully_true,VERBATIM truth,6,1
cold,fully_true,GIST truth,7,1
cold,fully_true,VERBATIM truth,7,1
cold,fully_true,GIST truth,7,1
cold,fully_true,VERBATIM truth,6,1
cold,fully_true,GIST truth,7,1
cold,fully_true,VERBATIM truth,7,1
cold,fully_true,GIST truth,7,1
cold,fully_true,VERBATIM truth,6,1
cold,fully_true,GIST truth,7,1
cold,fully_true,VERBATIM truth,6,1
cold,fully_true,GIST truth,7,1
cold,fully_true,VERBATIM truth,7,1
cold,fully_true,GIST truth,7,1
cold,fully_true,VERBATIM truth,7,1
cold,fully_true,GIST truth,7,1
cold,fully_true,VERBATIM truth,6,1
cold,fully_true,GIST truth,7,1
cold,fully_true,VERBATIM truth,7,1
cold,fully_true,GIST truth,7,1
cold,fully_true,VERBATIM truth,7,1
cold,fully_true,GIST truth,7,1
cold,fully_true,VERBATIM truth,7,1
cold,fully_true,GIST truth,7,1
cold,fully_true,VERBATIM truth,7,1
cold,fully_true,GIST truth,7,1
cold,fully_true,VERBATIM truth,7,1
cold,fully_true,GIST truth,7,1
cold,fully_true,VERBATIM truth,7,1
cold,fully_true,GIST truth,7,1
cold,fully_true,VERBATIM truth,7,1
cold,fully_true,GIST truth,7,1
cold,fully_true,VERBATIM truth,7,1
cold,fully_true,GIST truth,7,1
cold,fully_true,VERBATIM truth,7,1
cold,fully_true,GIST truth,7,1
cold,fully_true,VERBATIM truth,7,1
cold,palter,GIST truth,2,4
cold,palter,VERBATIM truth,5,4
cold,palter,GIST truth,2,3
cold,palter,VERBATIM truth,5,3
cold,palter,GIST truth,2,3
cold,palter,VERBATIM truth,5,3
cold,palter,GIST truth,2,3
cold,palter,VERBATIM truth,5,3
cold,palter,GIST truth,2,4
cold,palter,VERBATIM truth,5,4
cold,palter,GIST truth,2,4
cold,palter,VERBATIM truth,5,4
cold,palter,GIST truth,2,4
cold,palter,VERBATIM truth,6,4
cold,palter,GIST truth,2,3
cold,palter,VERBATIM truth,6,3
cold,palter,GIST truth,2,4
cold,palter,VERBATIM truth,6,4
cold,palter,GIST truth,2,3
cold,palter,VERBATIM truth,6,3
cold,palter,GIST truth,2,5
cold,palter,VERBATIM truth,3,5
cold,palter,GIST truth,2,5
cold,palter,VERBATIM truth,3,5
cold,palter,GIST truth,2,5
cold,palter,VERBATIM truth,3,5
cold,palter,GIST truth,2,5
cold,palter,VERBATIM truth,3,5
cold,palter,GIST truth,2,5
cold,palter,VERBATIM truth,3,5
cold,palter,GIST truth,2,5
cold,palter,VERBATIM truth,3,5
cold,palter,GIST truth,2,5
cold,palter,VERBATIM truth,3,5
cold,palter,GIST truth,2,5
cold,palter,VERBATIM truth,3,5
cold,palter,GIST truth,2,5
cold,palter,VERBATIM truth,3,5
cold,palter,GIST truth,2,5
cold,palter,VERBATIM truth,3,5
cold,palter,GIST truth,2,1
cold,palter,VERBATIM truth,3,1
cold,palter,GIST truth,2,1
cold,palter,VERBATIM truth,4,1
cold,palter,GIST truth,2,1
cold,palter,VERBATIM truth,4,1
cold,palter,GIST truth,2,1
cold,palter,VERBATIM truth,3,1
cold,palter,GIST truth,2,2
cold,palter,VERBATIM truth,3,2
cold,palter,GIST truth,2,1
cold,palter,VERBATIM truth,4,1
cold,palter,GIST truth,2,1
cold,palter,VERBATIM truth,3,1
cold,palter,GIST truth,2,1
cold,palter,VERBATIM truth,4,1
cold,palter,GIST truth,2,2
cold,palter,VERBATIM truth,3,2
cold,palter,GIST truth,2,2
cold,palter,VERBATIM truth,2,2
cold,truthy_falsehood,GIST truth,6,3
cold,truthy_falsehood,VERBATIM truth,2,3
cold,truthy_falsehood,GIST truth,7,2
cold,truthy_falsehood,VERBATIM truth,4,2
cold,truthy_falsehood,GIST truth,7,2
cold,truthy_falsehood,VERBATIM truth,2,2
cold,truthy_falsehood,GIST truth,6,3
cold,truthy_falsehood,VERBATIM truth,2,3
cold,truthy_falsehood,GIST truth,6,3
cold,truthy_falsehood,VERBATIM truth,2,3
cold,truthy_falsehood,GIST truth,6,3
cold,truthy_falsehood,VERBATIM truth,2,3
cold,truthy_falsehood,GIST truth,6,3
cold,truthy_falsehood,VERBATIM truth,2,3
cold,truthy_falsehood,GIST truth,7,2
cold,truthy_falsehood,VERBATIM truth,2,2
cold,truthy_falsehood,GIST truth,6,3
cold,truthy_falsehood,VERBATIM truth,2,3
cold,truthy_falsehood,GIST truth,6,3
cold,truthy_falsehood,VERBATIM truth,2,3
cold,truthy_falsehood,GIST truth,6,3
cold,truthy_falsehood,VERBATIM truth,3,3
cold,truthy_falsehood,GIST truth,6,3
cold,truthy_falsehood,VERBATIM truth,2,3
cold,truthy_falsehood,GIST truth,6,3
cold,truthy_falsehood,VERBATIM truth,2,3
cold,truthy_falsehood,GIST truth,6,3
cold,truthy_falsehood,VERBATIM truth,3,3
cold,truthy_falsehood,GIST truth,6,3
cold,truthy_falsehood,VERBATIM truth,2,3
cold,truthy_falsehood,GIST truth,6,3
cold,truthy_falsehood,VERBATIM truth,2,3
cold,truthy_falsehood,GIST truth,6,3
cold,truthy_falsehood,VERBATIM truth,2,3
cold,truthy_falsehood,GIST truth,6,3
cold,truthy_falsehood,VERBATIM truth,2,3
cold,truthy_falsehood,GIST truth,6,3
cold,truthy_falsehood,VERBATIM truth,2,3
cold,truthy_falsehood,GIST truth,6,3
cold,truthy_falsehood,VERBATIM truth,3,3
cold,truthy_falsehood,GIST truth,7,1
cold,truthy_falsehood,VERBATIM truth,7,1
cold,truthy_falsehood,GIST truth,5,2
cold,truthy_falsehood,VERBATIM truth,2,2
cold,truthy_falsehood,GIST truth,6,1
cold,truthy_falsehood,VERBATIM truth,3,1
cold,truthy_falsehood,GIST truth,7,1
cold,truthy_falsehood,VERBATIM truth,7,1
cold,truthy_falsehood,GIST truth,5,2
cold,truthy_falsehood,VERBATIM truth,2,2
cold,truthy_falsehood,GIST truth,6,1
cold,truthy_falsehood,VERBATIM truth,3,1
cold,truthy_falsehood,GIST truth,7,1
cold,truthy_falsehood,VERBATIM truth,7,1
cold,truthy_falsehood,GIST truth,5,1
cold,truthy_falsehood,VERBATIM truth,2,1
cold,truthy_falsehood,GIST truth,7,1
cold,truthy_falsehood,VERBATIM truth,7,1
cold,truthy_falsehood,GIST truth,6,1
cold,truthy_falsehood,VERBATIM truth,3,1
cold,blatant_falsehood,GIST truth,1,4
cold,blatant_falsehood,VERBATIM truth,1,4
cold,blatant_falsehood,GIST truth,1,5
cold,blatant_falsehood,VERBATIM truth,1,5
cold,blatant_falsehood,GIST truth,1,3
cold,blatant_falsehood,VERBATIM truth,1,3
cold,blatant_falsehood,GIST truth,1,5
cold,blatant_falsehood,VERBATIM truth,1,5
cold,blatant_falsehood,GIST truth,1,4
cold,blatant_falsehood,VERBATIM truth,1,4
cold,blatant_falsehood,GIST truth,1,4
cold,blatant_falsehood,VERBATIM truth,1,4
cold,blatant_falsehood,GIST truth,1,5
cold,blatant_falsehood,VERBATIM truth,1,5
cold,blatant_falsehood,GIST truth,1,3
cold,blatant_falsehood,VERBATIM truth,1,3
cold,blatant_falsehood,GIST truth,1,4
cold,blatant_falsehood,VERBATIM truth,1,4
cold,blatant_falsehood,GIST truth,1,5
cold,blatant_falsehood,VERBATIM truth,1,5
cold,blatant_falsehood,GIST truth,1,5
cold,blatant_falsehood,VERBATIM truth,1,5
cold,blatant_falsehood,GIST truth,1,5
cold,blatant_falsehood,VERBATIM truth,1,5
cold,blatant_falsehood,GIST truth,1,5
cold,blatant_falsehood,VERBATIM truth,1,5
cold,blatant_falsehood,GIST truth,1,5
cold,blatant_falsehood,VERBATIM truth,1,5
cold,blatant_falsehood,GIST truth,1,5
cold,blatant_falsehood,VERBATIM truth,1,5
cold,blatant_falsehood,GIST truth,1,5
cold,blatant_falsehood,VERBATIM truth,1,5
cold,blatant_falsehood,GIST truth,1,5
cold,blatant_falsehood,VERBATIM truth,1,5
cold,blatant_falsehood,GIST truth,1,5
cold,blatant_falsehood,VERBATIM truth,1,5
cold,blatant_falsehood,GIST truth,1,5
cold,blatant_falsehood,VERBATIM truth,1,5
cold,blatant_falsehood,GIST truth,1,5
cold,blatant_falsehood,VERBATIM truth,1,5
cold,blatant_falsehood,GIST truth,1,1
cold,blatant_falsehood,VERBATIM truth,1,1
cold,blatant_falsehood,GIST truth,1,1
cold,blatant_falsehood,VERBATIM truth,1,1
cold,blatant_falsehood,GIST truth,1,1
cold,blatant_falsehood,VERBATIM truth,1,1
cold,blatant_falsehood,GIST truth,1,1
cold,blatant_falsehood,VERBATIM truth,1,1
cold,blatant_falsehood,GIST truth,1,1
cold,blatant_falsehood,VERBATIM truth,1,1
cold,blatant_falsehood,GIST truth,1,1
cold,blatant_falsehood,VERBATIM truth,1,1
cold,blatant_falsehood,GIST truth,1,1
cold,blatant_falsehood,VERBATIM truth,1,1
cold,blatant_falsehood,GIST truth,1,1
cold,blatant_falsehood,VERBATIM truth,1,1
cold,blatant_falsehood,GIST truth,1,1
cold,blatant_falsehood,VERBATIM truth,1,1
cold,blatant_falsehood,GIST truth,1,1
cold,blatant_falsehood,VERBATIM truth,1,1
cold,fully_true,GIST truth,6,1
cold,fully_true,VERBATIM truth,6,1
cold,fully_true,GIST truth,7,1
cold,fully_true,VERBATIM truth,6,1
cold,fully_true,GIST truth,7,1
cold,fully_true,VERBATIM truth,6,1
cold,fully_true,GIST truth,6,1
cold,fully_true,VERBATIM truth,5,1
cold,fully_true,GIST truth,6,1
cold,fully_true,VERBATIM truth,5,1
cold,fully_true,GIST truth,7,1
cold,fully_true,VERBATIM truth,6,1
cold,fully_true,GIST truth,7,1
cold,fully_true,VERBATIM truth,6,1
cold,fully_true,GIST truth,6,1
cold,fully_true,VERBATIM truth,5,1
cold,fully_true,GIST truth,7,1
cold,fully_true,VERBATIM truth,6,1
cold,fully_true,GIST truth,7,1
cold,fully_true,VERBATIM truth,6,1
cold,fully_true,GIST truth,7,2
cold,fully_true,VERBATIM truth,4,2
cold,fully_true,GIST truth,6,2
cold,fully_true,VERBATIM truth,3,2
cold,fully_true,GIST truth,7,2
cold,fully_true,VERBATIM truth,4,2
cold,fully_true,GIST truth,7,2
cold,fully_true,VERBATIM truth,3,2
cold,fully_true,GIST truth,7,2
cold,fully_true,VERBATIM truth,4,2
cold,fully_true,GIST truth,7,2
cold,fully_true,VERBATIM truth,4,2
cold,fully_true,GIST truth,7,1
cold,fully_true,VERBATIM truth,4,1
cold,fully_true,GIST truth,6,2
cold,fully_true,VERBATIM truth,3,2
cold,fully_true,GIST truth,7,2
cold,fully_true,VERBATIM truth,4,2
cold,fully_true,GIST truth,7,2
cold,fully_true,VERBATIM truth,4,2
cold,fully_true,GIST truth,7,1
cold,fully_true,VERBATIM truth,7,1
cold,fully_true,GIST truth,7,1
cold,fully_true,VERBATIM truth,7,1
cold,fully_true,GIST truth,7,1
cold,fully_true,VERBATIM truth,6,1
cold,fully_true,GIST truth,7,1
cold,fully_true,VERBATIM truth,7,1
cold,fully_true,GIST truth,7,1
cold,fully_true,VERBATIM truth,7,1
cold,fully_true,GIST truth,7,1
cold,fully_true,VERBATIM truth,7,1
cold,fully_true,GIST truth,7,1
cold,fully_true,VERBATIM truth,7,1
cold,fully_true,GIST truth,7,1
cold,fully_true,VERBATIM truth,6,1
cold,fully_true,GIST truth,7,1
cold,fully_true,VERBATIM truth,7,1
cold,fully_true,GIST truth,7,1
cold,fully_true,VERBATIM truth,6,1
cold,palter,GIST truth,1,5
cold,palter,VERBATIM truth,6,5
cold,palter,GIST truth,2,3
cold,palter,VERBATIM truth,5,3
cold,palter,GIST truth,2,3
cold,palter,VERBATIM truth,5,3
cold,palter,GIST truth,3,2
cold,palter,VERBATIM truth,5,2
cold,palter,GIST truth,2,4
cold,palter,VERBATIM truth,5,4
cold,palter,GIST truth,2,3
cold,palter,VERBATIM truth,5,3
cold,palter,GIST truth,2,3
cold,palter,VERBATIM truth,5,3
cold,palter,GIST truth,2,3
cold,palter,VERBATIM truth,5,3
cold,palter,GIST truth,2,3
cold,palter,VERBATIM truth,5,3
cold,palter,GIST truth,2,4
cold,palter,VERBATIM truth,5,4
cold,palter,GIST truth,2,5
cold,palter,VERBATIM truth,4,5
cold,palter,GIST truth,2,5
cold,palter,VERBATIM truth,3,5
cold,palter,GIST truth,2,5
cold,palter,VERBATIM truth,3,5
cold,palter,GIST truth,2,5
cold,palter,VERBATIM truth,3,5
cold,palter,GIST truth,1,5
cold,palter,VERBATIM truth,3,5
cold,palter,GIST truth,1,6
cold,palter,VERBATIM truth,3,6
cold,palter,GIST truth,2,5
cold,palter,VERBATIM truth,3,5
cold,palter,GIST truth,1,6
cold,palter,VERBATIM truth,3,6
cold,palter,GIST truth,1,6
cold,palter,VERBATIM truth,3,6
cold,palter,GIST truth,2,5
cold,palter,VERBATIM truth,3,5
cold,palter,GIST truth,2,2
cold,palter,VERBATIM truth,7,2
cold,palter,GIST truth,2,5
cold,palter,VERBATIM truth,6,5
cold,palter,GIST truth,1,1
cold,palter,VERBATIM truth,7,1
cold,palter,GIST truth,2,6
cold,palter,VERBATIM truth,7,6
cold,palter,GIST truth,2,5
cold,palter,VERBATIM truth,6,5
cold,palter,GIST truth,2,5
cold,palter,VERBATIM truth,6,5
cold,palter,GIST truth,2,5
cold,palter,VERBATIM truth,7,5
cold,palter,GIST truth,1,4
cold,palter,VERBATIM truth,7,4
cold,palter,GIST truth,2,4
cold,palter,VERBATIM truth,7,4
cold,palter,GIST truth,2,5
cold,palter,VERBATIM truth,7,5
cold,truthy_falsehood,GIST truth,6,2
cold,truthy_falsehood,VERBATIM truth,2,2
cold,truthy_falsehood,GIST truth,6,2
cold,truthy_falsehood,VERBATIM truth,2,2
cold,truthy_falsehood,GIST truth,6,2
cold,truthy_falsehood,VERBATIM truth,2,2
cold,truthy_falsehood,GIST truth,6,2
cold,truthy_falsehood,VERBATIM truth,2,2
cold,truthy_falsehood,GIST truth,6,2
cold,truthy_falsehood,VERBATIM truth,2,2
cold,truthy_falsehood,GIST truth,6,2
cold,truthy_falsehood,VERBATIM truth,2,2
cold,truthy_falsehood,GIST truth,6,2
cold,truthy_falsehood,VERBATIM truth,2,2
cold,truthy_falsehood,GIST truth,6,2
cold,truthy_falsehood,VERBATIM truth,2,2
cold,truthy_falsehood,GIST truth,6,2
cold,truthy_falsehood,VERBATIM truth,2,2
cold,truthy_falsehood,GIST truth,6,1
cold,truthy_falsehood,VERBATIM truth,2,1
cold,truthy_falsehood,GIST truth,5,3
cold,truthy_falsehood,VERBATIM truth,2,3
cold,truthy_falsehood,GIST truth,6,3
cold,truthy_falsehood,VERBATIM truth,2,3
cold,truthy_falsehood,GIST truth,5,3
cold,truthy_falsehood,VERBATIM truth,3,3
cold,truthy_falsehood,GIST truth,5,3
cold,truthy_falsehood,VERBATIM truth,2,3
cold,truthy_falsehood,GIST truth,5,3
cold,truthy_falsehood,VERBATIM truth,2,3
cold,truthy_falsehood,GIST truth,5,3
cold,truthy_falsehood,VERBATIM truth,2,3
cold,truthy_falsehood,GIST truth,5,3
cold,truthy_falsehood,VERBATIM truth,2,3
cold,truthy_falsehood,GIST truth,5,3
cold,truthy_falsehood,VERBATIM truth,2,3
cold,truthy_falsehood,GIST truth,5,3
cold,truthy_falsehood,VERBATIM truth,2,3
cold,truthy_falsehood,GIST truth,5,3
cold,truthy_falsehood,VERBATIM truth,2,3
cold,truthy_falsehood,GIST truth,6,1
cold,truthy_falsehood,VERBATIM truth,3,1
cold,truthy_falsehood,GIST truth,6,1
cold,truthy_falsehood,VERBATIM truth,3,1
cold,truthy_falsehood,GIST truth,6,1
cold,truthy_falsehood,VERBATIM truth,3,1
cold,truthy_falsehood,GIST truth,6,1
cold,truthy_falsehood,VERBATIM truth,3,1
cold,truthy_falsehood,GIST truth,6,1
cold,truthy_falsehood,VERBATIM truth,3,1
cold,truthy_falsehood,GIST truth,6,1
cold,truthy_falsehood,VERBATIM truth,2,1
cold,truthy_falsehood,GIST truth,6,1
cold,truthy_falsehood,VERBATIM truth,3,1
cold,truthy_falsehood,GIST truth,6,1
cold,truthy_falsehood,VERBATIM truth,3,1
cold,truthy_falsehood,GIST truth,6,1
cold,truthy_falsehood,VERBATIM truth,3,1
cold,truthy_falsehood,GIST truth,6,1
cold,truthy_falsehood,VERBATIM truth,3,1
cold,blatant_falsehood,GIST truth,1,6
cold,blatant_falsehood,VERBATIM truth,1,6
cold,blatant_falsehood,GIST truth,1,6
cold,blatant_falsehood,VERBATIM truth,1,6
cold,blatant_falsehood,GIST truth,1,6
cold,blatant_falsehood,VERBATIM truth,1,6
cold,blatant_falsehood,GIST truth,1,6
cold,blatant_falsehood,VERBATIM truth,1,6
cold,blatant_falsehood,GIST truth,1,6
cold,blatant_falsehood,VERBATIM truth,1,6
cold,blatant_falsehood,GIST truth,1,6
cold,blatant_falsehood,VERBATIM truth,1,6
cold,blatant_falsehood,GIST truth,1,6
cold,blatant_falsehood,VERBATIM truth,1,6
cold,blatant_falsehood,GIST truth,1,6
cold,blatant_falsehood,VERBATIM truth,1,6
cold,blatant_falsehood,GIST truth,1,6
cold,blatant_falsehood,VERBATIM truth,1,6
cold,blatant_falsehood,GIST truth,1,6
cold,blatant_falsehood,VERBATIM truth,1,6
cold,blatant_falsehood,GIST truth,1,6
cold,blatant_falsehood,VERBATIM truth,1,6
cold,blatant_falsehood,GIST truth,1,6
cold,blatant_falsehood,VERBATIM truth,1,6
cold,blatant_falsehood,GIST truth,1,6
cold,blatant_falsehood,VERBATIM truth,1,6
cold,blatant_falsehood,GIST truth,1,6
cold,blatant_falsehood,VERBATIM truth,1,6
cold,blatant_falsehood,GIST truth,1,6
cold,blatant_falsehood,VERBATIM truth,1,6
cold,blatant_falsehood,GIST truth,1,6
cold,blatant_falsehood,VERBATIM truth,1,6
cold,blatant_falsehood,GIST truth,1,6
cold,blatant_falsehood,VERBATIM truth,1,6
cold,blatant_falsehood,GIST truth,1,6
cold,blatant_falsehood,VERBATIM truth,1,6
cold,blatant_falsehood,GIST truth,1,6
cold,blatant_falsehood,VERBATIM truth,1,6
cold,blatant_falsehood,GIST truth,1,6
cold,blatant_falsehood,VERBATIM truth,1,6
cold,blatant_falsehood,GIST truth,1,6
cold,blatant_falsehood,VERBATIM truth,1,6
cold,blatant_falsehood,GIST truth,1,5
cold,blatant_falsehood,VERBATIM truth,1,5
cold,blatant_falsehood,GIST truth,1,5
cold,blatant_falsehood,VERBATIM truth,1,5
cold,blatant_falsehood,GIST truth,1,5
cold,blatant_falsehood,VERBATIM truth,1,5
cold,blatant_falsehood,GIST truth,1,5
cold,blatant_falsehood,VERBATIM truth,1,5
cold,blatant_falsehood,GIST truth,1,6
cold,blatant_falsehood,VERBATIM truth,1,6
cold,blatant_falsehood,GIST truth,1,4
cold,blatant_falsehood,VERBATIM truth,1,4
cold,blatant_falsehood,GIST truth,1,4
cold,blatant_falsehood,VERBATIM truth,1,4
cold,blatant_falsehood,GIST truth,1,5
cold,blatant_falsehood,VERBATIM truth,1,5
cold,blatant_falsehood,GIST truth,1,5
cold,blatant_falsehood,VERBATIM truth,1,5
cold,fully_true,GIST truth,7,1
cold,fully_true,VERBATIM truth,7,1
cold,fully_true,GIST truth,7,1
cold,fully_true,VERBATIM truth,7,1
cold,fully_true,GIST truth,7,1
cold,fully_true,VERBATIM truth,7,1
cold,fully_true,GIST truth,7,1
cold,fully_true,VERBATIM truth,7,1
cold,fully_true,GIST truth,7,1
cold,fully_true,VERBATIM truth,7,1
cold,fully_true,GIST truth,7,1
cold,fully_true,VERBATIM truth,7,1
cold,fully_true,GIST truth,7,1
cold,fully_true,VERBATIM truth,7,1
cold,fully_true,GIST truth,7,1
cold,fully_true,VERBATIM truth,7,1
cold,fully_true,GIST truth,7,1
cold,fully_true,VERBATIM truth,7,1
cold,fully_true,GIST truth,7,1
cold,fully_true,VERBATIM truth,7,1
cold,fully_true,GIST truth,7,1
cold,fully_true,VERBATIM truth,6,1
cold,fully_true,GIST truth,7,1
cold,fully_true,VERBATIM truth,6,1
cold,fully_true,GIST truth,7,1
cold,fully_true,VERBATIM truth,6,1
cold,fully_true,GIST truth,7,1
cold,fully_true,VERBATIM truth,6,1
cold,fully_true,GIST truth,7,1
cold,fully_true,VERBATIM truth,6,1
cold,fully_true,GIST truth,7,1
cold,fully_true,VERBATIM truth,6,1
cold,fully_true,GIST truth,7,1
cold,fully_true,VERBATIM truth,6,1
cold,fully_true,GIST truth,7,1
cold,fully_true,VERBATIM truth,6,1
cold,fully_true,GIST truth,7,1
cold,fully_true,VERBATIM truth,6,1
cold,fully_true,GIST truth,7,1
cold,fully_true,VERBATIM truth,6,1
cold,fully_true,GIST truth,7,1
cold,fully_true,VERBATIM truth,7,1
cold,fully_true,GIST truth,7,1
cold,fully_true,VERBATIM truth,7,1
cold,fully_true,GIST truth,7,1
cold,fully_true,VERBATIM truth,7,1
cold,fully_true,GIST truth,7,1
cold,fully_true,VERBATIM truth,7,1
cold,fully_true,GIST truth,7,1
cold,fully_true,VERBATIM truth,7,1
cold,fully_true,GIST truth,7,1
cold,fully_true,VERBATIM truth,7,1
cold,fully_true,GIST truth,7,1
cold,fully_true,VERBATIM truth,7,1
cold,fully_true,GIST truth,7,1
cold,fully_true,VERBATIM truth,7,1
cold,fully_true,GIST truth,7,1
cold,fully_true,VERBATIM truth,7,1
cold,fully_true,GIST truth,7,1
cold,fully_true,VERBATIM truth,7,1
cold,palter,GIST truth,2,3
cold,palter,VERBATIM truth,6,3
cold,palter,GIST truth,2,2
cold,palter,VERBATIM truth,6,2
cold,palter,GIST truth,2,2
cold,palter,VERBATIM truth,6,2
cold,palter,GIST truth,2,2
cold,palter,VERBATIM truth,6,2
cold,palter,GIST truth,2,3
cold,palter,VERBATIM truth,6,3
cold,palter,GIST truth,2,4
cold,palter,VERBATIM truth,6,4
cold,palter,GIST truth,2,2
cold,palter,VERBATIM truth,6,2
cold,palter,GIST truth,2,3
cold,palter,VERBATIM truth,5,3
cold,palter,GIST truth,2,2
cold,palter,VERBATIM truth,6,2
cold,palter,GIST truth,2,4
cold,palter,VERBATIM truth,6,4
cold,palter,GIST truth,1,6
cold,palter,VERBATIM truth,1,6
cold,palter,GIST truth,1,6
cold,palter,VERBATIM truth,1,6
cold,palter,GIST truth,1,5
cold,palter,VERBATIM truth,1,5
cold,palter,GIST truth,1,6
cold,palter,VERBATIM truth,1,6
cold,palter,GIST truth,1,5
cold,palter,VERBATIM truth,1,5
cold,palter,GIST truth,1,6
cold,palter,VERBATIM truth,1,6
cold,palter,GIST truth,1,6
cold,palter,VERBATIM truth,1,6
cold,palter,GIST truth,1,6
cold,palter,VERBATIM truth,1,6
cold,palter,GIST truth,1,6
cold,palter,VERBATIM truth,1,6
cold,palter,GIST truth,1,5
cold,palter,VERBATIM truth,1,5
cold,palter,GIST truth,2,5
cold,palter,VERBATIM truth,7,5
cold,palter,GIST truth,2,5
cold,palter,VERBATIM truth,7,5
cold,palter,GIST truth,2,2
cold,palter,VERBATIM truth,4,2
cold,palter,GIST truth,2,2
cold,palter,VERBATIM truth,7,2
cold,palter,GIST truth,2,2
cold,palter,VERBATIM truth,4,2
cold,palter,GIST truth,2,2
cold,palter,VERBATIM truth,7,2
cold,palter,GIST truth,2,5
cold,palter,VERBATIM truth,7,5
cold,palter,GIST truth,2,2
cold,palter,VERBATIM truth,4,2
cold,palter,GIST truth,2,2
cold,palter,VERBATIM truth,7,2
cold,palter,GIST truth,2,2
cold,palter,VERBATIM truth,7,2
cold,truthy_falsehood,GIST truth,6,2
cold,truthy_falsehood,VERBATIM truth,2,2
cold,truthy_falsehood,GIST truth,6,2
cold,truthy_falsehood,VERBATIM truth,2,2
cold,truthy_falsehood,GIST truth,6,2
cold,truthy_falsehood,VERBATIM truth,2,2
cold,truthy_falsehood,GIST truth,6,2
cold,truthy_falsehood,VERBATIM truth,2,2
cold,truthy_falsehood,GIST truth,6,2
cold,truthy_falsehood,VERBATIM truth,2,2
cold,truthy_falsehood,GIST truth,6,2
cold,truthy_falsehood,VERBATIM truth,2,2
cold,truthy_falsehood,GIST truth,6,2
cold,truthy_falsehood,VERBATIM truth,2,2
cold,truthy_falsehood,GIST truth,6,2
cold,truthy_falsehood,VERBATIM truth,2,2
cold,truthy_falsehood,GIST truth,5,2
cold,truthy_falsehood,VERBATIM truth,2,2
cold,truthy_falsehood,GIST truth,6,2
cold,truthy_falsehood,VERBATIM truth,2,2
cold,truthy_falsehood,GIST truth,5,3
cold,truthy_falsehood,VERBATIM truth,2,3
cold,truthy_falsehood,GIST truth,5,3
cold,truthy_falsehood,VERBATIM truth,2,3
cold,truthy_falsehood,GIST truth,5,3
cold,truthy_falsehood,VERBATIM truth,2,3
cold,truthy_falsehood,GIST truth,5,3
cold,truthy_falsehood,VERBATIM truth,2,3
cold,truthy_falsehood,GIST truth,5,3
cold,truthy_falsehood,VERBATIM truth,2,3
cold,truthy_falsehood,GIST truth,6,3
cold,truthy_falsehood,VERBATIM truth,2,3
cold,truthy_falsehood,GIST truth,5,3
cold,truthy_falsehood,VERBATIM truth,2,3
cold,truthy_falsehood,GIST truth,5,3
cold,truthy_falsehood,VERBATIM truth,2,3
cold,truthy_falsehood,GIST truth,5,3
cold,truthy_falsehood,VERBATIM truth,2,3
cold,truthy_falsehood,GIST truth,5,3
cold,truthy_falsehood,VERBATIM truth,2,3
cold,truthy_falsehood,GIST truth,5,1
cold,truthy_falsehood,VERBATIM truth,3,1
cold,truthy_falsehood,GIST truth,5,2
cold,truthy_falsehood,VERBATIM truth,2,2
cold,truthy_falsehood,GIST truth,5,1
cold,truthy_falsehood,VERBATIM truth,3,1
cold,truthy_falsehood,GIST truth,5,1
cold,truthy_falsehood,VERBATIM truth,3,1
cold,truthy_falsehood,GIST truth,5,1
cold,truthy_falsehood,VERBATIM truth,3,1
cold,truthy_falsehood,GIST truth,5,1
cold,truthy_falsehood,VERBATIM truth,3,1
cold,truthy_falsehood,GIST truth,5,1
cold,truthy_falsehood,VERBATIM truth,3,1
cold,truthy_falsehood,GIST truth,5,1
cold,truthy_falsehood,VERBATIM truth,2,1
cold,truthy_falsehood,GIST truth,5,1
cold,truthy_falsehood,VERBATIM truth,2,1
cold,truthy_falsehood,GIST truth,5,1
cold,truthy_falsehood,VERBATIM truth,2,1
cold,blatant_falsehood,GIST truth,1,6
cold,blatant_falsehood,VERBATIM truth,1,6
cold,blatant_falsehood,GIST truth,1,5
cold,blatant_falsehood,VERBATIM truth,1,5
cold,blatant_falsehood,GIST truth,1,5
cold,blatant_falsehood,VERBATIM truth,1,5
cold,blatant_falsehood,GIST truth,1,5
cold,blatant_falsehood,VERBATIM truth,1,5
cold,blatant_falsehood,GIST truth,1,5
cold,blatant_falsehood,VERBATIM truth,1,5
cold,blatant_falsehood,GIST truth,1,5
cold,blatant_falsehood,VERBATIM truth,1,5
cold,blatant_falsehood,GIST truth,1,5
cold,blatant_falsehood,VERBATIM truth,1,5
cold,blatant_falsehood,GIST truth,1,5
cold,blatant_falsehood,VERBATIM truth,1,5
cold,blatant_falsehood,GIST truth,1,5
cold,blatant_falsehood,VERBATIM truth,1,5
cold,blatant_falsehood,GIST truth,1,6
cold,blatant_falsehood,VERBATIM truth,1,6
cold,blatant_falsehood,GIST truth,1,6
cold,blatant_falsehood,VERBATIM truth,1,6
cold,blatant_falsehood,GIST truth,1,6
cold,blatant_falsehood,VERBATIM truth,1,6
cold,blatant_falsehood,GIST truth,1,6
cold,blatant_falsehood,VERBATIM truth,1,6
cold,blatant_falsehood,GIST truth,1,6
cold,blatant_falsehood,VERBATIM truth,1,6
cold,blatant_falsehood,GIST truth,1,6
cold,blatant_falsehood,VERBATIM truth,1,6
cold,blatant_falsehood,GIST truth,1,6
cold,blatant_falsehood,VERBATIM truth,1,6
cold,blatant_falsehood,GIST truth,1,6
cold,blatant_falsehood,VERBATIM truth,1,6
cold,blatant_falsehood,GIST truth,1,6
cold,blatant_falsehood,VERBATIM truth,1,6
cold,blatant_falsehood,GIST truth,1,6
cold,blatant_falsehood,VERBATIM truth,1,6
cold,blatant_falsehood,GIST truth,1,6
cold,blatant_falsehood,VERBATIM truth,1,6
cold,blatant_falsehood,GIST truth,1,6
cold,blatant_falsehood,VERBATIM truth,1,6
cold,blatant_falsehood,GIST truth,1,4
cold,blatant_falsehood,VERBATIM truth,1,4
cold,blatant_falsehood,GIST truth,1,4
cold,blatant_falsehood,VERBATIM truth,1,4
cold,blatant_falsehood,GIST truth,1,4
cold,blatant_falsehood,VERBATIM truth,1,4
cold,blatant_falsehood,GIST truth,1,4
cold,blatant_falsehood,VERBATIM truth,1,4
cold,blatant_falsehood,GIST truth,1,5
cold,blatant_falsehood,VERBATIM truth,1,5
cold,blatant_falsehood,GIST truth,1,5
cold,blatant_falsehood,VERBATIM truth,1,5
cold,blatant_falsehood,GIST truth,1,5
cold,blatant_falsehood,VERBATIM truth,1,5
cold,blatant_falsehood,GIST truth,1,5
cold,blatant_falsehood,VERBATIM truth,1,5
cold,blatant_falsehood,GIST truth,1,5
cold,blatant_falsehood,VERBATIM truth,1,5
cold,fully_true,GIST truth,6,1
cold,fully_true,VERBATIM truth,5,1
cold,fully_true,GIST truth,6,2
cold,fully_true,VERBATIM truth,4,2
cold,fully_true,GIST truth,6,1
cold,fully_true,VERBATIM truth,5,1
cold,fully_true,GIST truth,6,1
cold,fully_true,VERBATIM truth,5,1
cold,fully_true,GIST truth,6,1
cold,fully_true,VERBATIM truth,5,1
cold,fully_true,GIST truth,6,1
cold,fully_true,VERBATIM truth,5,1
cold,fully_true,GIST truth,6,1
cold,fully_true,VERBATIM truth,5,1
cold,fully_true,GIST truth,6,1
cold,fully_true,VERBATIM truth,5,1
cold,fully_true,GIST truth,6,2
cold,fully_true,VERBATIM truth,5,2
cold,fully_true,GIST truth,6,2
cold,fully_true,VERBATIM truth,5,2
cold,fully_true,GIST truth,6,2
cold,fully_true,VERBATIM truth,5,2
cold,fully_true,GIST truth,6,2
cold,fully_true,VERBATIM truth,5,2
cold,fully_true,GIST truth,6,2
cold,fully_true,VERBATIM truth,5,2
cold,fully_true,GIST truth,6,1
cold,fully_true,VERBATIM truth,5,1
cold,fully_true,GIST truth,6,1
cold,fully_true,VERBATIM truth,5,1
cold,fully_true,GIST truth,6,2
cold,fully_true,VERBATIM truth,5,2
cold,fully_true,GIST truth,7,1
cold,fully_true,VERBATIM truth,5,1
cold,fully_true,GIST truth,7,1
cold,fully_true,VERBATIM truth,5,1
cold,fully_true,GIST truth,6,2
cold,fully_true,VERBATIM truth,4,2
cold,fully_true,GIST truth,6,2
cold,fully_true,VERBATIM truth,4,2
cold,fully_true,GIST truth,7,1
cold,fully_true,VERBATIM truth,5,1
cold,fully_true,GIST truth,7,1
cold,fully_true,VERBATIM truth,6,1
cold,fully_true,GIST truth,7,1
cold,fully_true,VERBATIM truth,7,1
cold,fully_true,GIST truth,7,1
cold,fully_true,VERBATIM truth,7,1
cold,fully_true,GIST truth,7,1
cold,fully_true,VERBATIM truth,7,1
cold,fully_true,GIST truth,7,1
cold,fully_true,VERBATIM truth,7,1
cold,fully_true,GIST truth,7,1
cold,fully_true,VERBATIM truth,5,1
cold,fully_true,GIST truth,7,1
cold,fully_true,VERBATIM truth,5,1
cold,fully_true,GIST truth,7,1
cold,fully_true,VERBATIM truth,7,1
cold,fully_true,GIST truth,7,1
cold,fully_true,VERBATIM truth,7,1
cold,palter,GIST truth,6,1
cold,palter,VERBATIM truth,6,1
cold,palter,GIST truth,6,1
cold,palter,VERBATIM truth,6,1
cold,palter,GIST truth,6,1
cold,palter,VERBATIM truth,7,1
cold,palter,GIST truth,7,1
cold,palter,VERBATIM truth,7,1
cold,palter,GIST truth,6,1
cold,palter,VERBATIM truth,6,1
cold,palter,GIST truth,5,1
cold,palter,VERBATIM truth,6,1
cold,palter,GIST truth,6,1
cold,palter,VERBATIM truth,6,1
cold,palter,GIST truth,5,1
cold,palter,VERBATIM truth,6,1
cold,palter,GIST truth,6,1
cold,palter,VERBATIM truth,6,1
cold,palter,GIST truth,5,1
cold,palter,VERBATIM truth,6,1
cold,palter,GIST truth,3,3
cold,palter,VERBATIM truth,5,3
cold,palter,GIST truth,3,3
cold,palter,VERBATIM truth,6,3
cold,palter,GIST truth,3,3
cold,palter,VERBATIM truth,6,3
cold,palter,GIST truth,3,3
cold,palter,VERBATIM truth,6,3
cold,palter,GIST truth,3,4
cold,palter,VERBATIM truth,6,4
cold,palter,GIST truth,4,3
cold,palter,VERBATIM truth,6,3
cold,palter,GIST truth,4,3
cold,palter,VERBATIM truth,6,3
cold,palter,GIST truth,3,3
cold,palter,VERBATIM truth,6,3
cold,palter,GIST truth,3,4
cold,palter,VERBATIM truth,6,4
cold,palter,GIST truth,3,3
cold,palter,VERBATIM truth,6,3
cold,palter,GIST truth,7,1
cold,palter,VERBATIM truth,7,1
cold,palter,GIST truth,7,1
cold,palter,VERBATIM truth,7,1
cold,palter,GIST truth,7,1
cold,palter,VERBATIM truth,7,1
cold,palter,GIST truth,7,1
cold,palter,VERBATIM truth,7,1
cold,palter,GIST truth,7,1
cold,palter,VERBATIM truth,7,1
cold,palter,GIST truth,7,1
cold,palter,VERBATIM truth,7,1
cold,palter,GIST truth,7,1
cold,palter,VERBATIM truth,7,1
cold,palter,GIST truth,7,1
cold,palter,VERBATIM truth,7,1
cold,palter,GIST truth,7,1
cold,palter,VERBATIM truth,7,1
cold,palter,GIST truth,7,1
cold,palter,VERBATIM truth,7,1
cold,truthy_falsehood,GIST truth,6,2
cold,truthy_falsehood,VERBATIM truth,2,2
cold,truthy_falsehood,GIST truth,5,3
cold,truthy_falsehood,VERBATIM truth,2,3
cold,truthy_falsehood,GIST truth,5,3
cold,truthy_falsehood,VERBATIM truth,2,3
cold,truthy_falsehood,GIST truth,6,2
cold,truthy_falsehood,VERBATIM truth,2,2
cold,truthy_falsehood,GIST truth,6,3
cold,truthy_falsehood,VERBATIM truth,2,3
cold,truthy_falsehood,GIST truth,6,3
cold,truthy_falsehood,VERBATIM truth,2,3
cold,truthy_falsehood,GIST truth,5,3
cold,truthy_falsehood,VERBATIM truth,2,3
cold,truthy_falsehood,GIST truth,6,3
cold,truthy_falsehood,VERBATIM truth,2,3
cold,truthy_falsehood,GIST truth,6,3
cold,truthy_falsehood,VERBATIM truth,2,3
cold,truthy_falsehood,GIST truth,6,3
cold,truthy_falsehood,VERBATIM truth,2,3
cold,truthy_falsehood,GIST truth,6,3
cold,truthy_falsehood,VERBATIM truth,2,3
cold,truthy_falsehood,GIST truth,6,3
cold,truthy_falsehood,VERBATIM truth,2,3
cold,truthy_falsehood,GIST truth,6,3
cold,truthy_falsehood,VERBATIM truth,2,3
cold,truthy_falsehood,GIST truth,6,3
cold,truthy_falsehood,VERBATIM truth,2,3
cold,truthy_falsehood,GIST truth,6,3
cold,truthy_falsehood,VERBATIM truth,2,3
cold,truthy_falsehood,GIST truth,6,3
cold,truthy_falsehood,VERBATIM truth,2,3
cold,truthy_falsehood,GIST truth,6,3
cold,truthy_falsehood,VERBATIM truth,2,3
cold,truthy_falsehood,GIST truth,6,3
cold,truthy_falsehood,VERBATIM truth,2,3
cold,truthy_falsehood,GIST truth,6,3
cold,truthy_falsehood,VERBATIM truth,2,3
cold,truthy_falsehood,GIST truth,5,3
cold,truthy_falsehood,VERBATIM truth,2,3
cold,truthy_falsehood,GIST truth,5,1
cold,truthy_falsehood,VERBATIM truth,2,1
cold,truthy_falsehood,GIST truth,5,1
cold,truthy_falsehood,VERBATIM truth,2,1
cold,truthy_falsehood,GIST truth,5,1
cold,truthy_falsehood,VERBATIM truth,2,1
cold,truthy_falsehood,GIST truth,5,1
cold,truthy_falsehood,VERBATIM truth,2,1
cold,truthy_falsehood,GIST truth,5,1
cold,truthy_falsehood,VERBATIM truth,2,1
cold,truthy_falsehood,GIST truth,5,1
cold,truthy_falsehood,VERBATIM truth,3,1
cold,truthy_falsehood,GIST truth,5,1
cold,truthy_falsehood,VERBATIM truth,3,1
cold,truthy_falsehood,GIST truth,5,1
cold,truthy_falsehood,VERBATIM truth,3,1
cold,truthy_falsehood,GIST truth,5,1
cold,truthy_falsehood,VERBATIM truth,2,1
cold,truthy_falsehood,GIST truth,5,1
cold,truthy_falsehood,VERBATIM truth,2,1
cold,blatant_falsehood,GIST truth,1,6
cold,blatant_falsehood,VERBATIM truth,1,6
cold,blatant_falsehood,GIST truth,1,5
cold,blatant_falsehood,VERBATIM truth,1,5
cold,blatant_falsehood,GIST truth,1,5
cold,blatant_falsehood,VERBATIM truth,1,5
cold,blatant_falsehood,GIST truth,1,5
cold,blatant_falsehood,VERBATIM truth,1,5
cold,blatant_falsehood,GIST truth,1,5
cold,blatant_falsehood,VERBATIM truth,1,5
cold,blatant_falsehood,GIST truth,1,4
cold,blatant_falsehood,VERBATIM truth,1,4
cold,blatant_falsehood,GIST truth,1,4
cold,blatant_falsehood,VERBATIM truth,1,4
cold,blatant_falsehood,GIST truth,1,5
cold,blatant_falsehood,VERBATIM truth,1,5
cold,blatant_falsehood,GIST truth,1,5
cold,blatant_falsehood,VERBATIM truth,1,5
cold,blatant_falsehood,GIST truth,1,5
cold,blatant_falsehood,VERBATIM truth,1,5
cold,blatant_falsehood,GIST truth,1,6
cold,blatant_falsehood,VERBATIM truth,1,6
cold,blatant_falsehood,GIST truth,1,6
cold,blatant_falsehood,VERBATIM truth,1,6
cold,blatant_falsehood,GIST truth,1,6
cold,blatant_falsehood,VERBATIM truth,1,6
cold,blatant_falsehood,GIST truth,1,6
cold,blatant_falsehood,VERBATIM truth,1,6
cold,blatant_falsehood,GIST truth,1,6
cold,blatant_falsehood,VERBATIM truth,1,6
cold,blatant_falsehood,GIST truth,1,6
cold,blatant_falsehood,VERBATIM truth,1,6
cold,blatant_falsehood,GIST truth,1,6
cold,blatant_falsehood,VERBATIM truth,1,6
cold,blatant_falsehood,GIST truth,1,6
cold,blatant_falsehood,VERBATIM truth,1,6
cold,blatant_falsehood,GIST truth,1,6
cold,blatant_falsehood,VERBATIM truth,1,6
cold,blatant_falsehood,GIST truth,1,6
cold,blatant_falsehood,VERBATIM truth,1,6
cold,blatant_falsehood,GIST truth,1,4
cold,blatant_falsehood,VERBATIM truth,1,4
cold,blatant_falsehood,GIST truth,1,1
cold,blatant_falsehood,VERBATIM truth,1,1
cold,blatant_falsehood,GIST truth,1,1
cold,blatant_falsehood,VERBATIM truth,1,1
cold,blatant_falsehood,GIST truth,1,1
cold,blatant_falsehood,VERBATIM truth,1,1
cold,blatant_falsehood,GIST truth,1,1
cold,blatant_falsehood,VERBATIM truth,1,1
cold,blatant_falsehood,GIST truth,1,1
cold,blatant_falsehood,VERBATIM truth,1,1
cold,blatant_falsehood,GIST truth,1,1
cold,blatant_falsehood,VERBATIM truth,1,1
cold,blatant_falsehood,GIST truth,1,4
cold,blatant_falsehood,VERBATIM truth,1,4
cold,blatant_falsehood,GIST truth,1,1
cold,blatant_falsehood,VERBATIM truth,1,1
cold,blatant_falsehood,GIST truth,1,1
cold,blatant_falsehood,VERBATIM truth,1,1
cold,fully_true,GIST truth,7,1
cold,fully_true,VERBATIM truth,7,1
cold,fully_true,GIST truth,7,1
cold,fully_true,VERBATIM truth,7,1
cold,fully_true,GIST truth,7,1
cold,fully_true,VERBATIM truth,7,1
cold,fully_true,GIST truth,7,1
cold,fully_true,VERBATIM truth,7,1
cold,fully_true,GIST truth,7,1
cold,fully_true,VERBATIM truth,7,1
cold,fully_true,GIST truth,7,1
cold,fully_true,VERBATIM truth,7,1
cold,fully_true,GIST truth,7,1
cold,fully_true,VERBATIM truth,7,1
cold,fully_true,GIST truth,7,1
cold,fully_true,VERBATIM truth,7,1
cold,fully_true,GIST truth,7,1
cold,fully_true,VERBATIM truth,7,1
cold,fully_true,GIST truth,7,1
cold,fully_true,VERBATIM truth,7,1
cold,fully_true,GIST truth,7,1
cold,fully_true,VERBATIM truth,6,1
cold,fully_true,GIST truth,7,1
cold,fully_true,VERBATIM truth,6,1
cold,fully_true,GIST truth,7,1
cold,fully_true,VERBATIM truth,6,1
cold,fully_true,GIST truth,7,1
cold,fully_true,VERBATIM truth,6,1
cold,fully_true,GIST truth,7,1
cold,fully_true,VERBATIM truth,6,1
cold,fully_true,GIST truth,7,1
cold,fully_true,VERBATIM truth,6,1
cold,fully_true,GIST truth,7,1
cold,fully_true,VERBATIM truth,6,1
cold,fully_true,GIST truth,7,1
cold,fully_true,VERBATIM truth,6,1
cold,fully_true,GIST truth,7,1
cold,fully_true,VERBATIM truth,6,1
cold,fully_true,GIST truth,7,1
cold,fully_true,VERBATIM truth,6,1
cold,fully_true,GIST truth,7,1
cold,fully_true,VERBATIM truth,7,1
cold,fully_true,GIST truth,7,1
cold,fully_true,VERBATIM truth,7,1
cold,fully_true,GIST truth,7,1
cold,fully_true,VERBATIM truth,7,1
cold,fully_true,GIST truth,7,1
cold,fully_true,VERBATIM truth,7,1
cold,fully_true,GIST truth,7,1
cold,fully_true,VERBATIM truth,7,1
cold,fully_true,GIST truth,7,1
cold,fully_true,VERBATIM truth,7,1
cold,fully_true,GIST truth,7,1
cold,fully_true,VERBATIM truth,7,1
cold,fully_true,GIST truth,7,1
cold,fully_true,VERBATIM truth,7,1
cold,fully_true,GIST truth,7,1
cold,fully_true,VERBATIM truth,7,1
cold,fully_true,GIST truth,7,1
cold,fully_true,VERBATIM truth,7,1
cold,palter,GIST truth,2,5
cold,palter,VERBATIM truth,6,5
cold,palter,GIST truth,2,2
cold,palter,VERBATIM truth,5,2
cold,palter,GIST truth,2,5
cold,palter,VERBATIM truth,6,5
cold,palter,GIST truth,1,5
cold,palter,VERBATIM truth,6,5
cold,palter,GIST truth,2,6
cold,palter,VERBATIM truth,6,6
cold,palter,GIST truth,2,5
cold,palter,VERBATIM truth,6,5
cold,palter,GIST truth,2,4
cold,palter,VERBATIM truth,6,4
cold,palter,GIST truth,2,5
cold,palter,VERBATIM truth,6,5
cold,palter,GIST truth,2,5
cold,palter,VERBATIM truth,6,5
cold,palter,GIST truth,2,5
cold,palter,VERBATIM truth,5,5
cold,palter,GIST truth,2,4
cold,palter,VERBATIM truth,3,4
cold,palter,GIST truth,2,4
cold,palter,VERBATIM truth,3,4
cold,palter,GIST truth,2,4
cold,palter,VERBATIM truth,3,4
cold,palter,GIST truth,2,4
cold,palter,VERBATIM truth,3,4
cold,palter,GIST truth,2,4
cold,palter,VERBATIM truth,3,4
cold,palter,GIST truth,2,4
cold,palter,VERBATIM truth,3,4
cold,palter,GIST truth,2,4
cold,palter,VERBATIM truth,3,4
cold,palter,GIST truth,2,4
cold,palter,VERBATIM truth,3,4
cold,palter,GIST truth,2,4
cold,palter,VERBATIM truth,3,4
cold,palter,GIST truth,2,4
cold,palter,VERBATIM truth,3,4
cold,palter,GIST truth,2,5
cold,palter,VERBATIM truth,7,5
cold,palter,GIST truth,2,5
cold,palter,VERBATIM truth,7,5
cold,palter,GIST truth,2,5
cold,palter,VERBATIM truth,7,5
cold,palter,GIST truth,2,5
cold,palter,VERBATIM truth,7,5
cold,palter,GIST truth,2,5
cold,palter,VERBATIM truth,4,5
cold,palter,GIST truth,2,5
cold,palter,VERBATIM truth,7,5
cold,palter,GIST truth,2,5
cold,palter,VERBATIM truth,4,5
cold,palter,GIST truth,3,4
cold,palter,VERBATIM truth,4,4
cold,palter,GIST truth,2,5
cold,palter,VERBATIM truth,6,5
cold,palter,GIST truth,2,5
cold,palter,VERBATIM truth,7,5
cold,truthy_falsehood,GIST truth,3,2
cold,truthy_falsehood,VERBATIM truth,2,2
cold,truthy_falsehood,GIST truth,4,2
cold,truthy_falsehood,VERBATIM truth,2,2
cold,truthy_falsehood,GIST truth,5,2
cold,truthy_falsehood,VERBATIM truth,2,2
cold,truthy_falsehood,GIST truth,3,3
cold,truthy_falsehood,VERBATIM truth,1,3
cold,truthy_falsehood,GIST truth,5,3
cold,truthy_falsehood,VERBATIM truth,2,3
cold,truthy_falsehood,GIST truth,5,2
cold,truthy_falsehood,VERBATIM truth,2,2
cold,truthy_falsehood,GIST truth,5,2
cold,truthy_falsehood,VERBATIM truth,2,2
cold,truthy_falsehood,GIST truth,3,2
cold,truthy_falsehood,VERBATIM truth,2,2
cold,truthy_falsehood,GIST truth,5,2
cold,truthy_falsehood,VERBATIM truth,2,2
cold,truthy_falsehood,GIST truth,4,3
cold,truthy_falsehood,VERBATIM truth,2,3
cold,truthy_falsehood,GIST truth,5,3
cold,truthy_falsehood,VERBATIM truth,2,3
cold,truthy_falsehood,GIST truth,5,3
cold,truthy_falsehood,VERBATIM truth,2,3
cold,truthy_falsehood,GIST truth,3,3
cold,truthy_falsehood,VERBATIM truth,2,3
cold,truthy_falsehood,GIST truth,5,3
cold,truthy_falsehood,VERBATIM truth,2,3
cold,truthy_falsehood,GIST truth,5,3
cold,truthy_falsehood,VERBATIM truth,2,3
cold,truthy_falsehood,GIST truth,5,3
cold,truthy_falsehood,VERBATIM truth,2,3
cold,truthy_falsehood,GIST truth,5,3
cold,truthy_falsehood,VERBATIM truth,2,3
cold,truthy_falsehood,GIST truth,4,3
cold,truthy_falsehood,VERBATIM truth,2,3
cold,truthy_falsehood,GIST truth,3,3
cold,truthy_falsehood,VERBATIM truth,2,3
cold,truthy_falsehood,GIST truth,5,3
cold,truthy_falsehood,VERBATIM truth,2,3
cold,truthy_falsehood,GIST truth,3,1
cold,truthy_falsehood,VERBATIM truth,2,1
cold,truthy_falsehood,GIST truth,5,1
cold,truthy_falsehood,VERBATIM truth,2,1
cold,truthy_falsehood,GIST truth,5,1
cold,truthy_falsehood,VERBATIM truth,2,1
cold,truthy_falsehood,GIST truth,5,1
cold,truthy_falsehood,VERBATIM truth,2,1
cold,truthy_falsehood,GIST truth,5,1
cold,truthy_falsehood,VERBATIM truth,2,1
cold,truthy_falsehood,GIST truth,5,1
cold,truthy_falsehood,VERBATIM truth,2,1
cold,truthy_falsehood,GIST truth,5,1
cold,truthy_falsehood,VERBATIM truth,2,1
cold,truthy_falsehood,GIST truth,3,1
cold,truthy_falsehood,VERBATIM truth,2,1
cold,truthy_falsehood,GIST truth,5,1
cold,truthy_falsehood,VERBATIM truth,2,1
cold,truthy_falsehood,GIST truth,5,1
cold,truthy_falsehood,VERBATIM truth,2,1
cold,blatant_falsehood,GIST truth,1,5
cold,blatant_falsehood,VERBATIM truth,1,5
cold,blatant_falsehood,GIST truth,1,5
cold,blatant_falsehood,VERBATIM truth,1,5
cold,blatant_falsehood,GIST truth,1,6
cold,blatant_falsehood,VERBATIM truth,1,6
cold,blatant_falsehood,GIST truth,1,5
cold,blatant_falsehood,VERBATIM truth,1,5
cold,blatant_falsehood,GIST truth,1,5
cold,blatant_falsehood,VERBATIM truth,1,5
cold,blatant_falsehood,GIST truth,1,6
cold,blatant_falsehood,VERBATIM truth,1,6
cold,blatant_falsehood,GIST truth,1,6
cold,blatant_falsehood,VERBATIM truth,1,6
cold,blatant_falsehood,GIST truth,1,5
cold,blatant_falsehood,VERBATIM truth,1,5
cold,blatant_falsehood,GIST truth,1,5
cold,blatant_falsehood,VERBATIM truth,1,5
cold,blatant_falsehood,GIST truth,1,6
cold,blatant_falsehood,VERBATIM truth,1,6
cold,blatant_falsehood,GIST truth,1,6
cold,blatant_falsehood,VERBATIM truth,1,6
cold,blatant_falsehood,GIST truth,1,5
cold,blatant_falsehood,VERBATIM truth,1,5
cold,blatant_falsehood,GIST truth,1,6
cold,blatant_falsehood,VERBATIM truth,1,6
cold,blatant_falsehood,GIST truth,1,5
cold,blatant_falsehood,VERBATIM truth,1,5
cold,blatant_falsehood,GIST truth,1,6
cold,blatant_falsehood,VERBATIM truth,1,6
cold,blatant_falsehood,GIST truth,1,5
cold,blatant_falsehood,VERBATIM truth,1,5
cold,blatant_falsehood,GIST truth,1,6
cold,blatant_falsehood,VERBATIM truth,1,6
cold,blatant_falsehood,GIST truth,1,6
cold,blatant_falsehood,VERBATIM truth,1,6
cold,blatant_falsehood,GIST truth,1,6
cold,blatant_falsehood,VERBATIM truth,1,6
cold,blatant_falsehood,GIST truth,1,6
cold,blatant_falsehood,VERBATIM truth,1,6
cold,blatant_falsehood,GIST truth,1,7
cold,blatant_falsehood,VERBATIM truth,1,7
cold,blatant_falsehood,GIST truth,1,7
cold,blatant_falsehood,VERBATIM truth,1,7
cold,blatant_falsehood,GIST truth,1,7
cold,blatant_falsehood,VERBATIM truth,1,7
cold,blatant_falsehood,GIST truth,1,7
cold,blatant_falsehood,VERBATIM truth,1,7
cold,blatant_falsehood,GIST truth,1,7
cold,blatant_falsehood,VERBATIM truth,1,7
cold,blatant_falsehood,GIST truth,1,7
cold,blatant_falsehood,VERBATIM truth,1,7
cold,blatant_falsehood,GIST truth,1,7
cold,blatant_falsehood,VERBATIM truth,1,7
cold,blatant_falsehood,GIST truth,1,7
cold,blatant_falsehood,VERBATIM truth,1,7
cold,blatant_falsehood,GIST truth,1,7
cold,blatant_falsehood,VERBATIM truth,1,7
cold,blatant_falsehood,GIST truth,1,7
cold,blatant_falsehood,VERBATIM truth,1,7
cold,fully_true,GIST truth,7,1
cold,fully_true,VERBATIM truth,7,1
cold,fully_true,GIST truth,7,1
cold,fully_true,VERBATIM truth,7,1
cold,fully_true,GIST truth,7,1
cold,fully_true,VERBATIM truth,7,1
cold,fully_true,GIST truth,7,1
cold,fully_true,VERBATIM truth,7,1
cold,fully_true,GIST truth,7,1
cold,fully_true,VERBATIM truth,7,1
cold,fully_true,GIST truth,7,1
cold,fully_true,VERBATIM truth,7,1
cold,fully_true,GIST truth,7,1
cold,fully_true,VERBATIM truth,7,1
cold,fully_true,GIST truth,7,1
cold,fully_true,VERBATIM truth,7,1
cold,fully_true,GIST truth,7,1
cold,fully_true,VERBATIM truth,7,1
cold,fully_true,GIST truth,7,1
cold,fully_true,VERBATIM truth,7,1
cold,fully_true,GIST truth,7,1
cold,fully_true,VERBATIM truth,7,1
cold,fully_true,GIST truth,7,1
cold,fully_true,VERBATIM truth,7,1
cold,fully_true,GIST truth,7,1
cold,fully_true,VERBATIM truth,7,1
cold,fully_true,GIST truth,7,1
cold,fully_true,VERBATIM truth,7,1
cold,fully_true,GIST truth,7,1
cold,fully_true,VERBATIM truth,7,1
cold,fully_true,GIST truth,7,1
cold,fully_true,VERBATIM truth,7,1
cold,fully_true,GIST truth,7,1
cold,fully_true,VERBATIM truth,7,1
cold,fully_true,GIST truth,7,1
cold,fully_true,VERBATIM truth,7,1
cold,fully_true,GIST truth,7,1
cold,fully_true,VERBATIM truth,7,1
cold,fully_true,GIST truth,7,1
cold,fully_true,VERBATIM truth,7,1
cold,fully_true,GIST truth,7,1
cold,fully_true,VERBATIM truth,7,1
cold,fully_true,GIST truth,7,1
cold,fully_true,VERBATIM truth,7,1
cold,fully_true,GIST truth,7,1
cold,fully_true,VERBATIM truth,7,1
cold,fully_true,GIST truth,7,1
cold,fully_true,VERBATIM truth,7,1
cold,fully_true,GIST truth,7,1
cold,fully_true,VERBATIM truth,7,1
cold,fully_true,GIST truth,7,1
cold,fully_true,VERBATIM truth,7,1
cold,fully_true,GIST truth,7,1
cold,fully_true,VERBATIM truth,7,1
cold,fully_true,GIST truth,7,1
cold,fully_true,VERBATIM truth,7,1
cold,fully_true,GIST truth,7,1
cold,fully_true,VERBATIM truth,7,1
cold,fully_true,GIST truth,7,1
cold,fully_true,VERBATIM truth,7,1
cold,palter,GIST truth,2,2
cold,palter,VERBATIM truth,7,2
cold,palter,GIST truth,2,3
cold,palter,VERBATIM truth,6,3
cold,palter,GIST truth,3,2
cold,palter,VERBATIM truth,7,2
cold,palter,GIST truth,2,3
cold,palter,VERBATIM truth,6,3
cold,palter,GIST truth,3,2
cold,palter,VERBATIM truth,6,2
cold,palter,GIST truth,2,2
cold,palter,VERBATIM truth,7,2
cold,palter,GIST truth,2,2
cold,palter,VERBATIM truth,6,2
cold,palter,GIST truth,2,2
cold,palter,VERBATIM truth,7,2
cold,palter,GIST truth,2,3
cold,palter,VERBATIM truth,6,3
cold,palter,GIST truth,2,2
cold,palter,VERBATIM truth,7,2
cold,palter,GIST truth,2,5
cold,palter,VERBATIM truth,6,5
cold,palter,GIST truth,2,3
cold,palter,VERBATIM truth,7,3
cold,palter,GIST truth,2,5
cold,palter,VERBATIM truth,6,5
cold,palter,GIST truth,2,4
cold,palter,VERBATIM truth,6,4
cold,palter,GIST truth,2,4
cold,palter,VERBATIM truth,6,4
cold,palter,GIST truth,2,4
cold,palter,VERBATIM truth,6,4
cold,palter,GIST truth,2,4
cold,palter,VERBATIM truth,7,4
cold,palter,GIST truth,2,4
cold,palter,VERBATIM truth,6,4
cold,palter,GIST truth,2,3
cold,palter,VERBATIM truth,6,3
cold,palter,GIST truth,2,4
cold,palter,VERBATIM truth,7,4
cold,palter,GIST truth,3,1
cold,palter,VERBATIM truth,7,1
cold,palter,GIST truth,2,1
cold,palter,VERBATIM truth,7,1
cold,palter,GIST truth,3,1
cold,palter,VERBATIM truth,7,1
cold,palter,GIST truth,3,1
cold,palter,VERBATIM truth,7,1
cold,palter,GIST truth,2,2
cold,palter,VERBATIM truth,7,2
cold,palter,GIST truth,3,2
cold,palter,VERBATIM truth,7,2
cold,palter,GIST truth,2,1
cold,palter,VERBATIM truth,7,1
cold,palter,GIST truth,2,2
cold,palter,VERBATIM truth,7,2
cold,palter,GIST truth,2,1
cold,palter,VERBATIM truth,7,1
cold,palter,GIST truth,3,1
cold,palter,VERBATIM truth,7,1
cold,truthy_falsehood,GIST truth,7,1
cold,truthy_falsehood,VERBATIM truth,6,1
cold,truthy_falsehood,GIST truth,7,1
cold,truthy_falsehood,VERBATIM truth,5,1
cold,truthy_falsehood,GIST truth,7,1
cold,truthy_falsehood,VERBATIM truth,6,1
cold,truthy_falsehood,GIST truth,6,1
cold,truthy_falsehood,VERBATIM truth,5,1
cold,truthy_falsehood,GIST truth,7,1
cold,truthy_falsehood,VERBATIM truth,6,1
cold,truthy_falsehood,GIST truth,7,1
cold,truthy_falsehood,VERBATIM truth,6,1
cold,truthy_falsehood,GIST truth,7,1
cold,truthy_falsehood,VERBATIM truth,6,1
cold,truthy_falsehood,GIST truth,6,1
cold,truthy_falsehood,VERBATIM truth,5,1
cold,truthy_falsehood,GIST truth,7,1
cold,truthy_falsehood,VERBATIM truth,6,1
cold,truthy_falsehood,GIST truth,7,1
cold,truthy_falsehood,VERBATIM truth,6,1
cold,truthy_falsehood,GIST truth,5,2
cold,truthy_falsehood,VERBATIM truth,3,2
cold,truthy_falsehood,GIST truth,6,2
cold,truthy_falsehood,VERBATIM truth,4,2
cold,truthy_falsehood,GIST truth,6,2
cold,truthy_falsehood,VERBATIM truth,3,2
cold,truthy_falsehood,GIST truth,6,3
cold,truthy_falsehood,VERBATIM truth,3,3
cold,truthy_falsehood,GIST truth,6,2
cold,truthy_falsehood,VERBATIM truth,3,2
cold,truthy_falsehood,GIST truth,5,3
cold,truthy_falsehood,VERBATIM truth,3,3
cold,truthy_falsehood,GIST truth,5,3
cold,truthy_falsehood,VERBATIM truth,3,3
cold,truthy_falsehood,GIST truth,6,3
cold,truthy_falsehood,VERBATIM truth,3,3
cold,truthy_falsehood,GIST truth,5,3
cold,truthy_falsehood,VERBATIM truth,3,3
cold,truthy_falsehood,GIST truth,6,2
cold,truthy_falsehood,VERBATIM truth,3,2
cold,truthy_falsehood,GIST truth,7,1
cold,truthy_falsehood,VERBATIM truth,6,1
cold,truthy_falsehood,GIST truth,7,1
cold,truthy_falsehood,VERBATIM truth,7,1
cold,truthy_falsehood,GIST truth,7,1
cold,truthy_falsehood,VERBATIM truth,4,1
cold,truthy_falsehood,GIST truth,7,1
cold,truthy_falsehood,VERBATIM truth,6,1
cold,truthy_falsehood,GIST truth,7,1
cold,truthy_falsehood,VERBATIM truth,5,1
cold,truthy_falsehood,GIST truth,7,1
cold,truthy_falsehood,VERBATIM truth,5,1
cold,truthy_falsehood,GIST truth,7,1
cold,truthy_falsehood,VERBATIM truth,4,1
cold,truthy_falsehood,GIST truth,7,1
cold,truthy_falsehood,VERBATIM truth,5,1
cold,truthy_falsehood,GIST truth,7,1
cold,truthy_falsehood,VERBATIM truth,7,1
cold,truthy_falsehood,GIST truth,7,1
cold,truthy_falsehood,VERBATIM truth,7,1
cold,blatant_falsehood,GIST truth,1,3
cold,blatant_falsehood,VERBATIM truth,1,3
cold,blatant_falsehood,GIST truth,1,3
cold,blatant_falsehood,VERBATIM truth,1,3
cold,blatant_falsehood,GIST truth,1,3
cold,blatant_falsehood,VERBATIM truth,1,3
cold,blatant_falsehood,GIST truth,1,3
cold,blatant_falsehood,VERBATIM truth,1,3
cold,blatant_falsehood,GIST truth,1,3
cold,blatant_falsehood,VERBATIM truth,1,3
cold,blatant_falsehood,GIST truth,1,5
cold,blatant_falsehood,VERBATIM truth,1,5
cold,blatant_falsehood,GIST truth,1,5
cold,blatant_falsehood,VERBATIM truth,1,5
cold,blatant_falsehood,GIST truth,1,6
cold,blatant_falsehood,VERBATIM truth,1,6
cold,blatant_falsehood,GIST truth,1,3
cold,blatant_falsehood,VERBATIM truth,1,3
cold,blatant_falsehood,GIST truth,1,4
cold,blatant_falsehood,VERBATIM truth,1,4
cold,blatant_falsehood,GIST truth,1,5
cold,blatant_falsehood,VERBATIM truth,1,5
cold,blatant_falsehood,GIST truth,1,5
cold,blatant_falsehood,VERBATIM truth,1,5
cold,blatant_falsehood,GIST truth,1,6
cold,blatant_falsehood,VERBATIM truth,1,6
cold,blatant_falsehood,GIST truth,1,5
cold,blatant_falsehood,VERBATIM truth,1,5
cold,blatant_falsehood,GIST truth,1,5
cold,blatant_falsehood,VERBATIM truth,1,5
cold,blatant_falsehood,GIST truth,1,5
cold,blatant_falsehood,VERBATIM truth,1,5
cold,blatant_falsehood,GIST truth,1,5
cold,blatant_falsehood,VERBATIM truth,1,5
cold,blatant_falsehood,GIST truth,1,5
cold,blatant_falsehood,VERBATIM truth,1,5
cold,blatant_falsehood,GIST truth,1,5
cold,blatant_falsehood,VERBATIM truth,1,5
cold,blatant_falsehood,GIST truth,1,5
cold,blatant_falsehood,VERBATIM truth,1,5
cold,blatant_falsehood,GIST truth,1,1
cold,blatant_falsehood,VERBATIM truth,1,1
cold,blatant_falsehood,GIST truth,1,1
cold,blatant_falsehood,VERBATIM truth,1,1
cold,blatant_falsehood,GIST truth,1,1
cold,blatant_falsehood,VERBATIM truth,1,1
cold,blatant_falsehood,GIST truth,1,1
cold,blatant_falsehood,VERBATIM truth,1,1
cold,blatant_falsehood,GIST truth,1,1
cold,blatant_falsehood,VERBATIM truth,1,1
cold,blatant_falsehood,GIST truth,1,1
cold,blatant_falsehood,VERBATIM truth,1,1
cold,blatant_falsehood,GIST truth,1,1
cold,blatant_falsehood,VERBATIM truth,1,1
cold,blatant_falsehood,GIST truth,1,1
cold,blatant_falsehood,VERBATIM truth,1,1
cold,blatant_falsehood,GIST truth,1,1
cold,blatant_falsehood,VERBATIM truth,1,1
cold,blatant_falsehood,GIST truth,1,1
cold,blatant_falsehood,VERBATIM truth,1,1
cold,fully_true,GIST truth,7,1
cold,fully_true,VERBATIM truth,7,1
cold,fully_true,GIST truth,7,1
cold,fully_true,VERBATIM truth,7,1
cold,fully_true,GIST truth,7,1
cold,fully_true,VERBATIM truth,7,1
cold,fully_true,GIST truth,7,1
cold,fully_true,VERBATIM truth,7,1
cold,fully_true,GIST truth,7,1
cold,fully_true,VERBATIM truth,7,1
cold,fully_true,GIST truth,7,1
cold,fully_true,VERBATIM truth,7,1
cold,fully_true,GIST truth,7,1
cold,fully_true,VERBATIM truth,6,1
cold,fully_true,GIST truth,7,1
cold,fully_true,VERBATIM truth,7,1
cold,fully_true,GIST truth,7,1
cold,fully_true,VERBATIM truth,7,1
cold,fully_true,GIST truth,7,1
cold,fully_true,VERBATIM truth,6,1
cold,fully_true,GIST truth,7,1
cold,fully_true,VERBATIM truth,7,1
cold,fully_true,GIST truth,7,1
cold,fully_true,VERBATIM truth,7,1
cold,fully_true,GIST truth,7,1
cold,fully_true,VERBATIM truth,7,1
cold,fully_true,GIST truth,7,1
cold,fully_true,VERBATIM truth,7,1
cold,fully_true,GIST truth,7,1
cold,fully_true,VERBATIM truth,7,1
cold,fully_true,GIST truth,7,1
cold,fully_true,VERBATIM truth,7,1
cold,fully_true,GIST truth,7,1
cold,fully_true,VERBATIM truth,7,1
cold,fully_true,GIST truth,7,1
cold,fully_true,VERBATIM truth,6,1
cold,fully_true,GIST truth,7,1
cold,fully_true,VERBATIM truth,7,1
cold,fully_true,GIST truth,7,1
cold,fully_true,VERBATIM truth,7,1
cold,fully_true,GIST truth,7,1
cold,fully_true,VERBATIM truth,7,1
cold,fully_true,GIST truth,7,1
cold,fully_true,VERBATIM truth,7,1
cold,fully_true,GIST truth,7,1
cold,fully_true,VERBATIM truth,7,1
cold,fully_true,GIST truth,7,1
cold,fully_true,VERBATIM truth,7,1
cold,fully_true,GIST truth,7,1
cold,fully_true,VERBATIM truth,7,1
cold,fully_true,GIST truth,7,1
cold,fully_true,VERBATIM truth,7,1
cold,fully_true,GIST truth,7,1
cold,fully_true,VERBATIM truth,7,1
cold,fully_true,GIST truth,7,1
cold,fully_true,VERBATIM truth,7,1
cold,fully_true,GIST truth,7,1
cold,fully_true,VERBATIM truth,7,1
cold,fully_true,GIST truth,7,1
cold,fully_true,VERBATIM truth,7,1
cold,palter,GIST truth,5,2
cold,palter,VERBATIM truth,6,2
cold,palter,GIST truth,4,2
cold,palter,VERBATIM truth,6,2
cold,palter,GIST truth,3,2
cold,palter,VERBATIM truth,5,2
cold,palter,GIST truth,4,2
cold,palter,VERBATIM truth,6,2
cold,palter,GIST truth,3,2
cold,palter,VERBATIM truth,5,2
cold,palter,GIST truth,4,2
cold,palter,VERBATIM truth,5,2
cold,palter,GIST truth,5,2
cold,palter,VERBATIM truth,6,2
cold,palter,GIST truth,4,2
cold,palter,VERBATIM truth,5,2
cold,palter,GIST truth,4,2
cold,palter,VERBATIM truth,5,2
cold,palter,GIST truth,5,2
cold,palter,VERBATIM truth,6,2
cold,palter,GIST truth,3,4
cold,palter,VERBATIM truth,5,4
cold,palter,GIST truth,3,3
cold,palter,VERBATIM truth,5,3
cold,palter,GIST truth,3,3
cold,palter,VERBATIM truth,4,3
cold,palter,GIST truth,3,4
cold,palter,VERBATIM truth,5,4
cold,palter,GIST truth,3,3
cold,palter,VERBATIM truth,4,3
cold,palter,GIST truth,3,3
cold,palter,VERBATIM truth,4,3
cold,palter,GIST truth,3,3
cold,palter,VERBATIM truth,5,3
cold,palter,GIST truth,3,3
cold,palter,VERBATIM truth,5,3
cold,palter,GIST truth,3,3
cold,palter,VERBATIM truth,4,3
cold,palter,GIST truth,3,3
cold,palter,VERBATIM truth,5,3
cold,palter,GIST truth,7,1
cold,palter,VERBATIM truth,7,1
cold,palter,GIST truth,7,1
cold,palter,VERBATIM truth,7,1
cold,palter,GIST truth,7,1
cold,palter,VERBATIM truth,7,1
cold,palter,GIST truth,7,1
cold,palter,VERBATIM truth,7,1
cold,palter,GIST truth,7,1
cold,palter,VERBATIM truth,7,1
cold,palter,GIST truth,7,1
cold,palter,VERBATIM truth,7,1
cold,palter,GIST truth,7,1
cold,palter,VERBATIM truth,7,1
cold,palter,GIST truth,7,1
cold,palter,VERBATIM truth,7,1
cold,palter,GIST truth,7,1
cold,palter,VERBATIM truth,7,1
cold,palter,GIST truth,7,1
cold,palter,VERBATIM truth,7,1
cold,truthy_falsehood,GIST truth,6,2
cold,truthy_falsehood,VERBATIM truth,2,2
cold,truthy_falsehood,GIST truth,6,1
cold,truthy_falsehood,VERBATIM truth,2,1
cold,truthy_falsehood,GIST truth,6,2
cold,truthy_falsehood,VERBATIM truth,3,2
cold,truthy_falsehood,GIST truth,6,1
cold,truthy_falsehood,VERBATIM truth,3,1
cold,truthy_falsehood,GIST truth,6,2
cold,truthy_falsehood,VERBATIM truth,3,2
cold,truthy_falsehood,GIST truth,6,1
cold,truthy_falsehood,VERBATIM truth,3,1
cold,truthy_falsehood,GIST truth,6,2
cold,truthy_falsehood,VERBATIM truth,2,2
cold,truthy_falsehood,GIST truth,6,2
cold,truthy_falsehood,VERBATIM truth,2,2
cold,truthy_falsehood,GIST truth,6,1
cold,truthy_falsehood,VERBATIM truth,3,1
cold,truthy_falsehood,GIST truth,6,2
cold,truthy_falsehood,VERBATIM truth,3,2
cold,truthy_falsehood,GIST truth,5,3
cold,truthy_falsehood,VERBATIM truth,2,3
cold,truthy_falsehood,GIST truth,6,3
cold,truthy_falsehood,VERBATIM truth,2,3
cold,truthy_falsehood,GIST truth,6,3
cold,truthy_falsehood,VERBATIM truth,2,3
cold,truthy_falsehood,GIST truth,5,3
cold,truthy_falsehood,VERBATIM truth,2,3
cold,truthy_falsehood,GIST truth,5,3
cold,truthy_falsehood,VERBATIM truth,2,3
cold,truthy_falsehood,GIST truth,6,3
cold,truthy_falsehood,VERBATIM truth,2,3
cold,truthy_falsehood,GIST truth,5,3
cold,truthy_falsehood,VERBATIM truth,2,3
cold,truthy_falsehood,GIST truth,5,3
cold,truthy_falsehood,VERBATIM truth,2,3
cold,truthy_falsehood,GIST truth,6,3
cold,truthy_falsehood,VERBATIM truth,2,3
cold,truthy_falsehood,GIST truth,5,3
cold,truthy_falsehood,VERBATIM truth,2,3
cold,truthy_falsehood,GIST truth,7,1
cold,truthy_falsehood,VERBATIM truth,2,1
cold,truthy_falsehood,GIST truth,7,1
cold,truthy_falsehood,VERBATIM truth,2,1
cold,truthy_falsehood,GIST truth,6,1
cold,truthy_falsehood,VERBATIM truth,3,1
cold,truthy_falsehood,GIST truth,7,1
cold,truthy_falsehood,VERBATIM truth,2,1
cold,truthy_falsehood,GIST truth,7,1
cold,truthy_falsehood,VERBATIM truth,2,1
cold,truthy_falsehood,GIST truth,7,1
cold,truthy_falsehood,VERBATIM truth,3,1
cold,truthy_falsehood,GIST truth,7,1
cold,truthy_falsehood,VERBATIM truth,3,1
cold,truthy_falsehood,GIST truth,6,1
cold,truthy_falsehood,VERBATIM truth,2,1
cold,truthy_falsehood,GIST truth,6,1
cold,truthy_falsehood,VERBATIM truth,3,1
cold,truthy_falsehood,GIST truth,7,1
cold,truthy_falsehood,VERBATIM truth,2,1
cold,blatant_falsehood,GIST truth,1,6
cold,blatant_falsehood,VERBATIM truth,1,6
cold,blatant_falsehood,GIST truth,1,5
cold,blatant_falsehood,VERBATIM truth,1,5
cold,blatant_falsehood,GIST truth,1,5
cold,blatant_falsehood,VERBATIM truth,1,5
cold,blatant_falsehood,GIST truth,1,6
cold,blatant_falsehood,VERBATIM truth,1,6
cold,blatant_falsehood,GIST truth,1,5
cold,blatant_falsehood,VERBATIM truth,1,5
cold,blatant_falsehood,GIST truth,1,5
cold,blatant_falsehood,VERBATIM truth,1,5
cold,blatant_falsehood,GIST truth,1,6
cold,blatant_falsehood,VERBATIM truth,1,6
cold,blatant_falsehood,GIST truth,1,5
cold,blatant_falsehood,VERBATIM truth,1,5
cold,blatant_falsehood,GIST truth,1,6
cold,blatant_falsehood,VERBATIM truth,1,6
cold,blatant_falsehood,GIST truth,1,5
cold,blatant_falsehood,VERBATIM truth,1,5
cold,blatant_falsehood,GIST truth,1,6
cold,blatant_falsehood,VERBATIM truth,1,6
cold,blatant_falsehood,GIST truth,1,6
cold,blatant_falsehood,VERBATIM truth,1,6
cold,blatant_falsehood,GIST truth,1,6
cold,blatant_falsehood,VERBATIM truth,1,6
cold,blatant_falsehood,GIST truth,1,6
cold,blatant_falsehood,VERBATIM truth,1,6
cold,blatant_falsehood,GIST truth,1,6
cold,blatant_falsehood,VERBATIM truth,1,6
cold,blatant_falsehood,GIST truth,1,6
cold,blatant_falsehood,VERBATIM truth,1,6
cold,blatant_falsehood,GIST truth,1,6
cold,blatant_falsehood,VERBATIM truth,1,6
cold,blatant_falsehood,GIST truth,1,6
cold,blatant_falsehood,VERBATIM truth,1,6
cold,blatant_falsehood,GIST truth,1,6
cold,blatant_falsehood,VERBATIM truth,1,6
cold,blatant_falsehood,GIST truth,1,6
cold,blatant_falsehood,VERBATIM truth,1,6
cold,blatant_falsehood,GIST truth,1,1
cold,blatant_falsehood,VERBATIM truth,1,1
cold,blatant_falsehood,GIST truth,1,1
cold,blatant_falsehood,VERBATIM truth,1,1
cold,blatant_falsehood,GIST truth,1,1
cold,blatant_falsehood,VERBATIM truth,1,1
cold,blatant_falsehood,GIST truth,1,1
cold,blatant_falsehood,VERBATIM truth,1,1
cold,blatant_falsehood,GIST truth,1,1
cold,blatant_falsehood,VERBATIM truth,1,1
cold,blatant_falsehood,GIST truth,1,4
cold,blatant_falsehood,VERBATIM truth,1,4
cold,blatant_falsehood,GIST truth,1,1
cold,blatant_falsehood,VERBATIM truth,1,1
cold,blatant_falsehood,GIST truth,1,1
cold,blatant_falsehood,VERBATIM truth,1,1
cold,blatant_falsehood,GIST truth,1,1
cold,blatant_falsehood,VERBATIM truth,1,1
cold,blatant_falsehood,GIST truth,1,1
cold,blatant_falsehood,VERBATIM truth,1,1
cold,fully_true,GIST truth,5,2
cold,fully_true,VERBATIM truth,4,2
cold,fully_true,GIST truth,5,2
cold,fully_true,VERBATIM truth,4,2
cold,fully_true,GIST truth,5,2
cold,fully_true,VERBATIM truth,4,2
cold,fully_true,GIST truth,5,2
cold,fully_true,VERBATIM truth,5,2
cold,fully_true,GIST truth,5,2
cold,fully_true,VERBATIM truth,4,2
cold,fully_true,GIST truth,5,2
cold,fully_true,VERBATIM truth,4,2
cold,fully_true,GIST truth,4,2
cold,fully_true,VERBATIM truth,3,2
cold,fully_true,GIST truth,6,2
cold,fully_true,VERBATIM truth,4,2
cold,fully_true,GIST truth,5,2
cold,fully_true,VERBATIM truth,5,2
cold,fully_true,GIST truth,5,2
cold,fully_true,VERBATIM truth,4,2
cold,fully_true,GIST truth,4,3
cold,fully_true,VERBATIM truth,5,3
cold,fully_true,GIST truth,3,3
cold,fully_true,VERBATIM truth,5,3
cold,fully_true,GIST truth,4,3
cold,fully_true,VERBATIM truth,5,3
cold,fully_true,GIST truth,4,3
cold,fully_true,VERBATIM truth,5,3
cold,fully_true,GIST truth,3,3
cold,fully_true,VERBATIM truth,5,3
cold,fully_true,GIST truth,4,3
cold,fully_true,VERBATIM truth,5,3
cold,fully_true,GIST truth,3,3
cold,fully_true,VERBATIM truth,5,3
cold,fully_true,GIST truth,4,3
cold,fully_true,VERBATIM truth,5,3
cold,fully_true,GIST truth,4,3
cold,fully_true,VERBATIM truth,5,3
cold,fully_true,GIST truth,3,3
cold,fully_true,VERBATIM truth,5,3
cold,fully_true,GIST truth,5,1
cold,fully_true,VERBATIM truth,7,1
cold,fully_true,GIST truth,7,1
cold,fully_true,VERBATIM truth,7,1
cold,fully_true,GIST truth,7,1
cold,fully_true,VERBATIM truth,7,1
cold,fully_true,GIST truth,6,1
cold,fully_true,VERBATIM truth,7,1
cold,fully_true,GIST truth,5,1
cold,fully_true,VERBATIM truth,7,1
cold,fully_true,GIST truth,7,1
cold,fully_true,VERBATIM truth,7,1
cold,fully_true,GIST truth,5,1
cold,fully_true,VERBATIM truth,6,1
cold,fully_true,GIST truth,5,1
cold,fully_true,VERBATIM truth,6,1
cold,fully_true,GIST truth,7,1
cold,fully_true,VERBATIM truth,7,1
cold,fully_true,GIST truth,7,1
cold,fully_true,VERBATIM truth,7,1
cold,palter,GIST truth,3,2
cold,palter,VERBATIM truth,6,2
cold,palter,GIST truth,3,2
cold,palter,VERBATIM truth,6,2
cold,palter,GIST truth,3,1
cold,palter,VERBATIM truth,6,1
cold,palter,GIST truth,3,2
cold,palter,VERBATIM truth,6,2
cold,palter,GIST truth,3,2
cold,palter,VERBATIM truth,6,2
cold,palter,GIST truth,3,2
cold,palter,VERBATIM truth,5,2
cold,palter,GIST truth,3,2
cold,palter,VERBATIM truth,6,2
cold,palter,GIST truth,3,1
cold,palter,VERBATIM truth,6,1
cold,palter,GIST truth,3,2
cold,palter,VERBATIM truth,6,2
cold,palter,GIST truth,3,2
cold,palter,VERBATIM truth,6,2
cold,palter,GIST truth,2,4
cold,palter,VERBATIM truth,5,4
cold,palter,GIST truth,2,4
cold,palter,VERBATIM truth,5,4
cold,palter,GIST truth,2,4
cold,palter,VERBATIM truth,5,4
cold,palter,GIST truth,2,4
cold,palter,VERBATIM truth,5,4
cold,palter,GIST truth,2,4
cold,palter,VERBATIM truth,5,4
cold,palter,GIST truth,2,4
cold,palter,VERBATIM truth,5,4
cold,palter,GIST truth,2,4
cold,palter,VERBATIM truth,5,4
cold,palter,GIST truth,2,4
cold,palter,VERBATIM truth,5,4
cold,palter,GIST truth,2,4
cold,palter,VERBATIM truth,5,4
cold,palter,GIST truth,2,4
cold,palter,VERBATIM truth,5,4
cold,palter,GIST truth,3,1
cold,palter,VERBATIM truth,5,1
cold,palter,GIST truth,5,1
cold,palter,VERBATIM truth,6,1
cold,palter,GIST truth,3,1
cold,palter,VERBATIM truth,4,1
cold,palter,GIST truth,2,1
cold,palter,VERBATIM truth,7,1
cold,palter,GIST truth,3,1
cold,palter,VERBATIM truth,7,1
cold,palter,GIST truth,3,1
cold,palter,VERBATIM truth,6,1
cold,palter,GIST truth,2,1
cold,palter,VERBATIM truth,6,1
cold,palter,GIST truth,3,1
cold,palter,VERBATIM truth,7,1
cold,palter,GIST truth,3,1
cold,palter,VERBATIM truth,4,1
cold,palter,GIST truth,5,1
cold,palter,VERBATIM truth,6,1
cold,truthy_falsehood,GIST truth,3,2
cold,truthy_falsehood,VERBATIM truth,1,2
cold,truthy_falsehood,GIST truth,3,2
cold,truthy_falsehood,VERBATIM truth,1,2
cold,truthy_falsehood,GIST truth,3,2
cold,truthy_falsehood,VERBATIM truth,1,2
cold,truthy_falsehood,GIST truth,2,2
cold,truthy_falsehood,VERBATIM truth,1,2
cold,truthy_falsehood,GIST truth,2,2
cold,truthy_falsehood,VERBATIM truth,1,2
cold,truthy_falsehood,GIST truth,2,2
cold,truthy_falsehood,VERBATIM truth,1,2
cold,truthy_falsehood,GIST truth,2,2
cold,truthy_falsehood,VERBATIM truth,1,2
cold,truthy_falsehood,GIST truth,3,2
cold,truthy_falsehood,VERBATIM truth,2,2
cold,truthy_falsehood,GIST truth,3,2
cold,truthy_falsehood,VERBATIM truth,1,2
cold,truthy_falsehood,GIST truth,2,2
cold,truthy_falsehood,VERBATIM truth,1,2
cold,truthy_falsehood,GIST truth,3,3
cold,truthy_falsehood,VERBATIM truth,2,3
cold,truthy_falsehood,GIST truth,3,3
cold,truthy_falsehood,VERBATIM truth,2,3
cold,truthy_falsehood,GIST truth,3,3
cold,truthy_falsehood,VERBATIM truth,2,3
cold,truthy_falsehood,GIST truth,3,3
cold,truthy_falsehood,VERBATIM truth,2,3
cold,truthy_falsehood,GIST truth,3,3
cold,truthy_falsehood,VERBATIM truth,2,3
cold,truthy_falsehood,GIST truth,2,3
cold,truthy_falsehood,VERBATIM truth,2,3
cold,truthy_falsehood,GIST truth,3,3
cold,truthy_falsehood,VERBATIM truth,2,3
cold,truthy_falsehood,GIST truth,3,3
cold,truthy_falsehood,VERBATIM truth,2,3
cold,truthy_falsehood,GIST truth,3,3
cold,truthy_falsehood,VERBATIM truth,2,3
cold,truthy_falsehood,GIST truth,3,3
cold,truthy_falsehood,VERBATIM truth,2,3
cold,truthy_falsehood,GIST truth,3,1
cold,truthy_falsehood,VERBATIM truth,2,1
cold,truthy_falsehood,GIST truth,3,1
cold,truthy_falsehood,VERBATIM truth,2,1
cold,truthy_falsehood,GIST truth,3,1
cold,truthy_falsehood,VERBATIM truth,2,1
cold,truthy_falsehood,GIST truth,5,1
cold,truthy_falsehood,VERBATIM truth,3,1
cold,truthy_falsehood,GIST truth,3,1
cold,truthy_falsehood,VERBATIM truth,2,1
cold,truthy_falsehood,GIST truth,3,1
cold,truthy_falsehood,VERBATIM truth,2,1
cold,truthy_falsehood,GIST truth,3,1
cold,truthy_falsehood,VERBATIM truth,2,1
cold,truthy_falsehood,GIST truth,3,1
cold,truthy_falsehood,VERBATIM truth,2,1
cold,truthy_falsehood,GIST truth,3,1
cold,truthy_falsehood,VERBATIM truth,2,1
cold,truthy_falsehood,GIST truth,3,1
cold,truthy_falsehood,VERBATIM truth,2,1
cold,blatant_falsehood,GIST truth,1,3
cold,blatant_falsehood,VERBATIM truth,1,3
cold,blatant_falsehood,GIST truth,2,2
cold,blatant_falsehood,VERBATIM truth,1,2
cold,blatant_falsehood,GIST truth,1,2
cold,blatant_falsehood,VERBATIM truth,1,2
cold,blatant_falsehood,GIST truth,1,3
cold,blatant_falsehood,VERBATIM truth,1,3
cold,blatant_falsehood,GIST truth,2,3
cold,blatant_falsehood,VERBATIM truth,1,3
cold,blatant_falsehood,GIST truth,1,3
cold,blatant_falsehood,VERBATIM truth,1,3
cold,blatant_falsehood,GIST truth,1,3
cold,blatant_falsehood,VERBATIM truth,1,3
cold,blatant_falsehood,GIST truth,1,4
cold,blatant_falsehood,VERBATIM truth,1,4
cold,blatant_falsehood,GIST truth,1,3
cold,blatant_falsehood,VERBATIM truth,1,3
cold,blatant_falsehood,GIST truth,1,3
cold,blatant_falsehood,VERBATIM truth,1,3
cold,blatant_falsehood,GIST truth,3,4
cold,blatant_falsehood,VERBATIM truth,2,4
cold,blatant_falsehood,GIST truth,3,4
cold,blatant_falsehood,VERBATIM truth,2,4
cold,blatant_falsehood,GIST truth,3,4
cold,blatant_falsehood,VERBATIM truth,2,4
cold,blatant_falsehood,GIST truth,3,4
cold,blatant_falsehood,VERBATIM truth,2,4
cold,blatant_falsehood,GIST truth,3,4
cold,blatant_falsehood,VERBATIM truth,2,4
cold,blatant_falsehood,GIST truth,3,4
cold,blatant_falsehood,VERBATIM truth,2,4
cold,blatant_falsehood,GIST truth,3,4
cold,blatant_falsehood,VERBATIM truth,2,4
cold,blatant_falsehood,GIST truth,3,4
cold,blatant_falsehood,VERBATIM truth,2,4
cold,blatant_falsehood,GIST truth,3,4
cold,blatant_falsehood,VERBATIM truth,2,4
cold,blatant_falsehood,GIST truth,3,4
cold,blatant_falsehood,VERBATIM truth,2,4
cold,blatant_falsehood,GIST truth,5,1
cold,blatant_falsehood,VERBATIM truth,2,1
cold,blatant_falsehood,GIST truth,3,1
cold,blatant_falsehood,VERBATIM truth,2,1
cold,blatant_falsehood,GIST truth,3,1
cold,blatant_falsehood,VERBATIM truth,2,1
cold,blatant_falsehood,GIST truth,3,1
cold,blatant_falsehood,VERBATIM truth,2,1
cold,blatant_falsehood,GIST truth,5,1
cold,blatant_falsehood,VERBATIM truth,3,1
cold,blatant_falsehood,GIST truth,2,1
cold,blatant_falsehood,VERBATIM truth,2,1
cold,blatant_falsehood,GIST truth,3,1
cold,blatant_falsehood,VERBATIM truth,2,1
cold,blatant_falsehood,GIST truth,3,1
cold,blatant_falsehood,VERBATIM truth,2,1
cold,blatant_falsehood,GIST truth,3,1
cold,blatant_falsehood,VERBATIM truth,2,1
cold,blatant_falsehood,GIST truth,5,1
cold,blatant_falsehood,VERBATIM truth,3,1
cold,fully_true,GIST truth,7,1
cold,fully_true,VERBATIM truth,5,1
cold,fully_true,GIST truth,6,1
cold,fully_true,VERBATIM truth,5,1
cold,fully_true,GIST truth,6,1
cold,fully_true,VERBATIM truth,5,1
cold,fully_true,GIST truth,7,1
cold,fully_true,VERBATIM truth,5,1
cold,fully_true,GIST truth,6,1
cold,fully_true,VERBATIM truth,5,1
cold,fully_true,GIST truth,6,1
cold,fully_true,VERBATIM truth,5,1
cold,fully_true,GIST truth,6,1
cold,fully_true,VERBATIM truth,5,1
cold,fully_true,GIST truth,6,1
cold,fully_true,VERBATIM truth,5,1
cold,fully_true,GIST truth,6,1
cold,fully_true,VERBATIM truth,5,1
cold,fully_true,GIST truth,6,1
cold,fully_true,VERBATIM truth,5,1
cold,fully_true,GIST truth,6,1
cold,fully_true,VERBATIM truth,5,1
cold,fully_true,GIST truth,6,1
cold,fully_true,VERBATIM truth,5,1
cold,fully_true,GIST truth,6,1
cold,fully_true,VERBATIM truth,4,1
cold,fully_true,GIST truth,6,1
cold,fully_true,VERBATIM truth,5,1
cold,fully_true,GIST truth,6,1
cold,fully_true,VERBATIM truth,5,1
cold,fully_true,GIST truth,6,1
cold,fully_true,VERBATIM truth,5,1
cold,fully_true,GIST truth,6,1
cold,fully_true,VERBATIM truth,5,1
cold,fully_true,GIST truth,6,1
cold,fully_true,VERBATIM truth,5,1
cold,fully_true,GIST truth,6,1
cold,fully_true,VERBATIM truth,5,1
cold,fully_true,GIST truth,7,1
cold,fully_true,VERBATIM truth,5,1
cold,fully_true,GIST truth,7,1
cold,fully_true,VERBATIM truth,7,1
cold,fully_true,GIST truth,7,1
cold,fully_true,VERBATIM truth,7,1
cold,fully_true,GIST truth,7,1
cold,fully_true,VERBATIM truth,7,1
cold,fully_true,GIST truth,7,1
cold,fully_true,VERBATIM truth,7,1
cold,fully_true,GIST truth,7,1
cold,fully_true,VERBATIM truth,7,1
cold,fully_true,GIST truth,7,1
cold,fully_true,VERBATIM truth,7,1
cold,fully_true,GIST truth,7,1
cold,fully_true,VERBATIM truth,7,1
cold,fully_true,GIST truth,7,1
cold,fully_true,VERBATIM truth,7,1
cold,fully_true,GIST truth,7,1
cold,fully_true,VERBATIM truth,7,1
cold,fully_true,GIST truth,7,1
cold,fully_true,VERBATIM truth,7,1
cold,palter,GIST truth,3,3
cold,palter,VERBATIM truth,7,3
cold,palter,GIST truth,4,2
cold,palter,VERBATIM truth,6,2
cold,palter,GIST truth,4,2
cold,palter,VERBATIM truth,6,2
cold,palter,GIST truth,3,3
cold,palter,VERBATIM truth,6,3
cold,palter,GIST truth,3,3
cold,palter,VERBATIM truth,6,3
cold,palter,GIST truth,3,3
cold,palter,VERBATIM truth,6,3
cold,palter,GIST truth,3,2
cold,palter,VERBATIM truth,6,2
cold,palter,GIST truth,3,3
cold,palter,VERBATIM truth,6,3
cold,palter,GIST truth,3,2
cold,palter,VERBATIM truth,6,2
cold,palter,GIST truth,3,3
cold,palter,VERBATIM truth,6,3
cold,palter,GIST truth,2,4
cold,palter,VERBATIM truth,5,4
cold,palter,GIST truth,2,5
cold,palter,VERBATIM truth,5,5
cold,palter,GIST truth,2,5
cold,palter,VERBATIM truth,5,5
cold,palter,GIST truth,2,5
cold,palter,VERBATIM truth,5,5
cold,palter,GIST truth,2,5
cold,palter,VERBATIM truth,5,5
cold,palter,GIST truth,2,5
cold,palter,VERBATIM truth,4,5
cold,palter,GIST truth,2,5
cold,palter,VERBATIM truth,5,5
cold,palter,GIST truth,2,5
cold,palter,VERBATIM truth,5,5
cold,palter,GIST truth,2,5
cold,palter,VERBATIM truth,5,5
cold,palter,GIST truth,2,5
cold,palter,VERBATIM truth,5,5
cold,palter,GIST truth,7,1
cold,palter,VERBATIM truth,7,1
cold,palter,GIST truth,7,1
cold,palter,VERBATIM truth,7,1
cold,palter,GIST truth,5,1
cold,palter,VERBATIM truth,7,1
cold,palter,GIST truth,5,1
cold,palter,VERBATIM truth,4,1
cold,palter,GIST truth,3,1
cold,palter,VERBATIM truth,4,1
cold,palter,GIST truth,7,1
cold,palter,VERBATIM truth,7,1
cold,palter,GIST truth,3,1
cold,palter,VERBATIM truth,4,1
cold,palter,GIST truth,3,1
cold,palter,VERBATIM truth,4,1
cold,palter,GIST truth,3,1
cold,palter,VERBATIM truth,7,1
cold,palter,GIST truth,3,2
cold,palter,VERBATIM truth,4,2
cold,truthy_falsehood,GIST truth,5,1
cold,truthy_falsehood,VERBATIM truth,1,1
cold,truthy_falsehood,GIST truth,5,1
cold,truthy_falsehood,VERBATIM truth,1,1
cold,truthy_falsehood,GIST truth,3,2
cold,truthy_falsehood,VERBATIM truth,1,2
cold,truthy_falsehood,GIST truth,5,1
cold,truthy_falsehood,VERBATIM truth,1,1
cold,truthy_falsehood,GIST truth,4,2
cold,truthy_falsehood,VERBATIM truth,1,2
cold,truthy_falsehood,GIST truth,5,1
cold,truthy_falsehood,VERBATIM truth,1,1
cold,truthy_falsehood,GIST truth,5,1
cold,truthy_falsehood,VERBATIM truth,1,1
cold,truthy_falsehood,GIST truth,5,1
cold,truthy_falsehood,VERBATIM truth,1,1
cold,truthy_falsehood,GIST truth,5,1
cold,truthy_falsehood,VERBATIM truth,1,1
cold,truthy_falsehood,GIST truth,3,1
cold,truthy_falsehood,VERBATIM truth,1,1
cold,truthy_falsehood,GIST truth,3,3
cold,truthy_falsehood,VERBATIM truth,1,3
cold,truthy_falsehood,GIST truth,3,3
cold,truthy_falsehood,VERBATIM truth,1,3
cold,truthy_falsehood,GIST truth,2,3
cold,truthy_falsehood,VERBATIM truth,1,3
cold,truthy_falsehood,GIST truth,2,3
cold,truthy_falsehood,VERBATIM truth,1,3
cold,truthy_falsehood,GIST truth,3,3
cold,truthy_falsehood,VERBATIM truth,1,3
cold,truthy_falsehood,GIST truth,2,3
cold,truthy_falsehood,VERBATIM truth,1,3
cold,truthy_falsehood,GIST truth,3,3
cold,truthy_falsehood,VERBATIM truth,1,3
cold,truthy_falsehood,GIST truth,3,3
cold,truthy_falsehood,VERBATIM truth,1,3
cold,truthy_falsehood,GIST truth,2,3
cold,truthy_falsehood,VERBATIM truth,1,3
cold,truthy_falsehood,GIST truth,2,3
cold,truthy_falsehood,VERBATIM truth,1,3
cold,truthy_falsehood,GIST truth,2,1
cold,truthy_falsehood,VERBATIM truth,1,1
cold,truthy_falsehood,GIST truth,2,1
cold,truthy_falsehood,VERBATIM truth,1,1
cold,truthy_falsehood,GIST truth,2,1
cold,truthy_falsehood,VERBATIM truth,1,1
cold,truthy_falsehood,GIST truth,2,1
cold,truthy_falsehood,VERBATIM truth,1,1
cold,truthy_falsehood,GIST truth,2,1
cold,truthy_falsehood,VERBATIM truth,1,1
cold,truthy_falsehood,GIST truth,2,1
cold,truthy_falsehood,VERBATIM truth,1,1
cold,truthy_falsehood,GIST truth,2,1
cold,truthy_falsehood,VERBATIM truth,1,1
cold,truthy_falsehood,GIST truth,2,1
cold,truthy_falsehood,VERBATIM truth,1,1
cold,truthy_falsehood,GIST truth,2,1
cold,truthy_falsehood,VERBATIM truth,1,1
cold,truthy_falsehood,GIST truth,1,1
cold,truthy_falsehood,VERBATIM truth,1,1
cold,blatant_falsehood,GIST truth,1,4
cold,blatant_falsehood,VERBATIM truth,1,4
cold,blatant_falsehood,GIST truth,1,3
cold,blatant_falsehood,VERBATIM truth,1,3
cold,blatant_falsehood,GIST truth,1,3
cold,blatant_falsehood,VERBATIM truth,1,3
cold,blatant_falsehood,GIST truth,1,2
cold,blatant_falsehood,VERBATIM truth,1,2
cold,blatant_falsehood,GIST truth,1,3
cold,blatant_falsehood,VERBATIM truth,1,3
cold,blatant_falsehood,GIST truth,1,2
cold,blatant_falsehood,VERBATIM truth,1,2
cold,blatant_falsehood,GIST truth,1,2
cold,blatant_falsehood,VERBATIM truth,1,2
cold,blatant_falsehood,GIST truth,1,3
cold,blatant_falsehood,VERBATIM truth,1,3
cold,blatant_falsehood,GIST truth,1,3
cold,blatant_falsehood,VERBATIM truth,1,3
cold,blatant_falsehood,GIST truth,1,3
cold,blatant_falsehood,VERBATIM truth,1,3
cold,blatant_falsehood,GIST truth,1,3
cold,blatant_falsehood,VERBATIM truth,1,3
cold,blatant_falsehood,GIST truth,1,3
cold,blatant_falsehood,VERBATIM truth,1,3
cold,blatant_falsehood,GIST truth,1,4
cold,blatant_falsehood,VERBATIM truth,1,4
cold,blatant_falsehood,GIST truth,1,3
cold,blatant_falsehood,VERBATIM truth,1,3
cold,blatant_falsehood,GIST truth,1,3
cold,blatant_falsehood,VERBATIM truth,1,3
cold,blatant_falsehood,GIST truth,1,3
cold,blatant_falsehood,VERBATIM truth,1,3
cold,blatant_falsehood,GIST truth,1,3
cold,blatant_falsehood,VERBATIM truth,1,3
cold,blatant_falsehood,GIST truth,1,3
cold,blatant_falsehood,VERBATIM truth,1,3
cold,blatant_falsehood,GIST truth,1,3
cold,blatant_falsehood,VERBATIM truth,1,3
cold,blatant_falsehood,GIST truth,1,3
cold,blatant_falsehood,VERBATIM truth,1,3
cold,blatant_falsehood,GIST truth,1,1
cold,blatant_falsehood,VERBATIM truth,1,1
cold,blatant_falsehood,GIST truth,1,1
cold,blatant_falsehood,VERBATIM truth,1,1
cold,blatant_falsehood,GIST truth,1,1
cold,blatant_falsehood,VERBATIM truth,1,1
cold,blatant_falsehood,GIST truth,1,1
cold,blatant_falsehood,VERBATIM truth,1,1
cold,blatant_falsehood,GIST truth,1,1
cold,blatant_falsehood,VERBATIM truth,1,1
cold,blatant_falsehood,GIST truth,1,1
cold,blatant_falsehood,VERBATIM truth,1,1
cold,blatant_falsehood,GIST truth,1,1
cold,blatant_falsehood,VERBATIM truth,1,1
cold,blatant_falsehood,GIST truth,1,1
cold,blatant_falsehood,VERBATIM truth,1,1
cold,blatant_falsehood,GIST truth,1,1
cold,blatant_falsehood,VERBATIM truth,1,1
cold,blatant_falsehood,GIST truth,1,1
cold,blatant_falsehood,VERBATIM truth,1,1
cold,fully_true,GIST truth,7,1
cold,fully_true,VERBATIM truth,7,1
cold,fully_true,GIST truth,7,1
cold,fully_true,VERBATIM truth,7,1
cold,fully_true,GIST truth,7,1
cold,fully_true,VERBATIM truth,7,1
cold,fully_true,GIST truth,7,1
cold,fully_true,VERBATIM truth,7,1
cold,fully_true,GIST truth,7,1
cold,fully_true,VERBATIM truth,7,1
cold,fully_true,GIST truth,7,1
cold,fully_true,VERBATIM truth,7,1
cold,fully_true,GIST truth,7,1
cold,fully_true,VERBATIM truth,7,1
cold,fully_true,GIST truth,7,1
cold,fully_true,VERBATIM truth,7,1
cold,fully_true,GIST truth,7,1
cold,fully_true,VERBATIM truth,7,1
cold,fully_true,GIST truth,7,1
cold,fully_true,VERBATIM truth,7,1
cold,fully_true,GIST truth,7,1
cold,fully_true,VERBATIM truth,7,1
cold,fully_true,GIST truth,7,1
cold,fully_true,VERBATIM truth,7,1
cold,fully_true,GIST truth,7,1
cold,fully_true,VERBATIM truth,7,1
cold,fully_true,GIST truth,7,1
cold,fully_true,VERBATIM truth,7,1
cold,fully_true,GIST truth,7,1
cold,fully_true,VERBATIM truth,7,1
cold,fully_true,GIST truth,7,1
cold,fully_true,VERBATIM truth,7,1
cold,fully_true,GIST truth,7,1
cold,fully_true,VERBATIM truth,7,1
cold,fully_true,GIST truth,7,1
cold,fully_true,VERBATIM truth,7,1
cold,fully_true,GIST truth,7,1
cold,fully_true,VERBATIM truth,7,1
cold,fully_true,GIST truth,7,1
cold,fully_true,VERBATIM truth,7,1
cold,fully_true,GIST truth,7,1
cold,fully_true,VERBATIM truth,7,1
cold,fully_true,GIST truth,7,1
cold,fully_true,VERBATIM truth,7,1
cold,fully_true,GIST truth,7,1
cold,fully_true,VERBATIM truth,7,1
cold,fully_true,GIST truth,7,1
cold,fully_true,VERBATIM truth,7,1
cold,fully_true,GIST truth,7,1
cold,fully_true,VERBATIM truth,7,1
cold,fully_true,GIST truth,7,1
cold,fully_true,VERBATIM truth,7,1
cold,fully_true,GIST truth,7,1
cold,fully_true,VERBATIM truth,7,1
cold,fully_true,GIST truth,7,1
cold,fully_true,VERBATIM truth,7,1
cold,fully_true,GIST truth,7,1
cold,fully_true,VERBATIM truth,7,1
cold,fully_true,GIST truth,7,1
cold,fully_true,VERBATIM truth,7,1
cold,palter,GIST truth,2,4
cold,palter,VERBATIM truth,5,4
cold,palter,GIST truth,2,4
cold,palter,VERBATIM truth,5,4
cold,palter,GIST truth,2,4
cold,palter,VERBATIM truth,5,4
cold,palter,GIST truth,2,5
cold,palter,VERBATIM truth,5,5
cold,palter,GIST truth,2,5
cold,palter,VERBATIM truth,5,5
cold,palter,GIST truth,2,4
cold,palter,VERBATIM truth,5,4
cold,palter,GIST truth,2,4
cold,palter,VERBATIM truth,5,4
cold,palter,GIST truth,2,5
cold,palter,VERBATIM truth,4,5
cold,palter,GIST truth,2,4
cold,palter,VERBATIM truth,5,4
cold,palter,GIST truth,2,5
cold,palter,VERBATIM truth,5,5
cold,palter,GIST truth,2,5
cold,palter,VERBATIM truth,5,5
cold,palter,GIST truth,2,5
cold,palter,VERBATIM truth,3,5
cold,palter,GIST truth,2,5
cold,palter,VERBATIM truth,3,5
cold,palter,GIST truth,2,5
cold,palter,VERBATIM truth,5,5
cold,palter,GIST truth,2,5
cold,palter,VERBATIM truth,3,5
cold,palter,GIST truth,2,5
cold,palter,VERBATIM truth,5,5
cold,palter,GIST truth,2,5
cold,palter,VERBATIM truth,5,5
cold,palter,GIST truth,2,5
cold,palter,VERBATIM truth,4,5
cold,palter,GIST truth,2,5
cold,palter,VERBATIM truth,5,5
cold,palter,GIST truth,2,5
cold,palter,VERBATIM truth,3,5
cold,palter,GIST truth,2,5
cold,palter,VERBATIM truth,6,5
cold,palter,GIST truth,2,4
cold,palter,VERBATIM truth,4,4
cold,palter,GIST truth,2,5
cold,palter,VERBATIM truth,6,5
cold,palter,GIST truth,2,2
cold,palter,VERBATIM truth,6,2
cold,palter,GIST truth,2,5
cold,palter,VERBATIM truth,4,5
cold,palter,GIST truth,2,2
cold,palter,VERBATIM truth,6,2
cold,palter,GIST truth,2,5
cold,palter,VERBATIM truth,6,5
cold,palter,GIST truth,3,2
cold,palter,VERBATIM truth,6,2
cold,palter,GIST truth,2,5
cold,palter,VERBATIM truth,4,5
cold,palter,GIST truth,2,2
cold,palter,VERBATIM truth,6,2
cold,truthy_falsehood,GIST truth,6,2
cold,truthy_falsehood,VERBATIM truth,2,2
cold,truthy_falsehood,GIST truth,6,2
cold,truthy_falsehood,VERBATIM truth,2,2
cold,truthy_falsehood,GIST truth,6,2
cold,truthy_falsehood,VERBATIM truth,2,2
cold,truthy_falsehood,GIST truth,6,2
cold,truthy_falsehood,VERBATIM truth,2,2
cold,truthy_falsehood,GIST truth,6,2
cold,truthy_falsehood,VERBATIM truth,2,2
cold,truthy_falsehood,GIST truth,6,2
cold,truthy_falsehood,VERBATIM truth,2,2
cold,truthy_falsehood,GIST truth,6,2
cold,truthy_falsehood,VERBATIM truth,2,2
cold,truthy_falsehood,GIST truth,6,2
cold,truthy_falsehood,VERBATIM truth,2,2
cold,truthy_falsehood,GIST truth,6,2
cold,truthy_falsehood,VERBATIM truth,2,2
cold,truthy_falsehood,GIST truth,6,2
cold,truthy_falsehood,VERBATIM truth,2,2
cold,truthy_falsehood,GIST truth,6,2
cold,truthy_falsehood,VERBATIM truth,3,2
cold,truthy_falsehood,GIST truth,6,2
cold,truthy_falsehood,VERBATIM truth,3,2
cold,truthy_falsehood,GIST truth,6,2
cold,truthy_falsehood,VERBATIM truth,3,2
cold,truthy_falsehood,GIST truth,6,2
cold,truthy_falsehood,VERBATIM truth,3,2
cold,truthy_falsehood,GIST truth,6,2
cold,truthy_falsehood,VERBATIM truth,3,2
cold,truthy_falsehood,GIST truth,6,2
cold,truthy_falsehood,VERBATIM truth,3,2
cold,truthy_falsehood,GIST truth,6,2
cold,truthy_falsehood,VERBATIM truth,3,2
cold,truthy_falsehood,GIST truth,6,2
cold,truthy_falsehood,VERBATIM truth,3,2
cold,truthy_falsehood,GIST truth,6,2
cold,truthy_falsehood,VERBATIM truth,3,2
cold,truthy_falsehood,GIST truth,6,2
cold,truthy_falsehood,VERBATIM truth,3,2
cold,truthy_falsehood,GIST truth,7,1
cold,truthy_falsehood,VERBATIM truth,2,1
cold,truthy_falsehood,GIST truth,7,1
cold,truthy_falsehood,VERBATIM truth,2,1
cold,truthy_falsehood,GIST truth,7,1
cold,truthy_falsehood,VERBATIM truth,2,1
cold,truthy_falsehood,GIST truth,7,1
cold,truthy_falsehood,VERBATIM truth,3,1
cold,truthy_falsehood,GIST truth,7,1
cold,truthy_falsehood,VERBATIM truth,3,1
cold,truthy_falsehood,GIST truth,6,1
cold,truthy_falsehood,VERBATIM truth,3,1
cold,truthy_falsehood,GIST truth,6,1
cold,truthy_falsehood,VERBATIM truth,3,1
cold,truthy_falsehood,GIST truth,7,1
cold,truthy_falsehood,VERBATIM truth,2,1
cold,truthy_falsehood,GIST truth,7,1
cold,truthy_falsehood,VERBATIM truth,2,1
cold,truthy_falsehood,GIST truth,7,1
cold,truthy_falsehood,VERBATIM truth,2,1
cold,blatant_falsehood,GIST truth,1,6
cold,blatant_falsehood,VERBATIM truth,1,6
cold,blatant_falsehood,GIST truth,1,7
cold,blatant_falsehood,VERBATIM truth,1,7
cold,blatant_falsehood,GIST truth,1,6
cold,blatant_falsehood,VERBATIM truth,1,6
cold,blatant_falsehood,GIST truth,1,6
cold,blatant_falsehood,VERBATIM truth,1,6
cold,blatant_falsehood,GIST truth,1,6
cold,blatant_falsehood,VERBATIM truth,1,6
cold,blatant_falsehood,GIST truth,1,6
cold,blatant_falsehood,VERBATIM truth,1,6
cold,blatant_falsehood,GIST truth,1,6
cold,blatant_falsehood,VERBATIM truth,1,6
cold,blatant_falsehood,GIST truth,1,6
cold,blatant_falsehood,VERBATIM truth,1,6
cold,blatant_falsehood,GIST truth,1,6
cold,blatant_falsehood,VERBATIM truth,1,6
cold,blatant_falsehood,GIST truth,1,7
cold,blatant_falsehood,VERBATIM truth,1,7
cold,blatant_falsehood,GIST truth,1,6
cold,blatant_falsehood,VERBATIM truth,1,6
cold,blatant_falsehood,GIST truth,1,6
cold,blatant_falsehood,VERBATIM truth,1,6
cold,blatant_falsehood,GIST truth,1,6
cold,blatant_falsehood,VERBATIM truth,1,6
cold,blatant_falsehood,GIST truth,1,6
cold,blatant_falsehood,VERBATIM truth,1,6
cold,blatant_falsehood,GIST truth,1,6
cold,blatant_falsehood,VERBATIM truth,1,6
cold,blatant_falsehood,GIST truth,1,6
cold,blatant_falsehood,VERBATIM truth,1,6
cold,blatant_falsehood,GIST truth,1,6
cold,blatant_falsehood,VERBATIM truth,1,6
cold,blatant_falsehood,GIST truth,1,6
cold,blatant_falsehood,VERBATIM truth,1,6
cold,blatant_falsehood,GIST truth,1,6
cold,blatant_falsehood,VERBATIM truth,1,6
cold,blatant_falsehood,GIST truth,1,6
cold,blatant_falsehood,VERBATIM truth,1,6
cold,blatant_falsehood,GIST truth,1,5
cold,blatant_falsehood,VERBATIM truth,1,5
cold,blatant_falsehood,GIST truth,1,7
cold,blatant_falsehood,VERBATIM truth,1,7
cold,blatant_falsehood,GIST truth,1,7
cold,blatant_falsehood,VERBATIM truth,1,7
cold,blatant_falsehood,GIST truth,1,5
cold,blatant_falsehood,VERBATIM truth,1,5
cold,blatant_falsehood,GIST truth,1,7
cold,blatant_falsehood,VERBATIM truth,1,7
cold,blatant_falsehood,GIST truth,1,5
cold,blatant_falsehood,VERBATIM truth,1,5
cold,blatant_falsehood,GIST truth,1,7
cold,blatant_falsehood,VERBATIM truth,1,7
cold,blatant_falsehood,GIST truth,1,1
cold,blatant_falsehood,VERBATIM truth,1,1
cold,blatant_falsehood,GIST truth,1,7
cold,blatant_falsehood,VERBATIM truth,1,7
cold,blatant_falsehood,GIST truth,1,7
cold,blatant_falsehood,VERBATIM truth,1,7
cold,fully_true,GIST truth,6,1
cold,fully_true,VERBATIM truth,6,1
cold,fully_true,GIST truth,7,1
cold,fully_true,VERBATIM truth,7,1
cold,fully_true,GIST truth,7,1
cold,fully_true,VERBATIM truth,6,1
cold,fully_true,GIST truth,7,1
cold,fully_true,VERBATIM truth,6,1
cold,fully_true,GIST truth,7,1
cold,fully_true,VERBATIM truth,6,1
cold,fully_true,GIST truth,7,1
cold,fully_true,VERBATIM truth,7,1
cold,fully_true,GIST truth,7,1
cold,fully_true,VERBATIM truth,6,1
cold,fully_true,GIST truth,6,1
cold,fully_true,VERBATIM truth,6,1
cold,fully_true,GIST truth,7,1
cold,fully_true,VERBATIM truth,6,1
cold,fully_true,GIST truth,7,1
cold,fully_true,VERBATIM truth,6,1
cold,fully_true,GIST truth,6,1
cold,fully_true,VERBATIM truth,6,1
cold,fully_true,GIST truth,6,1
cold,fully_true,VERBATIM truth,6,1
cold,fully_true,GIST truth,6,1
cold,fully_true,VERBATIM truth,6,1
cold,fully_true,GIST truth,6,1
cold,fully_true,VERBATIM truth,6,1
cold,fully_true,GIST truth,6,1
cold,fully_true,VERBATIM truth,6,1
cold,fully_true,GIST truth,6,1
cold,fully_true,VERBATIM truth,5,1
cold,fully_true,GIST truth,6,1
cold,fully_true,VERBATIM truth,6,1
cold,fully_true,GIST truth,6,1
cold,fully_true,VERBATIM truth,6,1
cold,fully_true,GIST truth,6,1
cold,fully_true,VERBATIM truth,6,1
cold,fully_true,GIST truth,6,1
cold,fully_true,VERBATIM truth,5,1
cold,fully_true,GIST truth,7,1
cold,fully_true,VERBATIM truth,7,1
cold,fully_true,GIST truth,7,1
cold,fully_true,VERBATIM truth,7,1
cold,fully_true,GIST truth,7,1
cold,fully_true,VERBATIM truth,7,1
cold,fully_true,GIST truth,7,1
cold,fully_true,VERBATIM truth,7,1
cold,fully_true,GIST truth,7,1
cold,fully_true,VERBATIM truth,7,1
cold,fully_true,GIST truth,7,1
cold,fully_true,VERBATIM truth,7,1
cold,fully_true,GIST truth,7,1
cold,fully_true,VERBATIM truth,7,1
cold,fully_true,GIST truth,7,1
cold,fully_true,VERBATIM truth,7,1
cold,fully_true,GIST truth,7,1
cold,fully_true,VERBATIM truth,7,1
cold,fully_true,GIST truth,7,1
cold,fully_true,VERBATIM truth,7,1
cold,palter,GIST truth,7,1
cold,palter,VERBATIM truth,7,1
cold,palter,GIST truth,7,1
cold,palter,VERBATIM truth,7,1
cold,palter,GIST truth,7,1
cold,palter,VERBATIM truth,7,1
cold,palter,GIST truth,7,1
cold,palter,VERBATIM truth,7,1
cold,palter,GIST truth,6,1
cold,palter,VERBATIM truth,7,1
cold,palter,GIST truth,7,1
cold,palter,VERBATIM truth,7,1
cold,palter,GIST truth,7,1
cold,palter,VERBATIM truth,7,1
cold,palter,GIST truth,7,1
cold,palter,VERBATIM truth,7,1
cold,palter,GIST truth,7,1
cold,palter,VERBATIM truth,7,1
cold,palter,GIST truth,7,1
cold,palter,VERBATIM truth,7,1
cold,palter,GIST truth,6,2
cold,palter,VERBATIM truth,6,2
cold,palter,GIST truth,6,2
cold,palter,VERBATIM truth,6,2
cold,palter,GIST truth,6,2
cold,palter,VERBATIM truth,6,2
cold,palter,GIST truth,6,2
cold,palter,VERBATIM truth,6,2
cold,palter,GIST truth,6,2
cold,palter,VERBATIM truth,6,2
cold,palter,GIST truth,6,2
cold,palter,VERBATIM truth,5,2
cold,palter,GIST truth,6,2
cold,palter,VERBATIM truth,6,2
cold,palter,GIST truth,6,2
cold,palter,VERBATIM truth,5,2
cold,palter,GIST truth,6,2
cold,palter,VERBATIM truth,6,2
cold,palter,GIST truth,6,2
cold,palter,VERBATIM truth,6,2
cold,palter,GIST truth,7,1
cold,palter,VERBATIM truth,7,1
cold,palter,GIST truth,7,1
cold,palter,VERBATIM truth,7,1
cold,palter,GIST truth,7,1
cold,palter,VERBATIM truth,7,1
cold,palter,GIST truth,7,1
cold,palter,VERBATIM truth,7,1
cold,palter,GIST truth,7,1
cold,palter,VERBATIM truth,7,1
cold,palter,GIST truth,7,1
cold,palter,VERBATIM truth,7,1
cold,palter,GIST truth,7,1
cold,palter,VERBATIM truth,7,1
cold,palter,GIST truth,7,1
cold,palter,VERBATIM truth,7,1
cold,palter,GIST truth,7,1
cold,palter,VERBATIM truth,7,1
cold,palter,GIST truth,7,1
cold,palter,VERBATIM truth,7,1
cold,truthy_falsehood,GIST truth,2,2
cold,truthy_falsehood,VERBATIM truth,1,2
cold,truthy_falsehood,GIST truth,2,2
cold,truthy_falsehood,VERBATIM truth,1,2
cold,truthy_falsehood,GIST truth,2,2
cold,truthy_falsehood,VERBATIM truth,1,2
cold,truthy_falsehood,GIST truth,2,2
cold,truthy_falsehood,VERBATIM truth,1,2
cold,truthy_falsehood,GIST truth,2,2
cold,truthy_falsehood,VERBATIM truth,1,2
cold,truthy_falsehood,GIST truth,2,1
cold,truthy_falsehood,VERBATIM truth,1,1
cold,truthy_falsehood,GIST truth,2,2
cold,truthy_falsehood,VERBATIM truth,1,2
cold,truthy_falsehood,GIST truth,3,2
cold,truthy_falsehood,VERBATIM truth,1,2
cold,truthy_falsehood,GIST truth,4,1
cold,truthy_falsehood,VERBATIM truth,2,1
cold,truthy_falsehood,GIST truth,2,2
cold,truthy_falsehood,VERBATIM truth,1,2
cold,truthy_falsehood,GIST truth,3,3
cold,truthy_falsehood,VERBATIM truth,2,3
cold,truthy_falsehood,GIST truth,2,3
cold,truthy_falsehood,VERBATIM truth,2,3
cold,truthy_falsehood,GIST truth,3,3
cold,truthy_falsehood,VERBATIM truth,2,3
cold,truthy_falsehood,GIST truth,4,3
cold,truthy_falsehood,VERBATIM truth,3,3
cold,truthy_falsehood,GIST truth,2,3
cold,truthy_falsehood,VERBATIM truth,2,3
cold,truthy_falsehood,GIST truth,2,3
cold,truthy_falsehood,VERBATIM truth,2,3
cold,truthy_falsehood,GIST truth,3,3
cold,truthy_falsehood,VERBATIM truth,2,3
cold,truthy_falsehood,GIST truth,2,3
cold,truthy_falsehood,VERBATIM truth,2,3
cold,truthy_falsehood,GIST truth,4,3
cold,truthy_falsehood,VERBATIM truth,2,3
cold,truthy_falsehood,GIST truth,3,3
cold,truthy_falsehood,VERBATIM truth,2,3
cold,truthy_falsehood,GIST truth,2,1
cold,truthy_falsehood,VERBATIM truth,2,1
cold,truthy_falsehood,GIST truth,3,1
cold,truthy_falsehood,VERBATIM truth,1,1
cold,truthy_falsehood,GIST truth,3,1
cold,truthy_falsehood,VERBATIM truth,2,1
cold,truthy_falsehood,GIST truth,3,1
cold,truthy_falsehood,VERBATIM truth,2,1
cold,truthy_falsehood,GIST truth,3,1
cold,truthy_falsehood,VERBATIM truth,2,1
cold,truthy_falsehood,GIST truth,2,1
cold,truthy_falsehood,VERBATIM truth,2,1
cold,truthy_falsehood,GIST truth,3,1
cold,truthy_falsehood,VERBATIM truth,2,1
cold,truthy_falsehood,GIST truth,2,1
cold,truthy_falsehood,VERBATIM truth,2,1
cold,truthy_falsehood,GIST truth,3,1
cold,truthy_falsehood,VERBATIM truth,2,1
cold,truthy_falsehood,GIST truth,2,1
cold,truthy_falsehood,VERBATIM truth,2,1
cold,blatant_falsehood,GIST truth,1,6
cold,blatant_falsehood,VERBATIM truth,1,6
cold,blatant_falsehood,GIST truth,1,6
cold,blatant_falsehood,VERBATIM truth,1,6
cold,blatant_falsehood,GIST truth,1,6
cold,blatant_falsehood,VERBATIM truth,1,6
cold,blatant_falsehood,GIST truth,1,6
cold,blatant_falsehood,VERBATIM truth,1,6
cold,blatant_falsehood,GIST truth,1,6
cold,blatant_falsehood,VERBATIM truth,1,6
cold,blatant_falsehood,GIST truth,1,6
cold,blatant_falsehood,VERBATIM truth,1,6
cold,blatant_falsehood,GIST truth,1,6
cold,blatant_falsehood,VERBATIM truth,1,6
cold,blatant_falsehood,GIST truth,1,6
cold,blatant_falsehood,VERBATIM truth,1,6
cold,blatant_falsehood,GIST truth,1,6
cold,blatant_falsehood,VERBATIM truth,1,6
cold,blatant_falsehood,GIST truth,1,6
cold,blatant_falsehood,VERBATIM truth,1,6
cold,blatant_falsehood,GIST truth,1,6
cold,blatant_falsehood,VERBATIM truth,1,6
cold,blatant_falsehood,GIST truth,1,6
cold,blatant_falsehood,VERBATIM truth,1,6
cold,blatant_falsehood,GIST truth,1,6
cold,blatant_falsehood,VERBATIM truth,1,6
cold,blatant_falsehood,GIST truth,1,6
cold,blatant_falsehood,VERBATIM truth,1,6
cold,blatant_falsehood,GIST truth,1,6
cold,blatant_falsehood,VERBATIM truth,1,6
cold,blatant_falsehood,GIST truth,1,6
cold,blatant_falsehood,VERBATIM truth,1,6
cold,blatant_falsehood,GIST truth,1,6
cold,blatant_falsehood,VERBATIM truth,1,6
cold,blatant_falsehood,GIST truth,1,6
cold,blatant_falsehood,VERBATIM truth,1,6
cold,blatant_falsehood,GIST truth,1,6
cold,blatant_falsehood,VERBATIM truth,1,6
cold,blatant_falsehood,GIST truth,1,6
cold,blatant_falsehood,VERBATIM truth,1,6
cold,blatant_falsehood,GIST truth,1,7
cold,blatant_falsehood,VERBATIM truth,1,7
cold,blatant_falsehood,GIST truth,1,7
cold,blatant_falsehood,VERBATIM truth,1,7
cold,blatant_falsehood,GIST truth,1,7
cold,blatant_falsehood,VERBATIM truth,1,7
cold,blatant_falsehood,GIST truth,1,7
cold,blatant_falsehood,VERBATIM truth,1,7
cold,blatant_falsehood,GIST truth,1,7
cold,blatant_falsehood,VERBATIM truth,1,7
cold,blatant_falsehood,GIST truth,1,7
cold,blatant_falsehood,VERBATIM truth,1,7
cold,blatant_falsehood,GIST truth,1,7
cold,blatant_falsehood,VERBATIM truth,1,7
cold,blatant_falsehood,GIST truth,1,7
cold,blatant_falsehood,VERBATIM truth,1,7
cold,blatant_falsehood,GIST truth,1,7
cold,blatant_falsehood,VERBATIM truth,1,7
cold,blatant_falsehood,GIST truth,1,7
cold,blatant_falsehood,VERBATIM truth,1,7
cold,fully_true,GIST truth,7,1
cold,fully_true,VERBATIM truth,6,1
cold,fully_true,GIST truth,7,1
cold,fully_true,VERBATIM truth,6,1
cold,fully_true,GIST truth,7,1
cold,fully_true,VERBATIM truth,6,1
cold,fully_true,GIST truth,7,1
cold,fully_true,VERBATIM truth,6,1
cold,fully_true,GIST truth,7,1
cold,fully_true,VERBATIM truth,6,1
cold,fully_true,GIST truth,7,1
cold,fully_true,VERBATIM truth,6,1
cold,fully_true,GIST truth,7,1
cold,fully_true,VERBATIM truth,6,1
cold,fully_true,GIST truth,7,1
cold,fully_true,VERBATIM truth,6,1
cold,fully_true,GIST truth,7,1
cold,fully_true,VERBATIM truth,6,1
cold,fully_true,GIST truth,7,1
cold,fully_true,VERBATIM truth,6,1
cold,fully_true,GIST truth,7,1
cold,fully_true,VERBATIM truth,7,1
cold,fully_true,GIST truth,7,1
cold,fully_true,VERBATIM truth,7,1
cold,fully_true,GIST truth,7,1
cold,fully_true,VERBATIM truth,7,1
cold,fully_true,GIST truth,7,1
cold,fully_true,VERBATIM truth,7,1
cold,fully_true,GIST truth,7,1
cold,fully_true,VERBATIM truth,7,1
cold,fully_true,GIST truth,7,1
cold,fully_true,VERBATIM truth,7,1
cold,fully_true,GIST truth,7,1
cold,fully_true,VERBATIM truth,7,1
cold,fully_true,GIST truth,7,1
cold,fully_true,VERBATIM truth,7,1
cold,fully_true,GIST truth,7,1
cold,fully_true,VERBATIM truth,7,1
cold,fully_true,GIST truth,7,1
cold,fully_true,VERBATIM truth,7,1
cold,fully_true,GIST truth,7,1
cold,fully_true,VERBATIM truth,7,1
cold,fully_true,GIST truth,7,1
cold,fully_true,VERBATIM truth,7,1
cold,fully_true,GIST truth,7,1
cold,fully_true,VERBATIM truth,7,1
cold,fully_true,GIST truth,7,1
cold,fully_true,VERBATIM truth,7,1
cold,fully_true,GIST truth,7,1
cold,fully_true,VERBATIM truth,7,1
cold,fully_true,GIST truth,7,1
cold,fully_true,VERBATIM truth,7,1
cold,fully_true,GIST truth,7,1
cold,fully_true,VERBATIM truth,7,1
cold,fully_true,GIST truth,7,1
cold,fully_true,VERBATIM truth,7,1
cold,fully_true,GIST truth,7,1
cold,fully_true,VERBATIM truth,7,1
cold,fully_true,GIST truth,7,1
cold,fully_true,VERBATIM truth,7,1
cold,palter,GIST truth,2,5
cold,palter,VERBATIM truth,6,5
cold,palter,GIST truth,2,4
cold,palter,VERBATIM truth,6,4
cold,palter,GIST truth,3,5
cold,palter,VERBATIM truth,7,5
cold,palter,GIST truth,2,4
cold,palter,VERBATIM truth,7,4
cold,palter,GIST truth,2,4
cold,palter,VERBATIM truth,6,4
cold,palter,GIST truth,3,4
cold,palter,VERBATIM truth,7,4
cold,palter,GIST truth,2,4
cold,palter,VERBATIM truth,7,4
cold,palter,GIST truth,3,4
cold,palter,VERBATIM truth,6,4
cold,palter,GIST truth,2,4
cold,palter,VERBATIM truth,7,4
cold,palter,GIST truth,2,5
cold,palter,VERBATIM truth,7,5
cold,palter,GIST truth,2,5
cold,palter,VERBATIM truth,6,5
cold,palter,GIST truth,2,5
cold,palter,VERBATIM truth,6,5
cold,palter,GIST truth,2,5
cold,palter,VERBATIM truth,6,5
cold,palter,GIST truth,2,5
cold,palter,VERBATIM truth,6,5
cold,palter,GIST truth,2,5
cold,palter,VERBATIM truth,6,5
cold,palter,GIST truth,2,5
cold,palter,VERBATIM truth,6,5
cold,palter,GIST truth,2,5
cold,palter,VERBATIM truth,6,5
cold,palter,GIST truth,2,5
cold,palter,VERBATIM truth,7,5
cold,palter,GIST truth,2,5
cold,palter,VERBATIM truth,6,5
cold,palter,GIST truth,2,5
cold,palter,VERBATIM truth,6,5
cold,palter,GIST truth,2,4
cold,palter,VERBATIM truth,7,4
cold,palter,GIST truth,2,5
cold,palter,VERBATIM truth,7,5
cold,palter,GIST truth,2,5
cold,palter,VERBATIM truth,7,5
cold,palter,GIST truth,3,2
cold,palter,VERBATIM truth,7,2
cold,palter,GIST truth,3,2
cold,palter,VERBATIM truth,7,2
cold,palter,GIST truth,2,5
cold,palter,VERBATIM truth,7,5
cold,palter,GIST truth,2,5
cold,palter,VERBATIM truth,7,5
cold,palter,GIST truth,3,2
cold,palter,VERBATIM truth,7,2
cold,palter,GIST truth,3,2
cold,palter,VERBATIM truth,7,2
cold,palter,GIST truth,3,2
cold,palter,VERBATIM truth,7,2
cold,truthy_falsehood,GIST truth,7,2
cold,truthy_falsehood,VERBATIM truth,3,2
cold,truthy_falsehood,GIST truth,7,2
cold,truthy_falsehood,VERBATIM truth,3,2
cold,truthy_falsehood,GIST truth,7,1
cold,truthy_falsehood,VERBATIM truth,3,1
cold,truthy_falsehood,GIST truth,7,2
cold,truthy_falsehood,VERBATIM truth,3,2
cold,truthy_falsehood,GIST truth,6,2
cold,truthy_falsehood,VERBATIM truth,3,2
cold,truthy_falsehood,GIST truth,7,3
cold,truthy_falsehood,VERBATIM truth,2,3
cold,truthy_falsehood,GIST truth,7,2
cold,truthy_falsehood,VERBATIM truth,3,2
cold,truthy_falsehood,GIST truth,7,2
cold,truthy_falsehood,VERBATIM truth,3,2
cold,truthy_falsehood,GIST truth,6,2
cold,truthy_falsehood,VERBATIM truth,3,2
cold,truthy_falsehood,GIST truth,7,2
cold,truthy_falsehood,VERBATIM truth,2,2
cold,truthy_falsehood,GIST truth,6,2
cold,truthy_falsehood,VERBATIM truth,3,2
cold,truthy_falsehood,GIST truth,6,2
cold,truthy_falsehood,VERBATIM truth,3,2
cold,truthy_falsehood,GIST truth,6,3
cold,truthy_falsehood,VERBATIM truth,3,3
cold,truthy_falsehood,GIST truth,6,3
cold,truthy_falsehood,VERBATIM truth,3,3
cold,truthy_falsehood,GIST truth,6,2
cold,truthy_falsehood,VERBATIM truth,3,2
cold,truthy_falsehood,GIST truth,6,3
cold,truthy_falsehood,VERBATIM truth,3,3
cold,truthy_falsehood,GIST truth,6,2
cold,truthy_falsehood,VERBATIM truth,3,2
cold,truthy_falsehood,GIST truth,6,2
cold,truthy_falsehood,VERBATIM truth,3,2
cold,truthy_falsehood,GIST truth,6,2
cold,truthy_falsehood,VERBATIM truth,3,2
cold,truthy_falsehood,GIST truth,6,2
cold,truthy_falsehood,VERBATIM truth,3,2
cold,truthy_falsehood,GIST truth,7,1
cold,truthy_falsehood,VERBATIM truth,5,1
cold,truthy_falsehood,GIST truth,7,1
cold,truthy_falsehood,VERBATIM truth,5,1
cold,truthy_falsehood,GIST truth,7,1
cold,truthy_falsehood,VERBATIM truth,3,1
cold,truthy_falsehood,GIST truth,7,1
cold,truthy_falsehood,VERBATIM truth,3,1
cold,truthy_falsehood,GIST truth,7,1
cold,truthy_falsehood,VERBATIM truth,3,1
cold,truthy_falsehood,GIST truth,7,1
cold,truthy_falsehood,VERBATIM truth,5,1
cold,truthy_falsehood,GIST truth,7,1
cold,truthy_falsehood,VERBATIM truth,3,1
cold,truthy_falsehood,GIST truth,7,1
cold,truthy_falsehood,VERBATIM truth,3,1
cold,truthy_falsehood,GIST truth,7,1
cold,truthy_falsehood,VERBATIM truth,4,1
cold,truthy_falsehood,GIST truth,7,1
cold,truthy_falsehood,VERBATIM truth,5,1
cold,blatant_falsehood,GIST truth,1,7
cold,blatant_falsehood,VERBATIM truth,1,7
cold,blatant_falsehood,GIST truth,1,7
cold,blatant_falsehood,VERBATIM truth,1,7
cold,blatant_falsehood,GIST truth,1,6
cold,blatant_falsehood,VERBATIM truth,1,6
cold,blatant_falsehood,GIST truth,1,6
cold,blatant_falsehood,VERBATIM truth,1,6
cold,blatant_falsehood,GIST truth,1,7
cold,blatant_falsehood,VERBATIM truth,1,7
cold,blatant_falsehood,GIST truth,1,7
cold,blatant_falsehood,VERBATIM truth,1,7
cold,blatant_falsehood,GIST truth,1,6
cold,blatant_falsehood,VERBATIM truth,1,6
cold,blatant_falsehood,GIST truth,1,6
cold,blatant_falsehood,VERBATIM truth,1,6
cold,blatant_falsehood,GIST truth,1,7
cold,blatant_falsehood,VERBATIM truth,1,7
cold,blatant_falsehood,GIST truth,1,6
cold,blatant_falsehood,VERBATIM truth,1,6
cold,blatant_falsehood,GIST truth,1,6
cold,blatant_falsehood,VERBATIM truth,1,6
cold,blatant_falsehood,GIST truth,1,6
cold,blatant_falsehood,VERBATIM truth,1,6
cold,blatant_falsehood,GIST truth,1,6
cold,blatant_falsehood,VERBATIM truth,1,6
cold,blatant_falsehood,GIST truth,1,6
cold,blatant_falsehood,VERBATIM truth,1,6
cold,blatant_falsehood,GIST truth,1,6
cold,blatant_falsehood,VERBATIM truth,1,6
cold,blatant_falsehood,GIST truth,1,6
cold,blatant_falsehood,VERBATIM truth,1,6
cold,blatant_falsehood,GIST truth,1,6
cold,blatant_falsehood,VERBATIM truth,1,6
cold,blatant_falsehood,GIST truth,1,6
cold,blatant_falsehood,VERBATIM truth,1,6
cold,blatant_falsehood,GIST truth,1,6
cold,blatant_falsehood,VERBATIM truth,1,6
cold,blatant_falsehood,GIST truth,1,6
cold,blatant_falsehood,VERBATIM truth,1,6
cold,blatant_falsehood,GIST truth,1,7
cold,blatant_falsehood,VERBATIM truth,1,7
cold,blatant_falsehood,GIST truth,1,7
cold,blatant_falsehood,VERBATIM truth,1,7
cold,blatant_falsehood,GIST truth,1,7
cold,blatant_falsehood,VERBATIM truth,1,7
cold,blatant_falsehood,GIST truth,1,7
cold,blatant_falsehood,VERBATIM truth,1,7
cold,blatant_falsehood,GIST truth,1,7
cold,blatant_falsehood,VERBATIM truth,1,7
cold,blatant_falsehood,GIST truth,1,7
cold,blatant_falsehood,VERBATIM truth,1,7
cold,blatant_falsehood,GIST truth,1,7
cold,blatant_falsehood,VERBATIM truth,1,7
cold,blatant_falsehood,GIST truth,1,7
cold,blatant_falsehood,VERBATIM truth,1,7
cold,blatant_falsehood,GIST truth,1,7
cold,blatant_falsehood,VERBATIM truth,1,7
cold,blatant_falsehood,GIST truth,1,7
cold,blatant_falsehood,VERBATIM truth,1,7
cold,fully_true,GIST truth,7,1
cold,fully_true,VERBATIM truth,7,1
cold,fully_true,GIST truth,7,1
cold,fully_true,VERBATIM truth,7,1
cold,fully_true,GIST truth,7,1
cold,fully_true,VERBATIM truth,7,1
cold,fully_true,GIST truth,7,1
cold,fully_true,VERBATIM truth,7,1
cold,fully_true,GIST truth,7,1
cold,fully_true,VERBATIM truth,7,1
cold,fully_true,GIST truth,7,1
cold,fully_true,VERBATIM truth,7,1
cold,fully_true,GIST truth,7,1
cold,fully_true,VERBATIM truth,7,1
cold,fully_true,GIST truth,7,1
cold,fully_true,VERBATIM truth,7,1
cold,fully_true,GIST truth,7,1
cold,fully_true,VERBATIM truth,7,1
cold,fully_true,GIST truth,7,1
cold,fully_true,VERBATIM truth,7,1
cold,fully_true,GIST truth,7,1
cold,fully_true,VERBATIM truth,6,1
cold,fully_true,GIST truth,7,1
cold,fully_true,VERBATIM truth,6,1
cold,fully_true,GIST truth,7,1
cold,fully_true,VERBATIM truth,6,1
cold,fully_true,GIST truth,7,1
cold,fully_true,VERBATIM truth,5,1
cold,fully_true,GIST truth,7,1
cold,fully_true,VERBATIM truth,5,1
cold,fully_true,GIST truth,7,1
cold,fully_true,VERBATIM truth,5,1
cold,fully_true,GIST truth,7,1
cold,fully_true,VERBATIM truth,6,1
cold,fully_true,GIST truth,7,1
cold,fully_true,VERBATIM truth,6,1
cold,fully_true,GIST truth,7,1
cold,fully_true,VERBATIM truth,5,1
cold,fully_true,GIST truth,7,1
cold,fully_true,VERBATIM truth,6,1
cold,fully_true,GIST truth,7,1
cold,fully_true,VERBATIM truth,7,1
cold,fully_true,GIST truth,7,1
cold,fully_true,VERBATIM truth,7,1
cold,fully_true,GIST truth,7,1
cold,fully_true,VERBATIM truth,7,1
cold,fully_true,GIST truth,7,1
cold,fully_true,VERBATIM truth,7,1
cold,fully_true,GIST truth,7,1
cold,fully_true,VERBATIM truth,7,1
cold,fully_true,GIST truth,7,1
cold,fully_true,VERBATIM truth,7,1
cold,fully_true,GIST truth,7,1
cold,fully_true,VERBATIM truth,7,1
cold,fully_true,GIST truth,7,1
cold,fully_true,VERBATIM truth,7,1
cold,fully_true,GIST truth,7,1
cold,fully_true,VERBATIM truth,7,1
cold,fully_true,GIST truth,7,1
cold,fully_true,VERBATIM truth,7,1
cold,palter,GIST truth,5,2
cold,palter,VERBATIM truth,6,2
cold,palter,GIST truth,5,2
cold,palter,VERBATIM truth,6,2
cold,palter,GIST truth,3,3
cold,palter,VERBATIM truth,6,3
cold,palter,GIST truth,4,2
cold,palter,VERBATIM truth,5,2
cold,palter,GIST truth,4,2
cold,palter,VERBATIM truth,6,2
cold,palter,GIST truth,3,2
cold,palter,VERBATIM truth,5,2
cold,palter,GIST truth,4,2
cold,palter,VERBATIM truth,6,2
cold,palter,GIST truth,4,2
cold,palter,VERBATIM truth,6,2
cold,palter,GIST truth,4,2
cold,palter,VERBATIM truth,6,2
cold,palter,GIST truth,5,2
cold,palter,VERBATIM truth,6,2
cold,palter,GIST truth,3,4
cold,palter,VERBATIM truth,5,4
cold,palter,GIST truth,3,4
cold,palter,VERBATIM truth,6,4
cold,palter,GIST truth,3,4
cold,palter,VERBATIM truth,5,4
cold,palter,GIST truth,3,4
cold,palter,VERBATIM truth,5,4
cold,palter,GIST truth,3,4
cold,palter,VERBATIM truth,5,4
cold,palter,GIST truth,3,4
cold,palter,VERBATIM truth,6,4
cold,palter,GIST truth,3,4
cold,palter,VERBATIM truth,5,4
cold,palter,GIST truth,3,4
cold,palter,VERBATIM truth,5,4
cold,palter,GIST truth,3,4
cold,palter,VERBATIM truth,5,4
cold,palter,GIST truth,3,4
cold,palter,VERBATIM truth,6,4
cold,palter,GIST truth,5,2
cold,palter,VERBATIM truth,7,2
cold,palter,GIST truth,3,5
cold,palter,VERBATIM truth,7,5
cold,palter,GIST truth,5,2
cold,palter,VERBATIM truth,7,2
cold,palter,GIST truth,2,5
cold,palter,VERBATIM truth,7,5
cold,palter,GIST truth,3,4
cold,palter,VERBATIM truth,7,4
cold,palter,GIST truth,3,4
cold,palter,VERBATIM truth,7,4
cold,palter,GIST truth,5,2
cold,palter,VERBATIM truth,7,2
cold,palter,GIST truth,3,5
cold,palter,VERBATIM truth,7,5
cold,palter,GIST truth,5,2
cold,palter,VERBATIM truth,7,2
cold,palter,GIST truth,3,4
cold,palter,VERBATIM truth,7,4
cold,truthy_falsehood,GIST truth,6,1
cold,truthy_falsehood,VERBATIM truth,2,1
cold,truthy_falsehood,GIST truth,6,2
cold,truthy_falsehood,VERBATIM truth,2,2
cold,truthy_falsehood,GIST truth,6,1
cold,truthy_falsehood,VERBATIM truth,2,1
cold,truthy_falsehood,GIST truth,6,1
cold,truthy_falsehood,VERBATIM truth,2,1
cold,truthy_falsehood,GIST truth,6,2
cold,truthy_falsehood,VERBATIM truth,2,2
cold,truthy_falsehood,GIST truth,6,1
cold,truthy_falsehood,VERBATIM truth,2,1
cold,truthy_falsehood,GIST truth,6,1
cold,truthy_falsehood,VERBATIM truth,2,1
cold,truthy_falsehood,GIST truth,6,1
cold,truthy_falsehood,VERBATIM truth,2,1
cold,truthy_falsehood,GIST truth,6,1
cold,truthy_falsehood,VERBATIM truth,2,1
cold,truthy_falsehood,GIST truth,6,1
cold,truthy_falsehood,VERBATIM truth,2,1
cold,truthy_falsehood,GIST truth,5,3
cold,truthy_falsehood,VERBATIM truth,2,3
cold,truthy_falsehood,GIST truth,6,3
cold,truthy_falsehood,VERBATIM truth,2,3
cold,truthy_falsehood,GIST truth,6,2
cold,truthy_falsehood,VERBATIM truth,2,2
cold,truthy_falsehood,GIST truth,6,2
cold,truthy_falsehood,VERBATIM truth,2,2
cold,truthy_falsehood,GIST truth,5,3
cold,truthy_falsehood,VERBATIM truth,2,3
cold,truthy_falsehood,GIST truth,5,2
cold,truthy_falsehood,VERBATIM truth,2,2
cold,truthy_falsehood,GIST truth,6,2
cold,truthy_falsehood,VERBATIM truth,2,2
cold,truthy_falsehood,GIST truth,5,3
cold,truthy_falsehood,VERBATIM truth,2,3
cold,truthy_falsehood,GIST truth,5,3
cold,truthy_falsehood,VERBATIM truth,2,3
cold,truthy_falsehood,GIST truth,5,3
cold,truthy_falsehood,VERBATIM truth,2,3
cold,truthy_falsehood,GIST truth,6,1
cold,truthy_falsehood,VERBATIM truth,3,1
cold,truthy_falsehood,GIST truth,7,1
cold,truthy_falsehood,VERBATIM truth,4,1
cold,truthy_falsehood,GIST truth,6,1
cold,truthy_falsehood,VERBATIM truth,3,1
cold,truthy_falsehood,GIST truth,7,1
cold,truthy_falsehood,VERBATIM truth,2,1
cold,truthy_falsehood,GIST truth,7,1
cold,truthy_falsehood,VERBATIM truth,3,1
cold,truthy_falsehood,GIST truth,7,1
cold,truthy_falsehood,VERBATIM truth,3,1
cold,truthy_falsehood,GIST truth,7,1
cold,truthy_falsehood,VERBATIM truth,3,1
cold,truthy_falsehood,GIST truth,7,1
cold,truthy_falsehood,VERBATIM truth,3,1
cold,truthy_falsehood,GIST truth,7,1
cold,truthy_falsehood,VERBATIM truth,3,1
cold,truthy_falsehood,GIST truth,7,1
cold,truthy_falsehood,VERBATIM truth,4,1
cold,blatant_falsehood,GIST truth,1,7
cold,blatant_falsehood,VERBATIM truth,1,7
cold,blatant_falsehood,GIST truth,1,7
cold,blatant_falsehood,VERBATIM truth,1,7
cold,blatant_falsehood,GIST truth,1,7
cold,blatant_falsehood,VERBATIM truth,1,7
cold,blatant_falsehood,GIST truth,1,7
cold,blatant_falsehood,VERBATIM truth,1,7
cold,blatant_falsehood,GIST truth,1,7
cold,blatant_falsehood,VERBATIM truth,1,7
cold,blatant_falsehood,GIST truth,1,7
cold,blatant_falsehood,VERBATIM truth,1,7
cold,blatant_falsehood,GIST truth,1,7
cold,blatant_falsehood,VERBATIM truth,1,7
cold,blatant_falsehood,GIST truth,1,7
cold,blatant_falsehood,VERBATIM truth,1,7
cold,blatant_falsehood,GIST truth,1,7
cold,blatant_falsehood,VERBATIM truth,1,7
cold,blatant_falsehood,GIST truth,1,7
cold,blatant_falsehood,VERBATIM truth,1,7
cold,blatant_falsehood,GIST truth,1,6
cold,blatant_falsehood,VERBATIM truth,1,6
cold,blatant_falsehood,GIST truth,1,6
cold,blatant_falsehood,VERBATIM truth,1,6
cold,blatant_falsehood,GIST truth,1,6
cold,blatant_falsehood,VERBATIM truth,1,6
cold,blatant_falsehood,GIST truth,1,6
cold,blatant_falsehood,VERBATIM truth,1,6
cold,blatant_falsehood,GIST truth,1,6
cold,blatant_falsehood,VERBATIM truth,1,6
cold,blatant_falsehood,GIST truth,1,6
cold,blatant_falsehood,VERBATIM truth,1,6
cold,blatant_falsehood,GIST truth,1,6
cold,blatant_falsehood,VERBATIM truth,1,6
cold,blatant_falsehood,GIST truth,1,6
cold,blatant_falsehood,VERBATIM truth,1,6
cold,blatant_falsehood,GIST truth,1,6
cold,blatant_falsehood,VERBATIM truth,1,6
cold,blatant_falsehood,GIST truth,1,6
cold,blatant_falsehood,VERBATIM truth,1,6
cold,blatant_falsehood,GIST truth,1,7
cold,blatant_falsehood,VERBATIM truth,1,7
cold,blatant_falsehood,GIST truth,1,7
cold,blatant_falsehood,VERBATIM truth,1,7
cold,blatant_falsehood,GIST truth,1,7
cold,blatant_falsehood,VERBATIM truth,1,7
cold,blatant_falsehood,GIST truth,1,7
cold,blatant_falsehood,VERBATIM truth,1,7
cold,blatant_falsehood,GIST truth,1,7
cold,blatant_falsehood,VERBATIM truth,1,7
cold,blatant_falsehood,GIST truth,1,7
cold,blatant_falsehood,VERBATIM truth,1,7
cold,blatant_falsehood,GIST truth,1,7
cold,blatant_falsehood,VERBATIM truth,1,7
cold,blatant_falsehood,GIST truth,1,7
cold,blatant_falsehood,VERBATIM truth,1,7
cold,blatant_falsehood,GIST truth,1,7
cold,blatant_falsehood,VERBATIM truth,1,7
cold,blatant_falsehood,GIST truth,1,7
cold,blatant_falsehood,VERBATIM truth,1,7
cold,fully_true,GIST truth,7,1
cold,fully_true,VERBATIM truth,7,1
cold,fully_true,GIST truth,7,1
cold,fully_true,VERBATIM truth,7,1
cold,fully_true,GIST truth,7,1
cold,fully_true,VERBATIM truth,7,1
cold,fully_true,GIST truth,7,1
cold,fully_true,VERBATIM truth,7,1
cold,fully_true,GIST truth,7,1
cold,fully_true,VERBATIM truth,7,1
cold,fully_true,GIST truth,7,1
cold,fully_true,VERBATIM truth,7,1
cold,fully_true,GIST truth,7,1
cold,fully_true,VERBATIM truth,7,1
cold,fully_true,GIST truth,7,1
cold,fully_true,VERBATIM truth,7,1
cold,fully_true,GIST truth,7,1
cold,fully_true,VERBATIM truth,7,1
cold,fully_true,GIST truth,7,1
cold,fully_true,VERBATIM truth,7,1
cold,fully_true,GIST truth,7,1
cold,fully_true,VERBATIM truth,6,1
cold,fully_true,GIST truth,7,1
cold,fully_true,VERBATIM truth,5,1
cold,fully_true,GIST truth,7,1
cold,fully_true,VERBATIM truth,6,1
cold,fully_true,GIST truth,7,1
cold,fully_true,VERBATIM truth,6,1
cold,fully_true,GIST truth,7,1
cold,fully_true,VERBATIM truth,6,1
cold,fully_true,GIST truth,7,1
cold,fully_true,VERBATIM truth,6,1
cold,fully_true,GIST truth,7,1
cold,fully_true,VERBATIM truth,6,1
cold,fully_true,GIST truth,7,1
cold,fully_true,VERBATIM truth,6,1
cold,fully_true,GIST truth,7,1
cold,fully_true,VERBATIM truth,5,1
cold,fully_true,GIST truth,7,1
cold,fully_true,VERBATIM truth,6,1
cold,fully_true,GIST truth,7,1
cold,fully_true,VERBATIM truth,6,1
cold,fully_true,GIST truth,7,1
cold,fully_true,VERBATIM truth,6,1
cold,fully_true,GIST truth,7,1
cold,fully_true,VERBATIM truth,6,1
cold,fully_true,GIST truth,7,1
cold,fully_true,VERBATIM truth,6,1
cold,fully_true,GIST truth,7,1
cold,fully_true,VERBATIM truth,6,1
cold,fully_true,GIST truth,7,1
cold,fully_true,VERBATIM truth,5,1
cold,fully_true,GIST truth,7,1
cold,fully_true,VERBATIM truth,6,1
cold,fully_true,GIST truth,7,1
cold,fully_true,VERBATIM truth,6,1
cold,fully_true,GIST truth,7,1
cold,fully_true,VERBATIM truth,6,1
cold,fully_true,GIST truth,7,1
cold,fully_true,VERBATIM truth,5,1
cold,palter,GIST truth,7,1
cold,palter,VERBATIM truth,7,1
cold,palter,GIST truth,7,1
cold,palter,VERBATIM truth,7,1
cold,palter,GIST truth,7,1
cold,palter,VERBATIM truth,7,1
cold,palter,GIST truth,4,1
cold,palter,VERBATIM truth,7,1
cold,palter,GIST truth,7,1
cold,palter,VERBATIM truth,7,1
cold,palter,GIST truth,7,1
cold,palter,VERBATIM truth,7,1
cold,palter,GIST truth,7,1
cold,palter,VERBATIM truth,7,1
cold,palter,GIST truth,7,1
cold,palter,VERBATIM truth,7,1
cold,palter,GIST truth,7,1
cold,palter,VERBATIM truth,7,1
cold,palter,GIST truth,7,1
cold,palter,VERBATIM truth,7,1
cold,palter,GIST truth,4,2
cold,palter,VERBATIM truth,7,2
cold,palter,GIST truth,5,2
cold,palter,VERBATIM truth,6,2
cold,palter,GIST truth,5,2
cold,palter,VERBATIM truth,6,2
cold,palter,GIST truth,6,1
cold,palter,VERBATIM truth,7,1
cold,palter,GIST truth,4,2
cold,palter,VERBATIM truth,7,2
cold,palter,GIST truth,6,1
cold,palter,VERBATIM truth,7,1
cold,palter,GIST truth,4,2
cold,palter,VERBATIM truth,6,2
cold,palter,GIST truth,4,2
cold,palter,VERBATIM truth,6,2
cold,palter,GIST truth,4,2
cold,palter,VERBATIM truth,6,2
cold,palter,GIST truth,5,2
cold,palter,VERBATIM truth,7,2
cold,palter,GIST truth,3,4
cold,palter,VERBATIM truth,6,4
cold,palter,GIST truth,5,2
cold,palter,VERBATIM truth,6,2
cold,palter,GIST truth,6,1
cold,palter,VERBATIM truth,7,1
cold,palter,GIST truth,3,4
cold,palter,VERBATIM truth,6,4
cold,palter,GIST truth,3,4
cold,palter,VERBATIM truth,6,4
cold,palter,GIST truth,3,4
cold,palter,VERBATIM truth,6,4
cold,palter,GIST truth,3,3
cold,palter,VERBATIM truth,6,3
cold,palter,GIST truth,5,2
cold,palter,VERBATIM truth,6,2
cold,palter,GIST truth,3,3
cold,palter,VERBATIM truth,6,3
cold,palter,GIST truth,5,2
cold,palter,VERBATIM truth,6,2
cold,truthy_falsehood,GIST truth,2,1
cold,truthy_falsehood,VERBATIM truth,1,1
cold,truthy_falsehood,GIST truth,2,1
cold,truthy_falsehood,VERBATIM truth,1,1
cold,truthy_falsehood,GIST truth,1,1
cold,truthy_falsehood,VERBATIM truth,1,1
cold,truthy_falsehood,GIST truth,1,1
cold,truthy_falsehood,VERBATIM truth,1,1
cold,truthy_falsehood,GIST truth,1,1
cold,truthy_falsehood,VERBATIM truth,1,1
cold,truthy_falsehood,GIST truth,1,1
cold,truthy_falsehood,VERBATIM truth,1,1
cold,truthy_falsehood,GIST truth,1,1
cold,truthy_falsehood,VERBATIM truth,1,1
cold,truthy_falsehood,GIST truth,1,1
cold,truthy_falsehood,VERBATIM truth,1,1
cold,truthy_falsehood,GIST truth,1,1
cold,truthy_falsehood,VERBATIM truth,1,1
cold,truthy_falsehood,GIST truth,1,1
cold,truthy_falsehood,VERBATIM truth,1,1
cold,truthy_falsehood,GIST truth,2,3
cold,truthy_falsehood,VERBATIM truth,1,3
cold,truthy_falsehood,GIST truth,1,4
cold,truthy_falsehood,VERBATIM truth,1,4
cold,truthy_falsehood,GIST truth,2,5
cold,truthy_falsehood,VERBATIM truth,1,5
cold,truthy_falsehood,GIST truth,2,4
cold,truthy_falsehood,VERBATIM truth,1,4
cold,truthy_falsehood,GIST truth,2,3
cold,truthy_falsehood,VERBATIM truth,1,3
cold,truthy_falsehood,GIST truth,1,5
cold,truthy_falsehood,VERBATIM truth,1,5
cold,truthy_falsehood,GIST truth,1,4
cold,truthy_falsehood,VERBATIM truth,1,4
cold,truthy_falsehood,GIST truth,1,4
cold,truthy_falsehood,VERBATIM truth,1,4
cold,truthy_falsehood,GIST truth,1,3
cold,truthy_falsehood,VERBATIM truth,1,3
cold,truthy_falsehood,GIST truth,1,5
cold,truthy_falsehood,VERBATIM truth,1,5
cold,truthy_falsehood,GIST truth,1,5
cold,truthy_falsehood,VERBATIM truth,1,5
cold,truthy_falsehood,GIST truth,1,5
cold,truthy_falsehood,VERBATIM truth,1,5
cold,truthy_falsehood,GIST truth,1,5
cold,truthy_falsehood,VERBATIM truth,1,5
cold,truthy_falsehood,GIST truth,1,5
cold,truthy_falsehood,VERBATIM truth,1,5
cold,truthy_falsehood,GIST truth,3,5
cold,truthy_falsehood,VERBATIM truth,1,5
cold,truthy_falsehood,GIST truth,2,4
cold,truthy_falsehood,VERBATIM truth,1,4
cold,truthy_falsehood,GIST truth,1,5
cold,truthy_falsehood,VERBATIM truth,1,5
cold,truthy_falsehood,GIST truth,1,5
cold,truthy_falsehood,VERBATIM truth,1,5
cold,truthy_falsehood,GIST truth,1,5
cold,truthy_falsehood,VERBATIM truth,1,5
cold,truthy_falsehood,GIST truth,3,4
cold,truthy_falsehood,VERBATIM truth,1,4
cold,blatant_falsehood,GIST truth,1,5
cold,blatant_falsehood,VERBATIM truth,1,5
cold,blatant_falsehood,GIST truth,1,5
cold,blatant_falsehood,VERBATIM truth,1,5
cold,blatant_falsehood,GIST truth,1,1
cold,blatant_falsehood,VERBATIM truth,1,1
cold,blatant_falsehood,GIST truth,1,5
cold,blatant_falsehood,VERBATIM truth,1,5
cold,blatant_falsehood,GIST truth,1,7
cold,blatant_falsehood,VERBATIM truth,1,7
cold,blatant_falsehood,GIST truth,1,5
cold,blatant_falsehood,VERBATIM truth,1,5
cold,blatant_falsehood,GIST truth,1,5
cold,blatant_falsehood,VERBATIM truth,1,5
cold,blatant_falsehood,GIST truth,1,5
cold,blatant_falsehood,VERBATIM truth,1,5
cold,blatant_falsehood,GIST truth,1,5
cold,blatant_falsehood,VERBATIM truth,1,5
cold,blatant_falsehood,GIST truth,1,5
cold,blatant_falsehood,VERBATIM truth,1,5
cold,blatant_falsehood,GIST truth,1,6
cold,blatant_falsehood,VERBATIM truth,1,6
cold,blatant_falsehood,GIST truth,2,5
cold,blatant_falsehood,VERBATIM truth,1,5
cold,blatant_falsehood,GIST truth,2,5
cold,blatant_falsehood,VERBATIM truth,1,5
cold,blatant_falsehood,GIST truth,1,6
cold,blatant_falsehood,VERBATIM truth,1,6
cold,blatant_falsehood,GIST truth,1,6
cold,blatant_falsehood,VERBATIM truth,1,6
cold,blatant_falsehood,GIST truth,1,6
cold,blatant_falsehood,VERBATIM truth,1,6
cold,blatant_falsehood,GIST truth,2,6
cold,blatant_falsehood,VERBATIM truth,1,6
cold,blatant_falsehood,GIST truth,1,6
cold,blatant_falsehood,VERBATIM truth,1,6
cold,blatant_falsehood,GIST truth,1,6
cold,blatant_falsehood,VERBATIM truth,1,6
cold,blatant_falsehood,GIST truth,2,5
cold,blatant_falsehood,VERBATIM truth,1,5
cold,blatant_falsehood,GIST truth,1,6
cold,blatant_falsehood,VERBATIM truth,1,6
cold,blatant_falsehood,GIST truth,1,6
cold,blatant_falsehood,VERBATIM truth,1,6
cold,blatant_falsehood,GIST truth,1,6
cold,blatant_falsehood,VERBATIM truth,1,6
cold,blatant_falsehood,GIST truth,1,6
cold,blatant_falsehood,VERBATIM truth,1,6
cold,blatant_falsehood,GIST truth,1,6
cold,blatant_falsehood,VERBATIM truth,1,6
cold,blatant_falsehood,GIST truth,1,6
cold,blatant_falsehood,VERBATIM truth,1,6
cold,blatant_falsehood,GIST truth,1,6
cold,blatant_falsehood,VERBATIM truth,1,6
cold,blatant_falsehood,GIST truth,1,6
cold,blatant_falsehood,VERBATIM truth,1,6
cold,blatant_falsehood,GIST truth,1,6
cold,blatant_falsehood,VERBATIM truth,1,6
cold,blatant_falsehood,GIST truth,1,6
cold,blatant_falsehood,VERBATIM truth,1,6
cold,fully_true,GIST truth,7,1
cold,fully_true,VERBATIM truth,7,1
cold,fully_true,GIST truth,7,1
cold,fully_true,VERBATIM truth,7,1
cold,fully_true,GIST truth,7,1
cold,fully_true,VERBATIM truth,7,1
cold,fully_true,GIST truth,7,1
cold,fully_true,VERBATIM truth,7,1
cold,fully_true,GIST truth,7,1
cold,fully_true,VERBATIM truth,7,1
cold,fully_true,GIST truth,7,1
cold,fully_true,VERBATIM truth,7,1
cold,fully_true,GIST truth,7,1
cold,fully_true,VERBATIM truth,7,1
cold,fully_true,GIST truth,7,1
cold,fully_true,VERBATIM truth,7,1
cold,fully_true,GIST truth,7,1
cold,fully_true,VERBATIM truth,7,1
cold,fully_true,GIST truth,7,1
cold,fully_true,VERBATIM truth,7,1
cold,fully_true,GIST truth,7,1
cold,fully_true,VERBATIM truth,6,1
cold,fully_true,GIST truth,7,1
cold,fully_true,VERBATIM truth,6,1
cold,fully_true,GIST truth,7,1
cold,fully_true,VERBATIM truth,6,1
cold,fully_true,GIST truth,7,1
cold,fully_true,VERBATIM truth,6,1
cold,fully_true,GIST truth,7,1
cold,fully_true,VERBATIM truth,6,1
cold,fully_true,GIST truth,7,1
cold,fully_true,VERBATIM truth,6,1
cold,fully_true,GIST truth,7,1
cold,fully_true,VERBATIM truth,6,1
cold,fully_true,GIST truth,7,1
cold,fully_true,VERBATIM truth,6,1
cold,fully_true,GIST truth,7,1
cold,fully_true,VERBATIM truth,6,1
cold,fully_true,GIST truth,7,1
cold,fully_true,VERBATIM truth,6,1
cold,fully_true,GIST truth,7,1
cold,fully_true,VERBATIM truth,7,1
cold,fully_true,GIST truth,7,1
cold,fully_true,VERBATIM truth,7,1
cold,fully_true,GIST truth,7,1
cold,fully_true,VERBATIM truth,5,1
cold,fully_true,GIST truth,7,1
cold,fully_true,VERBATIM truth,7,1
cold,fully_true,GIST truth,7,1
cold,fully_true,VERBATIM truth,5,1
cold,fully_true,GIST truth,7,1
cold,fully_true,VERBATIM truth,7,1
cold,fully_true,GIST truth,7,1
cold,fully_true,VERBATIM truth,5,1
cold,fully_true,GIST truth,7,1
cold,fully_true,VERBATIM truth,5,1
cold,fully_true,GIST truth,7,1
cold,fully_true,VERBATIM truth,7,1
cold,fully_true,GIST truth,7,1
cold,fully_true,VERBATIM truth,5,1
cold,palter,GIST truth,3,2
cold,palter,VERBATIM truth,7,2
cold,palter,GIST truth,3,4
cold,palter,VERBATIM truth,7,4
cold,palter,GIST truth,3,2
cold,palter,VERBATIM truth,7,2
cold,palter,GIST truth,2,4
cold,palter,VERBATIM truth,7,4
cold,palter,GIST truth,3,2
cold,palter,VERBATIM truth,7,2
cold,palter,GIST truth,2,4
cold,palter,VERBATIM truth,7,4
cold,palter,GIST truth,3,2
cold,palter,VERBATIM truth,7,2
cold,palter,GIST truth,2,4
cold,palter,VERBATIM truth,7,4
cold,palter,GIST truth,2,5
cold,palter,VERBATIM truth,7,5
cold,palter,GIST truth,2,2
cold,palter,VERBATIM truth,7,2
cold,palter,GIST truth,2,5
cold,palter,VERBATIM truth,7,5
cold,palter,GIST truth,3,4
cold,palter,VERBATIM truth,6,4
cold,palter,GIST truth,2,5
cold,palter,VERBATIM truth,6,5
cold,palter,GIST truth,2,4
cold,palter,VERBATIM truth,7,4
cold,palter,GIST truth,3,4
cold,palter,VERBATIM truth,6,4
cold,palter,GIST truth,2,5
cold,palter,VERBATIM truth,6,5
cold,palter,GIST truth,3,4
cold,palter,VERBATIM truth,6,4
cold,palter,GIST truth,2,5
cold,palter,VERBATIM truth,7,5
cold,palter,GIST truth,2,4
cold,palter,VERBATIM truth,6,4
cold,palter,GIST truth,2,5
cold,palter,VERBATIM truth,7,5
cold,palter,GIST truth,2,5
cold,palter,VERBATIM truth,6,5
cold,palter,GIST truth,2,5
cold,palter,VERBATIM truth,6,5
cold,palter,GIST truth,2,5
cold,palter,VERBATIM truth,6,5
cold,palter,GIST truth,2,5
cold,palter,VERBATIM truth,6,5
cold,palter,GIST truth,2,5
cold,palter,VERBATIM truth,6,5
cold,palter,GIST truth,2,5
cold,palter,VERBATIM truth,6,5
cold,palter,GIST truth,2,5
cold,palter,VERBATIM truth,6,5
cold,palter,GIST truth,2,5
cold,palter,VERBATIM truth,6,5
cold,palter,GIST truth,2,5
cold,palter,VERBATIM truth,6,5
cold,palter,GIST truth,2,5
cold,palter,VERBATIM truth,6,5
cold,truthy_falsehood,GIST truth,7,1
cold,truthy_falsehood,VERBATIM truth,1,1
cold,truthy_falsehood,GIST truth,7,1
cold,truthy_falsehood,VERBATIM truth,1,1
cold,truthy_falsehood,GIST truth,7,1
cold,truthy_falsehood,VERBATIM truth,1,1
cold,truthy_falsehood,GIST truth,7,1
cold,truthy_falsehood,VERBATIM truth,1,1
cold,truthy_falsehood,GIST truth,7,1
cold,truthy_falsehood,VERBATIM truth,1,1
cold,truthy_falsehood,GIST truth,7,1
cold,truthy_falsehood,VERBATIM truth,1,1
cold,truthy_falsehood,GIST truth,2,2
cold,truthy_falsehood,VERBATIM truth,1,2
cold,truthy_falsehood,GIST truth,1,1
cold,truthy_falsehood,VERBATIM truth,1,1
cold,truthy_falsehood,GIST truth,7,1
cold,truthy_falsehood,VERBATIM truth,1,1
cold,truthy_falsehood,GIST truth,7,1
cold,truthy_falsehood,VERBATIM truth,1,1
cold,truthy_falsehood,GIST truth,6,3
cold,truthy_falsehood,VERBATIM truth,1,3
cold,truthy_falsehood,GIST truth,6,4
cold,truthy_falsehood,VERBATIM truth,1,4
cold,truthy_falsehood,GIST truth,5,4
cold,truthy_falsehood,VERBATIM truth,1,4
cold,truthy_falsehood,GIST truth,5,3
cold,truthy_falsehood,VERBATIM truth,1,3
cold,truthy_falsehood,GIST truth,6,4
cold,truthy_falsehood,VERBATIM truth,1,4
cold,truthy_falsehood,GIST truth,5,2
cold,truthy_falsehood,VERBATIM truth,1,2
cold,truthy_falsehood,GIST truth,5,4
cold,truthy_falsehood,VERBATIM truth,1,4
cold,truthy_falsehood,GIST truth,5,5
cold,truthy_falsehood,VERBATIM truth,1,5
cold,truthy_falsehood,GIST truth,6,4
cold,truthy_falsehood,VERBATIM truth,1,4
cold,truthy_falsehood,GIST truth,6,5
cold,truthy_falsehood,VERBATIM truth,1,5
cold,truthy_falsehood,GIST truth,5,4
cold,truthy_falsehood,VERBATIM truth,1,4
cold,truthy_falsehood,GIST truth,5,4
cold,truthy_falsehood,VERBATIM truth,1,4
cold,truthy_falsehood,GIST truth,5,4
cold,truthy_falsehood,VERBATIM truth,1,4
cold,truthy_falsehood,GIST truth,4,4
cold,truthy_falsehood,VERBATIM truth,1,4
cold,truthy_falsehood,GIST truth,4,4
cold,truthy_falsehood,VERBATIM truth,1,4
cold,truthy_falsehood,GIST truth,4,3
cold,truthy_falsehood,VERBATIM truth,1,3
cold,truthy_falsehood,GIST truth,4,4
cold,truthy_falsehood,VERBATIM truth,1,4
cold,truthy_falsehood,GIST truth,4,4
cold,truthy_falsehood,VERBATIM truth,1,4
cold,truthy_falsehood,GIST truth,4,3
cold,truthy_falsehood,VERBATIM truth,1,3
cold,truthy_falsehood,GIST truth,4,4
cold,truthy_falsehood,VERBATIM truth,1,4
cold,blatant_falsehood,GIST truth,1,7
cold,blatant_falsehood,VERBATIM truth,1,7
cold,blatant_falsehood,GIST truth,1,7
cold,blatant_falsehood,VERBATIM truth,1,7
cold,blatant_falsehood,GIST truth,1,7
cold,blatant_falsehood,VERBATIM truth,1,7
cold,blatant_falsehood,GIST truth,1,7
cold,blatant_falsehood,VERBATIM truth,1,7
cold,blatant_falsehood,GIST truth,1,7
cold,blatant_falsehood,VERBATIM truth,1,7
cold,blatant_falsehood,GIST truth,1,7
cold,blatant_falsehood,VERBATIM truth,1,7
cold,blatant_falsehood,GIST truth,1,7
cold,blatant_falsehood,VERBATIM truth,1,7
cold,blatant_falsehood,GIST truth,1,7
cold,blatant_falsehood,VERBATIM truth,1,7
cold,blatant_falsehood,GIST truth,1,7
cold,blatant_falsehood,VERBATIM truth,1,7
cold,blatant_falsehood,GIST truth,1,7
cold,blatant_falsehood,VERBATIM truth,1,7
cold,blatant_falsehood,GIST truth,1,6
cold,blatant_falsehood,VERBATIM truth,1,6
cold,blatant_falsehood,GIST truth,1,6
cold,blatant_falsehood,VERBATIM truth,1,6
cold,blatant_falsehood,GIST truth,1,6
cold,blatant_falsehood,VERBATIM truth,1,6
cold,blatant_falsehood,GIST truth,1,6
cold,blatant_falsehood,VERBATIM truth,1,6
cold,blatant_falsehood,GIST truth,1,6
cold,blatant_falsehood,VERBATIM truth,1,6
cold,blatant_falsehood,GIST truth,1,6
cold,blatant_falsehood,VERBATIM truth,1,6
cold,blatant_falsehood,GIST truth,1,6
cold,blatant_falsehood,VERBATIM truth,1,6
cold,blatant_falsehood,GIST truth,1,6
cold,blatant_falsehood,VERBATIM truth,1,6
cold,blatant_falsehood,GIST truth,1,6
cold,blatant_falsehood,VERBATIM truth,1,6
cold,blatant_falsehood,GIST truth,1,6
cold,blatant_falsehood,VERBATIM truth,1,6
cold,blatant_falsehood,GIST truth,1,6
cold,blatant_falsehood,VERBATIM truth,1,6
cold,blatant_falsehood,GIST truth,1,6
cold,blatant_falsehood,VERBATIM truth,1,6
cold,blatant_falsehood,GIST truth,1,6
cold,blatant_falsehood,VERBATIM truth,1,6
cold,blatant_falsehood,GIST truth,1,6
cold,blatant_falsehood,VERBATIM truth,1,6
cold,blatant_falsehood,GIST truth,1,6
cold,blatant_falsehood,VERBATIM truth,1,6
cold,blatant_falsehood,GIST truth,1,6
cold,blatant_falsehood,VERBATIM truth,1,6
cold,blatant_falsehood,GIST truth,1,6
cold,blatant_falsehood,VERBATIM truth,1,6
cold,blatant_falsehood,GIST truth,1,6
cold,blatant_falsehood,VERBATIM truth,1,6
cold,blatant_falsehood,GIST truth,1,6
cold,blatant_falsehood,VERBATIM truth,1,6
cold,fully_true,GIST truth,7,1
cold,fully_true,VERBATIM truth,7,1
cold,fully_true,GIST truth,7,1
cold,fully_true,VERBATIM truth,7,1
cold,fully_true,GIST truth,7,1
cold,fully_true,VERBATIM truth,7,1
cold,fully_true,GIST truth,7,1
cold,fully_true,VERBATIM truth,7,1
cold,fully_true,GIST truth,7,1
cold,fully_true,VERBATIM truth,7,1
cold,fully_true,GIST truth,7,1
cold,fully_true,VERBATIM truth,7,1
cold,fully_true,GIST truth,7,1
cold,fully_true,VERBATIM truth,7,1
cold,fully_true,GIST truth,7,1
cold,fully_true,VERBATIM truth,7,1
cold,fully_true,GIST truth,7,1
cold,fully_true,VERBATIM truth,7,1
cold,fully_true,GIST truth,7,1
cold,fully_true,VERBATIM truth,7,1
cold,fully_true,GIST truth,6,1
cold,fully_true,VERBATIM truth,6,1
cold,fully_true,GIST truth,6,1
cold,fully_true,VERBATIM truth,5,1
cold,fully_true,GIST truth,6,1
cold,fully_true,VERBATIM truth,5,1
cold,fully_true,GIST truth,6,1
cold,fully_true,VERBATIM truth,6,1
cold,fully_true,GIST truth,6,1
cold,fully_true,VERBATIM truth,5,1
cold,fully_true,GIST truth,6,1
cold,fully_true,VERBATIM truth,5,1
cold,fully_true,GIST truth,6,1
cold,fully_true,VERBATIM truth,5,1
cold,fully_true,GIST truth,6,1
cold,fully_true,VERBATIM truth,5,1
cold,fully_true,GIST truth,6,1
cold,fully_true,VERBATIM truth,5,1
cold,fully_true,GIST truth,6,1
cold,fully_true,VERBATIM truth,6,1
cold,fully_true,GIST truth,6,2
cold,fully_true,VERBATIM truth,5,2
cold,fully_true,GIST truth,6,2
cold,fully_true,VERBATIM truth,4,2
cold,fully_true,GIST truth,6,2
cold,fully_true,VERBATIM truth,5,2
cold,fully_true,GIST truth,6,2
cold,fully_true,VERBATIM truth,5,2
cold,fully_true,GIST truth,6,2
cold,fully_true,VERBATIM truth,5,2
cold,fully_true,GIST truth,6,2
cold,fully_true,VERBATIM truth,5,2
cold,fully_true,GIST truth,6,2
cold,fully_true,VERBATIM truth,5,2
cold,fully_true,GIST truth,6,2
cold,fully_true,VERBATIM truth,5,2
cold,fully_true,GIST truth,6,1
cold,fully_true,VERBATIM truth,6,1
cold,fully_true,GIST truth,6,2
cold,fully_true,VERBATIM truth,5,2
cold,palter,GIST truth,7,1
cold,palter,VERBATIM truth,7,1
cold,palter,GIST truth,4,1
cold,palter,VERBATIM truth,7,1
cold,palter,GIST truth,5,2
cold,palter,VERBATIM truth,7,2
cold,palter,GIST truth,7,1
cold,palter,VERBATIM truth,7,1
cold,palter,GIST truth,5,2
cold,palter,VERBATIM truth,7,2
cold,palter,GIST truth,5,2
cold,palter,VERBATIM truth,7,2
cold,palter,GIST truth,7,1
cold,palter,VERBATIM truth,7,1
cold,palter,GIST truth,5,1
cold,palter,VERBATIM truth,6,1
cold,palter,GIST truth,7,1
cold,palter,VERBATIM truth,7,1
cold,palter,GIST truth,7,1
cold,palter,VERBATIM truth,7,1
cold,palter,GIST truth,3,3
cold,palter,VERBATIM truth,6,3
cold,palter,GIST truth,3,3
cold,palter,VERBATIM truth,6,3
cold,palter,GIST truth,4,2
cold,palter,VERBATIM truth,6,2
cold,palter,GIST truth,4,3
cold,palter,VERBATIM truth,6,3
cold,palter,GIST truth,4,3
cold,palter,VERBATIM truth,6,3
cold,palter,GIST truth,4,3
cold,palter,VERBATIM truth,6,3
cold,palter,GIST truth,4,2
cold,palter,VERBATIM truth,6,2
cold,palter,GIST truth,4,3
cold,palter,VERBATIM truth,6,3
cold,palter,GIST truth,3,3
cold,palter,VERBATIM truth,6,3
cold,palter,GIST truth,4,3
cold,palter,VERBATIM truth,6,3
cold,palter,GIST truth,3,4
cold,palter,VERBATIM truth,6,4
cold,palter,GIST truth,3,4
cold,palter,VERBATIM truth,6,4
cold,palter,GIST truth,3,4
cold,palter,VERBATIM truth,6,4
cold,palter,GIST truth,3,4
cold,palter,VERBATIM truth,6,4
cold,palter,GIST truth,3,4
cold,palter,VERBATIM truth,6,4
cold,palter,GIST truth,3,4
cold,palter,VERBATIM truth,6,4
cold,palter,GIST truth,3,4
cold,palter,VERBATIM truth,6,4
cold,palter,GIST truth,3,4
cold,palter,VERBATIM truth,6,4
cold,palter,GIST truth,3,4
cold,palter,VERBATIM truth,6,4
cold,palter,GIST truth,3,4
cold,palter,VERBATIM truth,6,4
cold,truthy_falsehood,GIST truth,5,1
cold,truthy_falsehood,VERBATIM truth,3,1
cold,truthy_falsehood,GIST truth,5,1
cold,truthy_falsehood,VERBATIM truth,3,1
cold,truthy_falsehood,GIST truth,5,1
cold,truthy_falsehood,VERBATIM truth,4,1
cold,truthy_falsehood,GIST truth,5,1
cold,truthy_falsehood,VERBATIM truth,3,1
cold,truthy_falsehood,GIST truth,5,1
cold,truthy_falsehood,VERBATIM truth,3,1
cold,truthy_falsehood,GIST truth,5,1
cold,truthy_falsehood,VERBATIM truth,3,1
cold,truthy_falsehood,GIST truth,5,1
cold,truthy_falsehood,VERBATIM truth,3,1
cold,truthy_falsehood,GIST truth,5,1
cold,truthy_falsehood,VERBATIM truth,3,1
cold,truthy_falsehood,GIST truth,5,1
cold,truthy_falsehood,VERBATIM truth,3,1
cold,truthy_falsehood,GIST truth,5,1
cold,truthy_falsehood,VERBATIM truth,3,1
cold,truthy_falsehood,GIST truth,6,2
cold,truthy_falsehood,VERBATIM truth,3,2
cold,truthy_falsehood,GIST truth,6,1
cold,truthy_falsehood,VERBATIM truth,2,1
cold,truthy_falsehood,GIST truth,6,1
cold,truthy_falsehood,VERBATIM truth,3,1
cold,truthy_falsehood,GIST truth,6,1
cold,truthy_falsehood,VERBATIM truth,2,1
cold,truthy_falsehood,GIST truth,6,1
cold,truthy_falsehood,VERBATIM truth,3,1
cold,truthy_falsehood,GIST truth,6,1
cold,truthy_falsehood,VERBATIM truth,3,1
cold,truthy_falsehood,GIST truth,6,2
cold,truthy_falsehood,VERBATIM truth,2,2
cold,truthy_falsehood,GIST truth,6,1
cold,truthy_falsehood,VERBATIM truth,3,1
cold,truthy_falsehood,GIST truth,6,1
cold,truthy_falsehood,VERBATIM truth,3,1
cold,truthy_falsehood,GIST truth,5,1
cold,truthy_falsehood,VERBATIM truth,3,1
cold,truthy_falsehood,GIST truth,4,3
cold,truthy_falsehood,VERBATIM truth,2,3
cold,truthy_falsehood,GIST truth,4,3
cold,truthy_falsehood,VERBATIM truth,2,3
cold,truthy_falsehood,GIST truth,5,3
cold,truthy_falsehood,VERBATIM truth,3,3
cold,truthy_falsehood,GIST truth,4,3
cold,truthy_falsehood,VERBATIM truth,2,3
cold,truthy_falsehood,GIST truth,4,3
cold,truthy_falsehood,VERBATIM truth,2,3
cold,truthy_falsehood,GIST truth,5,3
cold,truthy_falsehood,VERBATIM truth,3,3
cold,truthy_falsehood,GIST truth,5,3
cold,truthy_falsehood,VERBATIM truth,3,3
cold,truthy_falsehood,GIST truth,4,3
cold,truthy_falsehood,VERBATIM truth,2,3
cold,truthy_falsehood,GIST truth,4,3
cold,truthy_falsehood,VERBATIM truth,2,3
cold,truthy_falsehood,GIST truth,5,3
cold,truthy_falsehood,VERBATIM truth,2,3
cold,blatant_falsehood,GIST truth,1,7
cold,blatant_falsehood,VERBATIM truth,1,7
cold,blatant_falsehood,GIST truth,1,7
cold,blatant_falsehood,VERBATIM truth,1,7
cold,blatant_falsehood,GIST truth,1,7
cold,blatant_falsehood,VERBATIM truth,1,7
cold,blatant_falsehood,GIST truth,1,7
cold,blatant_falsehood,VERBATIM truth,1,7
cold,blatant_falsehood,GIST truth,1,7
cold,blatant_falsehood,VERBATIM truth,1,7
cold,blatant_falsehood,GIST truth,1,7
cold,blatant_falsehood,VERBATIM truth,1,7
cold,blatant_falsehood,GIST truth,1,7
cold,blatant_falsehood,VERBATIM truth,1,7
cold,blatant_falsehood,GIST truth,1,7
cold,blatant_falsehood,VERBATIM truth,1,7
cold,blatant_falsehood,GIST truth,1,7
cold,blatant_falsehood,VERBATIM truth,1,7
cold,blatant_falsehood,GIST truth,1,7
cold,blatant_falsehood,VERBATIM truth,1,7
cold,blatant_falsehood,GIST truth,1,6
cold,blatant_falsehood,VERBATIM truth,1,6
cold,blatant_falsehood,GIST truth,1,7
cold,blatant_falsehood,VERBATIM truth,1,7
cold,blatant_falsehood,GIST truth,1,6
cold,blatant_falsehood,VERBATIM truth,1,6
cold,blatant_falsehood,GIST truth,1,6
cold,blatant_falsehood,VERBATIM truth,1,6
cold,blatant_falsehood,GIST truth,1,6
cold,blatant_falsehood,VERBATIM truth,1,6
cold,blatant_falsehood,GIST truth,1,7
cold,blatant_falsehood,VERBATIM truth,1,7
cold,blatant_falsehood,GIST truth,1,6
cold,blatant_falsehood,VERBATIM truth,1,6
cold,blatant_falsehood,GIST truth,1,6
cold,blatant_falsehood,VERBATIM truth,1,6
cold,blatant_falsehood,GIST truth,1,6
cold,blatant_falsehood,VERBATIM truth,1,6
cold,blatant_falsehood,GIST truth,1,6
cold,blatant_falsehood,VERBATIM truth,1,6
cold,blatant_falsehood,GIST truth,1,6
cold,blatant_falsehood,VERBATIM truth,1,6
cold,blatant_falsehood,GIST truth,1,6
cold,blatant_falsehood,VERBATIM truth,1,6
cold,blatant_falsehood,GIST truth,1,6
cold,blatant_falsehood,VERBATIM truth,1,6
cold,blatant_falsehood,GIST truth,1,6
cold,blatant_falsehood,VERBATIM truth,1,6
cold,blatant_falsehood,GIST truth,1,6
cold,blatant_falsehood,VERBATIM truth,1,6
cold,blatant_falsehood,GIST truth,1,6
cold,blatant_falsehood,VERBATIM truth,1,6
cold,blatant_falsehood,GIST truth,1,6
cold,blatant_falsehood,VERBATIM truth,1,6
cold,blatant_falsehood,GIST truth,1,6
cold,blatant_falsehood,VERBATIM truth,1,6
cold,blatant_falsehood,GIST truth,1,6
cold,blatant_falsehood,VERBATIM truth,1,6
cold,blatant_falsehood,GIST truth,1,6
cold,blatant_falsehood,VERBATIM truth,1,6
cold,fully_true,GIST truth,7,1
cold,fully_true,VERBATIM truth,7,1
cold,fully_true,GIST truth,7,1
cold,fully_true,VERBATIM truth,7,1
cold,fully_true,GIST truth,7,1
cold,fully_true,VERBATIM truth,7,1
cold,fully_true,GIST truth,7,1
cold,fully_true,VERBATIM truth,7,1
cold,fully_true,GIST truth,7,1
cold,fully_true,VERBATIM truth,7,1
cold,fully_true,GIST truth,7,1
cold,fully_true,VERBATIM truth,7,1
cold,fully_true,GIST truth,7,1
cold,fully_true,VERBATIM truth,7,1
cold,fully_true,GIST truth,7,1
cold,fully_true,VERBATIM truth,7,1
cold,fully_true,GIST truth,7,1
cold,fully_true,VERBATIM truth,7,1
cold,fully_true,GIST truth,7,1
cold,fully_true,VERBATIM truth,7,1
cold,fully_true,GIST truth,7,1
cold,fully_true,VERBATIM truth,6,1
cold,fully_true,GIST truth,7,1
cold,fully_true,VERBATIM truth,7,1
cold,fully_true,GIST truth,7,1
cold,fully_true,VERBATIM truth,6,1
cold,fully_true,GIST truth,7,1
cold,fully_true,VERBATIM truth,7,1
cold,fully_true,GIST truth,7,1
cold,fully_true,VERBATIM truth,6,1
cold,fully_true,GIST truth,7,1
cold,fully_true,VERBATIM truth,7,1
cold,fully_true,GIST truth,7,1
cold,fully_true,VERBATIM truth,6,1
cold,fully_true,GIST truth,7,1
cold,fully_true,VERBATIM truth,7,1
cold,fully_true,GIST truth,7,1
cold,fully_true,VERBATIM truth,7,1
cold,fully_true,GIST truth,7,1
cold,fully_true,VERBATIM truth,7,1
cold,fully_true,GIST truth,7,1
cold,fully_true,VERBATIM truth,6,1
cold,fully_true,GIST truth,7,1
cold,fully_true,VERBATIM truth,5,1
cold,fully_true,GIST truth,7,1
cold,fully_true,VERBATIM truth,6,1
cold,fully_true,GIST truth,7,1
cold,fully_true,VERBATIM truth,6,1
cold,fully_true,GIST truth,7,1
cold,fully_true,VERBATIM truth,6,1
cold,fully_true,GIST truth,7,1
cold,fully_true,VERBATIM truth,7,1
cold,fully_true,GIST truth,7,1
cold,fully_true,VERBATIM truth,7,1
cold,fully_true,GIST truth,7,1
cold,fully_true,VERBATIM truth,6,1
cold,fully_true,GIST truth,7,1
cold,fully_true,VERBATIM truth,6,1
cold,fully_true,GIST truth,7,1
cold,fully_true,VERBATIM truth,6,1
cold,palter,GIST truth,2,2
cold,palter,VERBATIM truth,3,2
cold,palter,GIST truth,2,1
cold,palter,VERBATIM truth,3,1
cold,palter,GIST truth,2,2
cold,palter,VERBATIM truth,3,2
cold,palter,GIST truth,2,2
cold,palter,VERBATIM truth,3,2
cold,palter,GIST truth,2,2
cold,palter,VERBATIM truth,3,2
cold,palter,GIST truth,3,1
cold,palter,VERBATIM truth,4,1
cold,palter,GIST truth,2,2
cold,palter,VERBATIM truth,3,2
cold,palter,GIST truth,2,2
cold,palter,VERBATIM truth,5,2
cold,palter,GIST truth,2,2
cold,palter,VERBATIM truth,3,2
cold,palter,GIST truth,2,1
cold,palter,VERBATIM truth,2,1
cold,palter,GIST truth,5,2
cold,palter,VERBATIM truth,3,2
cold,palter,GIST truth,5,2
cold,palter,VERBATIM truth,3,2
cold,palter,GIST truth,5,2
cold,palter,VERBATIM truth,3,2
cold,palter,GIST truth,4,2
cold,palter,VERBATIM truth,4,2
cold,palter,GIST truth,5,2
cold,palter,VERBATIM truth,4,2
cold,palter,GIST truth,2,3
cold,palter,VERBATIM truth,3,3
cold,palter,GIST truth,3,2
cold,palter,VERBATIM truth,3,2
cold,palter,GIST truth,4,3
cold,palter,VERBATIM truth,3,3
cold,palter,GIST truth,2,3
cold,palter,VERBATIM truth,3,3
cold,palter,GIST truth,4,2
cold,palter,VERBATIM truth,3,2
cold,palter,GIST truth,3,3
cold,palter,VERBATIM truth,2,3
cold,palter,GIST truth,3,3
cold,palter,VERBATIM truth,2,3
cold,palter,GIST truth,5,2
cold,palter,VERBATIM truth,2,2
cold,palter,GIST truth,3,3
cold,palter,VERBATIM truth,3,3
cold,palter,GIST truth,3,3
cold,palter,VERBATIM truth,2,3
cold,palter,GIST truth,3,3
cold,palter,VERBATIM truth,2,3
cold,palter,GIST truth,3,3
cold,palter,VERBATIM truth,2,3
cold,palter,GIST truth,4,2
cold,palter,VERBATIM truth,2,2
cold,palter,GIST truth,3,3
cold,palter,VERBATIM truth,2,3
cold,palter,GIST truth,3,3
cold,palter,VERBATIM truth,2,3
cold,truthy_falsehood,GIST truth,7,1
cold,truthy_falsehood,VERBATIM truth,2,1
cold,truthy_falsehood,GIST truth,6,1
cold,truthy_falsehood,VERBATIM truth,3,1
cold,truthy_falsehood,GIST truth,6,1
cold,truthy_falsehood,VERBATIM truth,3,1
cold,truthy_falsehood,GIST truth,6,1
cold,truthy_falsehood,VERBATIM truth,3,1
cold,truthy_falsehood,GIST truth,6,1
cold,truthy_falsehood,VERBATIM truth,2,1
cold,truthy_falsehood,GIST truth,6,1
cold,truthy_falsehood,VERBATIM truth,3,1
cold,truthy_falsehood,GIST truth,6,1
cold,truthy_falsehood,VERBATIM truth,3,1
cold,truthy_falsehood,GIST truth,6,1
cold,truthy_falsehood,VERBATIM truth,2,1
cold,truthy_falsehood,GIST truth,6,1
cold,truthy_falsehood,VERBATIM truth,3,1
cold,truthy_falsehood,GIST truth,6,1
cold,truthy_falsehood,VERBATIM truth,3,1
cold,truthy_falsehood,GIST truth,6,1
cold,truthy_falsehood,VERBATIM truth,3,1
cold,truthy_falsehood,GIST truth,6,1
cold,truthy_falsehood,VERBATIM truth,3,1
cold,truthy_falsehood,GIST truth,6,1
cold,truthy_falsehood,VERBATIM truth,3,1
cold,truthy_falsehood,GIST truth,6,1
cold,truthy_falsehood,VERBATIM truth,2,1
cold,truthy_falsehood,GIST truth,6,1
cold,truthy_falsehood,VERBATIM truth,3,1
cold,truthy_falsehood,GIST truth,6,1
cold,truthy_falsehood,VERBATIM truth,3,1
cold,truthy_falsehood,GIST truth,6,1
cold,truthy_falsehood,VERBATIM truth,3,1
cold,truthy_falsehood,GIST truth,6,1
cold,truthy_falsehood,VERBATIM truth,3,1
cold,truthy_falsehood,GIST truth,6,1
cold,truthy_falsehood,VERBATIM truth,2,1
cold,truthy_falsehood,GIST truth,6,1
cold,truthy_falsehood,VERBATIM truth,3,1
cold,truthy_falsehood,GIST truth,6,2
cold,truthy_falsehood,VERBATIM truth,2,2
cold,truthy_falsehood,GIST truth,6,3
cold,truthy_falsehood,VERBATIM truth,2,3
cold,truthy_falsehood,GIST truth,6,2
cold,truthy_falsehood,VERBATIM truth,2,2
cold,truthy_falsehood,GIST truth,6,2
cold,truthy_falsehood,VERBATIM truth,2,2
cold,truthy_falsehood,GIST truth,6,2
cold,truthy_falsehood,VERBATIM truth,2,2
cold,truthy_falsehood,GIST truth,6,2
cold,truthy_falsehood,VERBATIM truth,2,2
cold,truthy_falsehood,GIST truth,6,3
cold,truthy_falsehood,VERBATIM truth,2,3
cold,truthy_falsehood,GIST truth,5,3
cold,truthy_falsehood,VERBATIM truth,2,3
cold,truthy_falsehood,GIST truth,6,2
cold,truthy_falsehood,VERBATIM truth,2,2
cold,truthy_falsehood,GIST truth,6,2
cold,truthy_falsehood,VERBATIM truth,2,2
cold,blatant_falsehood,GIST truth,1,7
cold,blatant_falsehood,VERBATIM truth,1,7
cold,blatant_falsehood,GIST truth,1,4
cold,blatant_falsehood,VERBATIM truth,1,4
cold,blatant_falsehood,GIST truth,1,7
cold,blatant_falsehood,VERBATIM truth,1,7
cold,blatant_falsehood,GIST truth,1,4
cold,blatant_falsehood,VERBATIM truth,1,4
cold,blatant_falsehood,GIST truth,1,7
cold,blatant_falsehood,VERBATIM truth,1,7
cold,blatant_falsehood,GIST truth,1,7
cold,blatant_falsehood,VERBATIM truth,1,7
cold,blatant_falsehood,GIST truth,1,7
cold,blatant_falsehood,VERBATIM truth,1,7
cold,blatant_falsehood,GIST truth,1,1
cold,blatant_falsehood,VERBATIM truth,1,1
cold,blatant_falsehood,GIST truth,1,5
cold,blatant_falsehood,VERBATIM truth,1,5
cold,blatant_falsehood,GIST truth,1,5
cold,blatant_falsehood,VERBATIM truth,1,5
cold,blatant_falsehood,GIST truth,1,6
cold,blatant_falsehood,VERBATIM truth,1,6
cold,blatant_falsehood,GIST truth,1,6
cold,blatant_falsehood,VERBATIM truth,1,6
cold,blatant_falsehood,GIST truth,1,5
cold,blatant_falsehood,VERBATIM truth,1,5
cold,blatant_falsehood,GIST truth,1,6
cold,blatant_falsehood,VERBATIM truth,1,6
cold,blatant_falsehood,GIST truth,1,5
cold,blatant_falsehood,VERBATIM truth,1,5
cold,blatant_falsehood,GIST truth,1,5
cold,blatant_falsehood,VERBATIM truth,1,5
cold,blatant_falsehood,GIST truth,1,6
cold,blatant_falsehood,VERBATIM truth,1,6
cold,blatant_falsehood,GIST truth,1,6
cold,blatant_falsehood,VERBATIM truth,1,6
cold,blatant_falsehood,GIST truth,1,5
cold,blatant_falsehood,VERBATIM truth,1,5
cold,blatant_falsehood,GIST truth,1,5
cold,blatant_falsehood,VERBATIM truth,1,5
cold,blatant_falsehood,GIST truth,1,6
cold,blatant_falsehood,VERBATIM truth,1,6
cold,blatant_falsehood,GIST truth,1,6
cold,blatant_falsehood,VERBATIM truth,1,6
cold,blatant_falsehood,GIST truth,1,6
cold,blatant_falsehood,VERBATIM truth,1,6
cold,blatant_falsehood,GIST truth,1,6
cold,blatant_falsehood,VERBATIM truth,1,6
cold,blatant_falsehood,GIST truth,1,6
cold,blatant_falsehood,VERBATIM truth,1,6
cold,blatant_falsehood,GIST truth,1,5
cold,blatant_falsehood,VERBATIM truth,1,5
cold,blatant_falsehood,GIST truth,1,6
cold,blatant_falsehood,VERBATIM truth,1,6
cold,blatant_falsehood,GIST truth,1,6
cold,blatant_falsehood,VERBATIM truth,1,6
cold,blatant_falsehood,GIST truth,1,5
cold,blatant_falsehood,VERBATIM truth,1,5
cold,blatant_falsehood,GIST truth,1,6
cold,blatant_falsehood,VERBATIM truth,1,6
cold,fully_true,GIST truth,7,1
cold,fully_true,VERBATIM truth,7,1
cold,fully_true,GIST truth,7,1
cold,fully_true,VERBATIM truth,7,1
cold,fully_true,GIST truth,7,1
cold,fully_true,VERBATIM truth,7,1
cold,fully_true,GIST truth,7,1
cold,fully_true,VERBATIM truth,7,1
cold,fully_true,GIST truth,7,1
cold,fully_true,VERBATIM truth,7,1
cold,fully_true,GIST truth,7,1
cold,fully_true,VERBATIM truth,7,1
cold,fully_true,GIST truth,7,1
cold,fully_true,VERBATIM truth,7,1
cold,fully_true,GIST truth,7,1
cold,fully_true,VERBATIM truth,7,1
cold,fully_true,GIST truth,7,1
cold,fully_true,VERBATIM truth,7,1
cold,fully_true,GIST truth,7,1
cold,fully_true,VERBATIM truth,7,1
cold,fully_true,GIST truth,7,1
cold,fully_true,VERBATIM truth,7,1
cold,fully_true,GIST truth,7,1
cold,fully_true,VERBATIM truth,7,1
cold,fully_true,GIST truth,7,1
cold,fully_true,VERBATIM truth,7,1
cold,fully_true,GIST truth,7,1
cold,fully_true,VERBATIM truth,7,1
cold,fully_true,GIST truth,7,1
cold,fully_true,VERBATIM truth,7,1
cold,fully_true,GIST truth,7,1
cold,fully_true,VERBATIM truth,6,1
cold,fully_true,GIST truth,7,1
cold,fully_true,VERBATIM truth,7,1
cold,fully_true,GIST truth,7,1
cold,fully_true,VERBATIM truth,7,1
cold,fully_true,GIST truth,7,1
cold,fully_true,VERBATIM truth,7,1
cold,fully_true,GIST truth,7,1
cold,fully_true,VERBATIM truth,7,1
cold,fully_true,GIST truth,7,1
cold,fully_true,VERBATIM truth,7,1
cold,fully_true,GIST truth,7,1
cold,fully_true,VERBATIM truth,7,1
cold,fully_true,GIST truth,7,1
cold,fully_true,VERBATIM truth,7,1
cold,fully_true,GIST truth,7,1
cold,fully_true,VERBATIM truth,7,1
cold,fully_true,GIST truth,7,1
cold,fully_true,VERBATIM truth,7,1
cold,fully_true,GIST truth,7,1
cold,fully_true,VERBATIM truth,7,1
cold,fully_true,GIST truth,7,1
cold,fully_true,VERBATIM truth,7,1
cold,fully_true,GIST truth,7,1
cold,fully_true,VERBATIM truth,7,1
cold,fully_true,GIST truth,7,1
cold,fully_true,VERBATIM truth,7,1
cold,fully_true,GIST truth,7,1
cold,fully_true,VERBATIM truth,7,1
cold,palter,GIST truth,7,1
cold,palter,VERBATIM truth,7,1
cold,palter,GIST truth,7,1
cold,palter,VERBATIM truth,7,1
cold,palter,GIST truth,7,1
cold,palter,VERBATIM truth,7,1
cold,palter,GIST truth,7,1
cold,palter,VERBATIM truth,7,1
cold,palter,GIST truth,7,1
cold,palter,VERBATIM truth,7,1
cold,palter,GIST truth,7,1
cold,palter,VERBATIM truth,7,1
cold,palter,GIST truth,6,1
cold,palter,VERBATIM truth,7,1
cold,palter,GIST truth,7,1
cold,palter,VERBATIM truth,7,1
cold,palter,GIST truth,7,1
cold,palter,VERBATIM truth,7,1
cold,palter,GIST truth,7,1
cold,palter,VERBATIM truth,7,1
cold,palter,GIST truth,4,3
cold,palter,VERBATIM truth,6,3
cold,palter,GIST truth,3,3
cold,palter,VERBATIM truth,5,3
cold,palter,GIST truth,4,3
cold,palter,VERBATIM truth,6,3
cold,palter,GIST truth,4,3
cold,palter,VERBATIM truth,6,3
cold,palter,GIST truth,3,4
cold,palter,VERBATIM truth,5,4
cold,palter,GIST truth,5,2
cold,palter,VERBATIM truth,6,2
cold,palter,GIST truth,3,4
cold,palter,VERBATIM truth,6,4
cold,palter,GIST truth,3,3
cold,palter,VERBATIM truth,5,3
cold,palter,GIST truth,4,3
cold,palter,VERBATIM truth,6,3
cold,palter,GIST truth,3,3
cold,palter,VERBATIM truth,6,3
cold,palter,GIST truth,5,2
cold,palter,VERBATIM truth,6,2
cold,palter,GIST truth,5,2
cold,palter,VERBATIM truth,6,2
cold,palter,GIST truth,5,2
cold,palter,VERBATIM truth,6,2
cold,palter,GIST truth,5,2
cold,palter,VERBATIM truth,6,2
cold,palter,GIST truth,5,2
cold,palter,VERBATIM truth,6,2
cold,palter,GIST truth,5,2
cold,palter,VERBATIM truth,6,2
cold,palter,GIST truth,5,2
cold,palter,VERBATIM truth,6,2
cold,palter,GIST truth,5,3
cold,palter,VERBATIM truth,6,3
cold,palter,GIST truth,5,3
cold,palter,VERBATIM truth,6,3
cold,palter,GIST truth,5,3
cold,palter,VERBATIM truth,6,3
cold,truthy_falsehood,GIST truth,7,1
cold,truthy_falsehood,VERBATIM truth,4,1
cold,truthy_falsehood,GIST truth,7,1
cold,truthy_falsehood,VERBATIM truth,4,1
cold,truthy_falsehood,GIST truth,7,1
cold,truthy_falsehood,VERBATIM truth,4,1
cold,truthy_falsehood,GIST truth,7,1
cold,truthy_falsehood,VERBATIM truth,4,1
cold,truthy_falsehood,GIST truth,7,1
cold,truthy_falsehood,VERBATIM truth,4,1
cold,truthy_falsehood,GIST truth,7,1
cold,truthy_falsehood,VERBATIM truth,4,1
cold,truthy_falsehood,GIST truth,7,1
cold,truthy_falsehood,VERBATIM truth,3,1
cold,truthy_falsehood,GIST truth,7,1
cold,truthy_falsehood,VERBATIM truth,4,1
cold,truthy_falsehood,GIST truth,7,1
cold,truthy_falsehood,VERBATIM truth,3,1
cold,truthy_falsehood,GIST truth,7,1
cold,truthy_falsehood,VERBATIM truth,3,1
cold,truthy_falsehood,GIST truth,7,2
cold,truthy_falsehood,VERBATIM truth,3,2
cold,truthy_falsehood,GIST truth,7,2
cold,truthy_falsehood,VERBATIM truth,3,2
cold,truthy_falsehood,GIST truth,7,1
cold,truthy_falsehood,VERBATIM truth,4,1
cold,truthy_falsehood,GIST truth,7,2
cold,truthy_falsehood,VERBATIM truth,2,2
cold,truthy_falsehood,GIST truth,7,1
cold,truthy_falsehood,VERBATIM truth,4,1
cold,truthy_falsehood,GIST truth,7,2
cold,truthy_falsehood,VERBATIM truth,4,2
cold,truthy_falsehood,GIST truth,7,2
cold,truthy_falsehood,VERBATIM truth,3,2
cold,truthy_falsehood,GIST truth,7,1
cold,truthy_falsehood,VERBATIM truth,3,1
cold,truthy_falsehood,GIST truth,7,1
cold,truthy_falsehood,VERBATIM truth,4,1
cold,truthy_falsehood,GIST truth,7,1
cold,truthy_falsehood,VERBATIM truth,3,1
cold,truthy_falsehood,GIST truth,7,3
cold,truthy_falsehood,VERBATIM truth,2,3
cold,truthy_falsehood,GIST truth,6,3
cold,truthy_falsehood,VERBATIM truth,2,3
cold,truthy_falsehood,GIST truth,6,3
cold,truthy_falsehood,VERBATIM truth,2,3
cold,truthy_falsehood,GIST truth,6,3
cold,truthy_falsehood,VERBATIM truth,2,3
cold,truthy_falsehood,GIST truth,6,3
cold,truthy_falsehood,VERBATIM truth,2,3
cold,truthy_falsehood,GIST truth,7,3
cold,truthy_falsehood,VERBATIM truth,2,3
cold,truthy_falsehood,GIST truth,6,3
cold,truthy_falsehood,VERBATIM truth,2,3
cold,truthy_falsehood,GIST truth,6,3
cold,truthy_falsehood,VERBATIM truth,2,3
cold,truthy_falsehood,GIST truth,6,3
cold,truthy_falsehood,VERBATIM truth,2,3
cold,truthy_falsehood,GIST truth,7,3
cold,truthy_falsehood,VERBATIM truth,2,3
cold,blatant_falsehood,GIST truth,1,7
cold,blatant_falsehood,VERBATIM truth,1,7
cold,blatant_falsehood,GIST truth,1,5
cold,blatant_falsehood,VERBATIM truth,1,5
cold,blatant_falsehood,GIST truth,1,5
cold,blatant_falsehood,VERBATIM truth,1,5
cold,blatant_falsehood,GIST truth,1,5
cold,blatant_falsehood,VERBATIM truth,1,5
cold,blatant_falsehood,GIST truth,1,7
cold,blatant_falsehood,VERBATIM truth,1,7
cold,blatant_falsehood,GIST truth,1,7
cold,blatant_falsehood,VERBATIM truth,1,7
cold,blatant_falsehood,GIST truth,1,7
cold,blatant_falsehood,VERBATIM truth,1,7
cold,blatant_falsehood,GIST truth,1,7
cold,blatant_falsehood,VERBATIM truth,1,7
cold,blatant_falsehood,GIST truth,1,7
cold,blatant_falsehood,VERBATIM truth,1,7
cold,blatant_falsehood,GIST truth,1,5
cold,blatant_falsehood,VERBATIM truth,1,5
cold,blatant_falsehood,GIST truth,1,6
cold,blatant_falsehood,VERBATIM truth,1,6
cold,blatant_falsehood,GIST truth,1,6
cold,blatant_falsehood,VERBATIM truth,1,6
cold,blatant_falsehood,GIST truth,1,7
cold,blatant_falsehood,VERBATIM truth,1,7
cold,blatant_falsehood,GIST truth,1,6
cold,blatant_falsehood,VERBATIM truth,1,6
cold,blatant_falsehood,GIST truth,1,7
cold,blatant_falsehood,VERBATIM truth,1,7
cold,blatant_falsehood,GIST truth,1,7
cold,blatant_falsehood,VERBATIM truth,1,7
cold,blatant_falsehood,GIST truth,1,6
cold,blatant_falsehood,VERBATIM truth,1,6
cold,blatant_falsehood,GIST truth,1,7
cold,blatant_falsehood,VERBATIM truth,1,7
cold,blatant_falsehood,GIST truth,1,6
cold,blatant_falsehood,VERBATIM truth,1,6
cold,blatant_falsehood,GIST truth,1,7
cold,blatant_falsehood,VERBATIM truth,1,7
cold,blatant_falsehood,GIST truth,1,6
cold,blatant_falsehood,VERBATIM truth,1,6
cold,blatant_falsehood,GIST truth,1,6
cold,blatant_falsehood,VERBATIM truth,1,6
cold,blatant_falsehood,GIST truth,1,6
cold,blatant_falsehood,VERBATIM truth,1,6
cold,blatant_falsehood,GIST truth,1,6
cold,blatant_falsehood,VERBATIM truth,1,6
cold,blatant_falsehood,GIST truth,1,6
cold,blatant_falsehood,VERBATIM truth,1,6
cold,blatant_falsehood,GIST truth,1,6
cold,blatant_falsehood,VERBATIM truth,1,6
cold,blatant_falsehood,GIST truth,1,6
cold,blatant_falsehood,VERBATIM truth,1,6
cold,blatant_falsehood,GIST truth,1,6
cold,blatant_falsehood,VERBATIM truth,1,6
cold,blatant_falsehood,GIST truth,1,6
cold,blatant_falsehood,VERBATIM truth,1,6
cold,blatant_falsehood,GIST truth,1,6
cold,blatant_falsehood,VERBATIM truth,1,6
cold,fully_true,GIST truth,7,1
cold,fully_true,VERBATIM truth,7,1
cold,fully_true,GIST truth,7,1
cold,fully_true,VERBATIM truth,7,1
cold,fully_true,GIST truth,7,1
cold,fully_true,VERBATIM truth,7,1
cold,fully_true,GIST truth,7,1
cold,fully_true,VERBATIM truth,7,1
cold,fully_true,GIST truth,7,1
cold,fully_true,VERBATIM truth,7,1
cold,fully_true,GIST truth,7,1
cold,fully_true,VERBATIM truth,7,1
cold,fully_true,GIST truth,7,1
cold,fully_true,VERBATIM truth,7,1
cold,fully_true,GIST truth,7,1
cold,fully_true,VERBATIM truth,7,1
cold,fully_true,GIST truth,7,1
cold,fully_true,VERBATIM truth,7,1
cold,fully_true,GIST truth,7,1
cold,fully_true,VERBATIM truth,7,1
cold,fully_true,GIST truth,7,1
cold,fully_true,VERBATIM truth,7,1
cold,fully_true,GIST truth,7,1
cold,fully_true,VERBATIM truth,7,1
cold,fully_true,GIST truth,7,1
cold,fully_true,VERBATIM truth,7,1
cold,fully_true,GIST truth,7,1
cold,fully_true,VERBATIM truth,7,1
cold,fully_true,GIST truth,7,1
cold,fully_true,VERBATIM truth,7,1
cold,fully_true,GIST truth,7,1
cold,fully_true,VERBATIM truth,7,1
cold,fully_true,GIST truth,7,1
cold,fully_true,VERBATIM truth,7,1
cold,fully_true,GIST truth,7,1
cold,fully_true,VERBATIM truth,7,1
cold,fully_true,GIST truth,7,1
cold,fully_true,VERBATIM truth,7,1
cold,fully_true,GIST truth,7,1
cold,fully_true,VERBATIM truth,7,1
cold,fully_true,GIST truth,7,1
cold,fully_true,VERBATIM truth,7,1
cold,fully_true,GIST truth,7,1
cold,fully_true,VERBATIM truth,7,1
cold,fully_true,GIST truth,7,1
cold,fully_true,VERBATIM truth,7,1
cold,fully_true,GIST truth,7,1
cold,fully_true,VERBATIM truth,7,1
cold,fully_true,GIST truth,7,1
cold,fully_true,VERBATIM truth,7,1
cold,fully_true,GIST truth,7,1
cold,fully_true,VERBATIM truth,7,1
cold,fully_true,GIST truth,7,1
cold,fully_true,VERBATIM truth,7,1
cold,fully_true,GIST truth,7,1
cold,fully_true,VERBATIM truth,7,1
cold,fully_true,GIST truth,7,1
cold,fully_true,VERBATIM truth,7,1
cold,fully_true,GIST truth,7,1
cold,fully_true,VERBATIM truth,7,1
cold,palter,GIST truth,2,5
cold,palter,VERBATIM truth,7,5
cold,palter,GIST truth,3,2
cold,palter,VERBATIM truth,7,2
cold,palter,GIST truth,2,1
cold,palter,VERBATIM truth,7,1
cold,palter,GIST truth,7,1
cold,palter,VERBATIM truth,7,1
cold,palter,GIST truth,2,4
cold,palter,VERBATIM truth,7,4
cold,palter,GIST truth,7,1
cold,palter,VERBATIM truth,7,1
cold,palter,GIST truth,7,1
cold,palter,VERBATIM truth,7,1
cold,palter,GIST truth,7,1
cold,palter,VERBATIM truth,7,1
cold,palter,GIST truth,7,1
cold,palter,VERBATIM truth,7,1
cold,palter,GIST truth,2,5
cold,palter,VERBATIM truth,7,5
cold,palter,GIST truth,2,6
cold,palter,VERBATIM truth,5,6
cold,palter,GIST truth,2,6
cold,palter,VERBATIM truth,5,6
cold,palter,GIST truth,2,6
cold,palter,VERBATIM truth,5,6
cold,palter,GIST truth,2,5
cold,palter,VERBATIM truth,6,5
cold,palter,GIST truth,2,5
cold,palter,VERBATIM truth,5,5
cold,palter,GIST truth,2,6
cold,palter,VERBATIM truth,5,6
cold,palter,GIST truth,2,5
cold,palter,VERBATIM truth,6,5
cold,palter,GIST truth,2,5
cold,palter,VERBATIM truth,6,5
cold,palter,GIST truth,2,6
cold,palter,VERBATIM truth,6,6
cold,palter,GIST truth,2,5
cold,palter,VERBATIM truth,5,5
cold,palter,GIST truth,3,4
cold,palter,VERBATIM truth,6,4
cold,palter,GIST truth,2,5
cold,palter,VERBATIM truth,5,5
cold,palter,GIST truth,2,5
cold,palter,VERBATIM truth,5,5
cold,palter,GIST truth,3,4
cold,palter,VERBATIM truth,6,4
cold,palter,GIST truth,2,5
cold,palter,VERBATIM truth,5,5
cold,palter,GIST truth,2,5
cold,palter,VERBATIM truth,6,5
cold,palter,GIST truth,3,5
cold,palter,VERBATIM truth,6,5
cold,palter,GIST truth,2,5
cold,palter,VERBATIM truth,6,5
cold,palter,GIST truth,2,5
cold,palter,VERBATIM truth,6,5
cold,palter,GIST truth,2,5
cold,palter,VERBATIM truth,6,5
cold,truthy_falsehood,GIST truth,2,1
cold,truthy_falsehood,VERBATIM truth,1,1
cold,truthy_falsehood,GIST truth,2,1
cold,truthy_falsehood,VERBATIM truth,1,1
cold,truthy_falsehood,GIST truth,1,1
cold,truthy_falsehood,VERBATIM truth,1,1
cold,truthy_falsehood,GIST truth,1,1
cold,truthy_falsehood,VERBATIM truth,1,1
cold,truthy_falsehood,GIST truth,2,1
cold,truthy_falsehood,VERBATIM truth,1,1
cold,truthy_falsehood,GIST truth,2,1
cold,truthy_falsehood,VERBATIM truth,1,1
cold,truthy_falsehood,GIST truth,2,1
cold,truthy_falsehood,VERBATIM truth,1,1
cold,truthy_falsehood,GIST truth,1,1
cold,truthy_falsehood,VERBATIM truth,1,1
cold,truthy_falsehood,GIST truth,2,1
cold,truthy_falsehood,VERBATIM truth,1,1
cold,truthy_falsehood,GIST truth,7,1
cold,truthy_falsehood,VERBATIM truth,1,1
cold,truthy_falsehood,GIST truth,5,2
cold,truthy_falsehood,VERBATIM truth,2,2
cold,truthy_falsehood,GIST truth,5,2
cold,truthy_falsehood,VERBATIM truth,2,2
cold,truthy_falsehood,GIST truth,5,3
cold,truthy_falsehood,VERBATIM truth,2,3
cold,truthy_falsehood,GIST truth,5,2
cold,truthy_falsehood,VERBATIM truth,1,2
cold,truthy_falsehood,GIST truth,6,3
cold,truthy_falsehood,VERBATIM truth,1,3
cold,truthy_falsehood,GIST truth,6,2
cold,truthy_falsehood,VERBATIM truth,2,2
cold,truthy_falsehood,GIST truth,5,3
cold,truthy_falsehood,VERBATIM truth,2,3
cold,truthy_falsehood,GIST truth,6,2
cold,truthy_falsehood,VERBATIM truth,2,2
cold,truthy_falsehood,GIST truth,5,2
cold,truthy_falsehood,VERBATIM truth,1,2
cold,truthy_falsehood,GIST truth,5,2
cold,truthy_falsehood,VERBATIM truth,2,2
cold,truthy_falsehood,GIST truth,5,3
cold,truthy_falsehood,VERBATIM truth,1,3
cold,truthy_falsehood,GIST truth,4,3
cold,truthy_falsehood,VERBATIM truth,1,3
cold,truthy_falsehood,GIST truth,3,3
cold,truthy_falsehood,VERBATIM truth,1,3
cold,truthy_falsehood,GIST truth,3,3
cold,truthy_falsehood,VERBATIM truth,1,3
cold,truthy_falsehood,GIST truth,5,3
cold,truthy_falsehood,VERBATIM truth,1,3
cold,truthy_falsehood,GIST truth,5,3
cold,truthy_falsehood,VERBATIM truth,1,3
cold,truthy_falsehood,GIST truth,5,3
cold,truthy_falsehood,VERBATIM truth,1,3
cold,truthy_falsehood,GIST truth,5,3
cold,truthy_falsehood,VERBATIM truth,1,3
cold,truthy_falsehood,GIST truth,5,3
cold,truthy_falsehood,VERBATIM truth,1,3
cold,truthy_falsehood,GIST truth,5,3
cold,truthy_falsehood,VERBATIM truth,1,3
cold,blatant_falsehood,GIST truth,1,7
cold,blatant_falsehood,VERBATIM truth,1,7
cold,blatant_falsehood,GIST truth,1,7
cold,blatant_falsehood,VERBATIM truth,1,7
cold,blatant_falsehood,GIST truth,1,7
cold,blatant_falsehood,VERBATIM truth,1,7
cold,blatant_falsehood,GIST truth,1,7
cold,blatant_falsehood,VERBATIM truth,1,7
cold,blatant_falsehood,GIST truth,1,7
cold,blatant_falsehood,VERBATIM truth,1,7
cold,blatant_falsehood,GIST truth,1,7
cold,blatant_falsehood,VERBATIM truth,1,7
cold,blatant_falsehood,GIST truth,1,7
cold,blatant_falsehood,VERBATIM truth,1,7
cold,blatant_falsehood,GIST truth,1,7
cold,blatant_falsehood,VERBATIM truth,1,7
cold,blatant_falsehood,GIST truth,1,7
cold,blatant_falsehood,VERBATIM truth,1,7
cold,blatant_falsehood,GIST truth,1,7
cold,blatant_falsehood,VERBATIM truth,1,7
cold,blatant_falsehood,GIST truth,1,7
cold,blatant_falsehood,VERBATIM truth,1,7
cold,blatant_falsehood,GIST truth,1,7
cold,blatant_falsehood,VERBATIM truth,1,7
cold,blatant_falsehood,GIST truth,1,7
cold,blatant_falsehood,VERBATIM truth,1,7
cold,blatant_falsehood,GIST truth,1,7
cold,blatant_falsehood,VERBATIM truth,1,7
cold,blatant_falsehood,GIST truth,1,7
cold,blatant_falsehood,VERBATIM truth,1,7
cold,blatant_falsehood,GIST truth,1,7
cold,blatant_falsehood,VERBATIM truth,1,7
cold,blatant_falsehood,GIST truth,1,7
cold,blatant_falsehood,VERBATIM truth,1,7
cold,blatant_falsehood,GIST truth,1,7
cold,blatant_falsehood,VERBATIM truth,1,7
cold,blatant_falsehood,GIST truth,1,7
cold,blatant_falsehood,VERBATIM truth,1,7
cold,blatant_falsehood,GIST truth,1,7
cold,blatant_falsehood,VERBATIM truth,1,7
cold,blatant_falsehood,GIST truth,1,6
cold,blatant_falsehood,VERBATIM truth,1,6
cold,blatant_falsehood,GIST truth,1,6
cold,blatant_falsehood,VERBATIM truth,1,6
cold,blatant_falsehood,GIST truth,1,6
cold,blatant_falsehood,VERBATIM truth,1,6
cold,blatant_falsehood,GIST truth,1,6
cold,blatant_falsehood,VERBATIM truth,1,6
cold,blatant_falsehood,GIST truth,1,6
cold,blatant_falsehood,VERBATIM truth,1,6
cold,blatant_falsehood,GIST truth,1,6
cold,blatant_falsehood,VERBATIM truth,1,6
cold,blatant_falsehood,GIST truth,1,6
cold,blatant_falsehood,VERBATIM truth,1,6
cold,blatant_falsehood,GIST truth,1,6
cold,blatant_falsehood,VERBATIM truth,1,6
cold,blatant_falsehood,GIST truth,1,6
cold,blatant_falsehood,VERBATIM truth,1,6
cold,blatant_falsehood,GIST truth,1,6
cold,blatant_falsehood,VERBATIM truth,1,6
cold,fully_true,GIST truth,7,1
cold,fully_true,VERBATIM truth,7,1
cold,fully_true,GIST truth,7,1
cold,fully_true,VERBATIM truth,7,1
cold,fully_true,GIST truth,7,1
cold,fully_true,VERBATIM truth,7,1
cold,fully_true,GIST truth,7,1
cold,fully_true,VERBATIM truth,7,1
cold,fully_true,GIST truth,7,1
cold,fully_true,VERBATIM truth,7,1
cold,fully_true,GIST truth,7,1
cold,fully_true,VERBATIM truth,7,1
cold,fully_true,GIST truth,7,1
cold,fully_true,VERBATIM truth,7,1
cold,fully_true,GIST truth,7,1
cold,fully_true,VERBATIM truth,7,1
cold,fully_true,GIST truth,7,1
cold,fully_true,VERBATIM truth,7,1
cold,fully_true,GIST truth,7,1
cold,fully_true,VERBATIM truth,7,1
cold,fully_true,GIST truth,7,1
cold,fully_true,VERBATIM truth,7,1
cold,fully_true,GIST truth,7,1
cold,fully_true,VERBATIM truth,7,1
cold,fully_true,GIST truth,7,1
cold,fully_true,VERBATIM truth,7,1
cold,fully_true,GIST truth,7,1
cold,fully_true,VERBATIM truth,7,1
cold,fully_true,GIST truth,7,1
cold,fully_true,VERBATIM truth,7,1
cold,fully_true,GIST truth,7,1
cold,fully_true,VERBATIM truth,7,1
cold,fully_true,GIST truth,7,1
cold,fully_true,VERBATIM truth,7,1
cold,fully_true,GIST truth,7,1
cold,fully_true,VERBATIM truth,7,1
cold,fully_true,GIST truth,7,1
cold,fully_true,VERBATIM truth,7,1
cold,fully_true,GIST truth,7,1
cold,fully_true,VERBATIM truth,7,1
cold,fully_true,GIST truth,7,1
cold,fully_true,VERBATIM truth,7,1
cold,fully_true,GIST truth,7,1
cold,fully_true,VERBATIM truth,7,1
cold,fully_true,GIST truth,7,1
cold,fully_true,VERBATIM truth,7,1
cold,fully_true,GIST truth,7,1
cold,fully_true,VERBATIM truth,7,1
cold,fully_true,GIST truth,7,1
cold,fully_true,VERBATIM truth,7,1
cold,fully_true,GIST truth,7,1
cold,fully_true,VERBATIM truth,7,1
cold,fully_true,GIST truth,7,1
cold,fully_true,VERBATIM truth,7,1
cold,fully_true,GIST truth,7,1
cold,fully_true,VERBATIM truth,7,1
cold,fully_true,GIST truth,7,1
cold,fully_true,VERBATIM truth,7,1
cold,fully_true,GIST truth,7,1
cold,fully_true,VERBATIM truth,7,1
cold,palter,GIST truth,2,4
cold,palter,VERBATIM truth,7,4
cold,palter,GIST truth,2,2
cold,palter,VERBATIM truth,7,2
cold,palter,GIST truth,2,2
cold,palter,VERBATIM truth,7,2
cold,palter,GIST truth,2,2
cold,palter,VERBATIM truth,7,2
cold,palter,GIST truth,2,1
cold,palter,VERBATIM truth,7,1
cold,palter,GIST truth,2,4
cold,palter,VERBATIM truth,7,4
cold,palter,GIST truth,2,4
cold,palter,VERBATIM truth,7,4
cold,palter,GIST truth,7,1
cold,palter,VERBATIM truth,7,1
cold,palter,GIST truth,3,2
cold,palter,VERBATIM truth,7,2
cold,palter,GIST truth,2,4
cold,palter,VERBATIM truth,7,4
cold,palter,GIST truth,2,3
cold,palter,VERBATIM truth,6,3
cold,palter,GIST truth,2,4
cold,palter,VERBATIM truth,6,4
cold,palter,GIST truth,3,3
cold,palter,VERBATIM truth,7,3
cold,palter,GIST truth,2,2
cold,palter,VERBATIM truth,6,2
cold,palter,GIST truth,3,2
cold,palter,VERBATIM truth,6,2
cold,palter,GIST truth,2,4
cold,palter,VERBATIM truth,7,4
cold,palter,GIST truth,2,3
cold,palter,VERBATIM truth,6,3
cold,palter,GIST truth,3,2
cold,palter,VERBATIM truth,7,2
cold,palter,GIST truth,2,3
cold,palter,VERBATIM truth,7,3
cold,palter,GIST truth,3,3
cold,palter,VERBATIM truth,6,3
cold,palter,GIST truth,2,4
cold,palter,VERBATIM truth,5,4
cold,palter,GIST truth,2,4
cold,palter,VERBATIM truth,5,4
cold,palter,GIST truth,2,5
cold,palter,VERBATIM truth,5,5
cold,palter,GIST truth,2,4
cold,palter,VERBATIM truth,6,4
cold,palter,GIST truth,2,4
cold,palter,VERBATIM truth,6,4
cold,palter,GIST truth,2,4
cold,palter,VERBATIM truth,6,4
cold,palter,GIST truth,2,4
cold,palter,VERBATIM truth,5,4
cold,palter,GIST truth,2,5
cold,palter,VERBATIM truth,5,5
cold,palter,GIST truth,2,5
cold,palter,VERBATIM truth,6,5
cold,palter,GIST truth,2,5
cold,palter,VERBATIM truth,6,5
cold,truthy_falsehood,GIST truth,1,1
cold,truthy_falsehood,VERBATIM truth,1,1
cold,truthy_falsehood,GIST truth,1,1
cold,truthy_falsehood,VERBATIM truth,1,1
cold,truthy_falsehood,GIST truth,1,1
cold,truthy_falsehood,VERBATIM truth,1,1
cold,truthy_falsehood,GIST truth,1,1
cold,truthy_falsehood,VERBATIM truth,1,1
cold,truthy_falsehood,GIST truth,1,1
cold,truthy_falsehood,VERBATIM truth,1,1
cold,truthy_falsehood,GIST truth,1,1
cold,truthy_falsehood,VERBATIM truth,1,1
cold,truthy_falsehood,GIST truth,1,1
cold,truthy_falsehood,VERBATIM truth,1,1
cold,truthy_falsehood,GIST truth,1,1
cold,truthy_falsehood,VERBATIM truth,1,1
cold,truthy_falsehood,GIST truth,1,1
cold,truthy_falsehood,VERBATIM truth,1,1
cold,truthy_falsehood,GIST truth,1,1
cold,truthy_falsehood,VERBATIM truth,1,1
cold,truthy_falsehood,GIST truth,3,2
cold,truthy_falsehood,VERBATIM truth,1,2
cold,truthy_falsehood,GIST truth,4,3
cold,truthy_falsehood,VERBATIM truth,1,3
cold,truthy_falsehood,GIST truth,3,2
cold,truthy_falsehood,VERBATIM truth,1,2
cold,truthy_falsehood,GIST truth,3,3
cold,truthy_falsehood,VERBATIM truth,1,3
cold,truthy_falsehood,GIST truth,5,2
cold,truthy_falsehood,VERBATIM truth,2,2
cold,truthy_falsehood,GIST truth,3,3
cold,truthy_falsehood,VERBATIM truth,1,3
cold,truthy_falsehood,GIST truth,4,4
cold,truthy_falsehood,VERBATIM truth,1,4
cold,truthy_falsehood,GIST truth,3,3
cold,truthy_falsehood,VERBATIM truth,1,3
cold,truthy_falsehood,GIST truth,3,3
cold,truthy_falsehood,VERBATIM truth,1,3
cold,truthy_falsehood,GIST truth,5,3
cold,truthy_falsehood,VERBATIM truth,1,3
cold,truthy_falsehood,GIST truth,3,5
cold,truthy_falsehood,VERBATIM truth,1,5
cold,truthy_falsehood,GIST truth,3,4
cold,truthy_falsehood,VERBATIM truth,1,4
cold,truthy_falsehood,GIST truth,4,4
cold,truthy_falsehood,VERBATIM truth,1,4
cold,truthy_falsehood,GIST truth,3,5
cold,truthy_falsehood,VERBATIM truth,1,5
cold,truthy_falsehood,GIST truth,3,4
cold,truthy_falsehood,VERBATIM truth,1,4
cold,truthy_falsehood,GIST truth,4,5
cold,truthy_falsehood,VERBATIM truth,1,5
cold,truthy_falsehood,GIST truth,2,5
cold,truthy_falsehood,VERBATIM truth,1,5
cold,truthy_falsehood,GIST truth,4,4
cold,truthy_falsehood,VERBATIM truth,1,4
cold,truthy_falsehood,GIST truth,4,4
cold,truthy_falsehood,VERBATIM truth,1,4
cold,truthy_falsehood,GIST truth,3,4
cold,truthy_falsehood,VERBATIM truth,1,4
cold,blatant_falsehood,GIST truth,1,5
cold,blatant_falsehood,VERBATIM truth,1,5
cold,blatant_falsehood,GIST truth,1,5
cold,blatant_falsehood,VERBATIM truth,1,5
cold,blatant_falsehood,GIST truth,1,4
cold,blatant_falsehood,VERBATIM truth,1,4
cold,blatant_falsehood,GIST truth,1,5
cold,blatant_falsehood,VERBATIM truth,1,5
cold,blatant_falsehood,GIST truth,1,7
cold,blatant_falsehood,VERBATIM truth,1,7
cold,blatant_falsehood,GIST truth,1,7
cold,blatant_falsehood,VERBATIM truth,1,7
cold,blatant_falsehood,GIST truth,1,5
cold,blatant_falsehood,VERBATIM truth,1,5
cold,blatant_falsehood,GIST truth,1,5
cold,blatant_falsehood,VERBATIM truth,1,5
cold,blatant_falsehood,GIST truth,1,5
cold,blatant_falsehood,VERBATIM truth,1,5
cold,blatant_falsehood,GIST truth,1,5
cold,blatant_falsehood,VERBATIM truth,1,5
cold,blatant_falsehood,GIST truth,1,5
cold,blatant_falsehood,VERBATIM truth,1,5
cold,blatant_falsehood,GIST truth,1,5
cold,blatant_falsehood,VERBATIM truth,1,5
cold,blatant_falsehood,GIST truth,1,5
cold,blatant_falsehood,VERBATIM truth,1,5
cold,blatant_falsehood,GIST truth,1,5
cold,blatant_falsehood,VERBATIM truth,1,5
cold,blatant_falsehood,GIST truth,1,5
cold,blatant_falsehood,VERBATIM truth,1,5
cold,blatant_falsehood,GIST truth,1,5
cold,blatant_falsehood,VERBATIM truth,1,5
cold,blatant_falsehood,GIST truth,1,5
cold,blatant_falsehood,VERBATIM truth,1,5
cold,blatant_falsehood,GIST truth,1,5
cold,blatant_falsehood,VERBATIM truth,1,5
cold,blatant_falsehood,GIST truth,1,5
cold,blatant_falsehood,VERBATIM truth,1,5
cold,blatant_falsehood,GIST truth,1,5
cold,blatant_falsehood,VERBATIM truth,1,5
cold,blatant_falsehood,GIST truth,1,6
cold,blatant_falsehood,VERBATIM truth,1,6
cold,blatant_falsehood,GIST truth,1,6
cold,blatant_falsehood,VERBATIM truth,1,6
cold,blatant_falsehood,GIST truth,1,6
cold,blatant_falsehood,VERBATIM truth,1,6
cold,blatant_falsehood,GIST truth,1,6
cold,blatant_falsehood,VERBATIM truth,1,6
cold,blatant_falsehood,GIST truth,1,5
cold,blatant_falsehood,VERBATIM truth,1,5
cold,blatant_falsehood,GIST truth,1,6
cold,blatant_falsehood,VERBATIM truth,1,6
cold,blatant_falsehood,GIST truth,1,6
cold,blatant_falsehood,VERBATIM truth,1,6
cold,blatant_falsehood,GIST truth,1,6
cold,blatant_falsehood,VERBATIM truth,1,6
cold,blatant_falsehood,GIST truth,1,6
cold,blatant_falsehood,VERBATIM truth,1,6
cold,blatant_falsehood,GIST truth,1,6
cold,blatant_falsehood,VERBATIM truth,1,6
cold,fully_true,GIST truth,7,1
cold,fully_true,VERBATIM truth,7,1
cold,fully_true,GIST truth,7,1
cold,fully_true,VERBATIM truth,7,1
cold,fully_true,GIST truth,7,1
cold,fully_true,VERBATIM truth,7,1
cold,fully_true,GIST truth,7,1
cold,fully_true,VERBATIM truth,7,1
cold,fully_true,GIST truth,7,1
cold,fully_true,VERBATIM truth,7,1
cold,fully_true,GIST truth,7,1
cold,fully_true,VERBATIM truth,7,1
cold,fully_true,GIST truth,7,1
cold,fully_true,VERBATIM truth,7,1
cold,fully_true,GIST truth,7,1
cold,fully_true,VERBATIM truth,7,1
cold,fully_true,GIST truth,7,1
cold,fully_true,VERBATIM truth,7,1
cold,fully_true,GIST truth,7,1
cold,fully_true,VERBATIM truth,7,1
cold,fully_true,GIST truth,7,1
cold,fully_true,VERBATIM truth,6,1
cold,fully_true,GIST truth,7,1
cold,fully_true,VERBATIM truth,7,1
cold,fully_true,GIST truth,7,1
cold,fully_true,VERBATIM truth,7,1
cold,fully_true,GIST truth,7,1
cold,fully_true,VERBATIM truth,7,1
cold,fully_true,GIST truth,7,1
cold,fully_true,VERBATIM truth,7,1
cold,fully_true,GIST truth,7,1
cold,fully_true,VERBATIM truth,7,1
cold,fully_true,GIST truth,7,1
cold,fully_true,VERBATIM truth,7,1
cold,fully_true,GIST truth,7,1
cold,fully_true,VERBATIM truth,7,1
cold,fully_true,GIST truth,7,1
cold,fully_true,VERBATIM truth,6,1
cold,fully_true,GIST truth,7,1
cold,fully_true,VERBATIM truth,6,1
cold,fully_true,GIST truth,7,1
cold,fully_true,VERBATIM truth,6,1
cold,fully_true,GIST truth,7,1
cold,fully_true,VERBATIM truth,6,1
cold,fully_true,GIST truth,7,1
cold,fully_true,VERBATIM truth,7,1
cold,fully_true,GIST truth,7,1
cold,fully_true,VERBATIM truth,7,1
cold,fully_true,GIST truth,7,1
cold,fully_true,VERBATIM truth,6,1
cold,fully_true,GIST truth,7,1
cold,fully_true,VERBATIM truth,6,1
cold,fully_true,GIST truth,7,1
cold,fully_true,VERBATIM truth,6,1
cold,fully_true,GIST truth,7,1
cold,fully_true,VERBATIM truth,6,1
cold,fully_true,GIST truth,7,1
cold,fully_true,VERBATIM truth,6,1
cold,fully_true,GIST truth,7,1
cold,fully_true,VERBATIM truth,6,1
cold,palter,GIST truth,2,5
cold,palter,VERBATIM truth,4,5
cold,palter,GIST truth,2,5
cold,palter,VERBATIM truth,4,5
cold,palter,GIST truth,1,5
cold,palter,VERBATIM truth,2,5
cold,palter,GIST truth,1,6
cold,palter,VERBATIM truth,4,6
cold,palter,GIST truth,2,5
cold,palter,VERBATIM truth,4,5
cold,palter,GIST truth,2,5
cold,palter,VERBATIM truth,4,5
cold,palter,GIST truth,2,5
cold,palter,VERBATIM truth,4,5
cold,palter,GIST truth,2,5
cold,palter,VERBATIM truth,4,5
cold,palter,GIST truth,2,5
cold,palter,VERBATIM truth,2,5
cold,palter,GIST truth,2,5
cold,palter,VERBATIM truth,3,5
cold,palter,GIST truth,1,5
cold,palter,VERBATIM truth,3,5
cold,palter,GIST truth,2,5
cold,palter,VERBATIM truth,4,5
cold,palter,GIST truth,2,4
cold,palter,VERBATIM truth,3,4
cold,palter,GIST truth,2,5
cold,palter,VERBATIM truth,3,5
cold,palter,GIST truth,2,5
cold,palter,VERBATIM truth,4,5
cold,palter,GIST truth,2,5
cold,palter,VERBATIM truth,5,5
cold,palter,GIST truth,2,5
cold,palter,VERBATIM truth,4,5
cold,palter,GIST truth,1,5
cold,palter,VERBATIM truth,3,5
cold,palter,GIST truth,2,5
cold,palter,VERBATIM truth,5,5
cold,palter,GIST truth,1,5
cold,palter,VERBATIM truth,3,5
cold,palter,GIST truth,1,6
cold,palter,VERBATIM truth,3,6
cold,palter,GIST truth,2,5
cold,palter,VERBATIM truth,3,5
cold,palter,GIST truth,2,5
cold,palter,VERBATIM truth,3,5
cold,palter,GIST truth,2,5
cold,palter,VERBATIM truth,3,5
cold,palter,GIST truth,1,6
cold,palter,VERBATIM truth,3,6
cold,palter,GIST truth,2,5
cold,palter,VERBATIM truth,4,5
cold,palter,GIST truth,2,5
cold,palter,VERBATIM truth,4,5
cold,palter,GIST truth,2,5
cold,palter,VERBATIM truth,5,5
cold,palter,GIST truth,2,5
cold,palter,VERBATIM truth,4,5
cold,palter,GIST truth,2,5
cold,palter,VERBATIM truth,5,5
cold,truthy_falsehood,GIST truth,2,4
cold,truthy_falsehood,VERBATIM truth,2,4
cold,truthy_falsehood,GIST truth,1,2
cold,truthy_falsehood,VERBATIM truth,1,2
cold,truthy_falsehood,GIST truth,2,2
cold,truthy_falsehood,VERBATIM truth,2,2
cold,truthy_falsehood,GIST truth,1,4
cold,truthy_falsehood,VERBATIM truth,1,4
cold,truthy_falsehood,GIST truth,2,2
cold,truthy_falsehood,VERBATIM truth,2,2
cold,truthy_falsehood,GIST truth,1,4
cold,truthy_falsehood,VERBATIM truth,1,4
cold,truthy_falsehood,GIST truth,1,4
cold,truthy_falsehood,VERBATIM truth,1,4
cold,truthy_falsehood,GIST truth,2,2
cold,truthy_falsehood,VERBATIM truth,2,2
cold,truthy_falsehood,GIST truth,2,2
cold,truthy_falsehood,VERBATIM truth,2,2
cold,truthy_falsehood,GIST truth,2,2
cold,truthy_falsehood,VERBATIM truth,1,2
cold,truthy_falsehood,GIST truth,5,3
cold,truthy_falsehood,VERBATIM truth,2,3
cold,truthy_falsehood,GIST truth,6,4
cold,truthy_falsehood,VERBATIM truth,2,4
cold,truthy_falsehood,GIST truth,5,3
cold,truthy_falsehood,VERBATIM truth,2,3
cold,truthy_falsehood,GIST truth,6,3
cold,truthy_falsehood,VERBATIM truth,2,3
cold,truthy_falsehood,GIST truth,6,2
cold,truthy_falsehood,VERBATIM truth,2,2
cold,truthy_falsehood,GIST truth,6,3
cold,truthy_falsehood,VERBATIM truth,1,3
cold,truthy_falsehood,GIST truth,6,3
cold,truthy_falsehood,VERBATIM truth,2,3
cold,truthy_falsehood,GIST truth,5,3
cold,truthy_falsehood,VERBATIM truth,2,3
cold,truthy_falsehood,GIST truth,6,3
cold,truthy_falsehood,VERBATIM truth,2,3
cold,truthy_falsehood,GIST truth,3,3
cold,truthy_falsehood,VERBATIM truth,2,3
cold,truthy_falsehood,GIST truth,6,3
cold,truthy_falsehood,VERBATIM truth,3,3
cold,truthy_falsehood,GIST truth,6,3
cold,truthy_falsehood,VERBATIM truth,3,3
cold,truthy_falsehood,GIST truth,6,3
cold,truthy_falsehood,VERBATIM truth,3,3
cold,truthy_falsehood,GIST truth,6,3
cold,truthy_falsehood,VERBATIM truth,3,3
cold,truthy_falsehood,GIST truth,6,3
cold,truthy_falsehood,VERBATIM truth,3,3
cold,truthy_falsehood,GIST truth,6,3
cold,truthy_falsehood,VERBATIM truth,3,3
cold,truthy_falsehood,GIST truth,6,3
cold,truthy_falsehood,VERBATIM truth,3,3
cold,truthy_falsehood,GIST truth,6,3
cold,truthy_falsehood,VERBATIM truth,3,3
cold,truthy_falsehood,GIST truth,6,3
cold,truthy_falsehood,VERBATIM truth,3,3
cold,truthy_falsehood,GIST truth,6,3
cold,truthy_falsehood,VERBATIM truth,3,3
cold,blatant_falsehood,GIST truth,1,5
cold,blatant_falsehood,VERBATIM truth,1,5
cold,blatant_falsehood,GIST truth,1,5
cold,blatant_falsehood,VERBATIM truth,1,5
cold,blatant_falsehood,GIST truth,1,7
cold,blatant_falsehood,VERBATIM truth,1,7
cold,blatant_falsehood,GIST truth,1,5
cold,blatant_falsehood,VERBATIM truth,1,5
cold,blatant_falsehood,GIST truth,1,5
cold,blatant_falsehood,VERBATIM truth,1,5
cold,blatant_falsehood,GIST truth,1,5
cold,blatant_falsehood,VERBATIM truth,1,5
cold,blatant_falsehood,GIST truth,1,5
cold,blatant_falsehood,VERBATIM truth,1,5
cold,blatant_falsehood,GIST truth,1,7
cold,blatant_falsehood,VERBATIM truth,1,7
cold,blatant_falsehood,GIST truth,1,5
cold,blatant_falsehood,VERBATIM truth,1,5
cold,blatant_falsehood,GIST truth,1,5
cold,blatant_falsehood,VERBATIM truth,1,5
cold,blatant_falsehood,GIST truth,1,6
cold,blatant_falsehood,VERBATIM truth,1,6
cold,blatant_falsehood,GIST truth,1,6
cold,blatant_falsehood,VERBATIM truth,1,6
cold,blatant_falsehood,GIST truth,1,6
cold,blatant_falsehood,VERBATIM truth,1,6
cold,blatant_falsehood,GIST truth,1,6
cold,blatant_falsehood,VERBATIM truth,1,6
cold,blatant_falsehood,GIST truth,1,6
cold,blatant_falsehood,VERBATIM truth,1,6
cold,blatant_falsehood,GIST truth,1,6
cold,blatant_falsehood,VERBATIM truth,1,6
cold,blatant_falsehood,GIST truth,1,6
cold,blatant_falsehood,VERBATIM truth,1,6
cold,blatant_falsehood,GIST truth,1,6
cold,blatant_falsehood,VERBATIM truth,1,6
cold,blatant_falsehood,GIST truth,1,6
cold,blatant_falsehood,VERBATIM truth,1,6
cold,blatant_falsehood,GIST truth,1,6
cold,blatant_falsehood,VERBATIM truth,1,6
cold,blatant_falsehood,GIST truth,1,6
cold,blatant_falsehood,VERBATIM truth,1,6
cold,blatant_falsehood,GIST truth,1,6
cold,blatant_falsehood,VERBATIM truth,1,6
cold,blatant_falsehood,GIST truth,1,6
cold,blatant_falsehood,VERBATIM truth,1,6
cold,blatant_falsehood,GIST truth,1,6
cold,blatant_falsehood,VERBATIM truth,1,6
cold,blatant_falsehood,GIST truth,1,6
cold,blatant_falsehood,VERBATIM truth,1,6
cold,blatant_falsehood,GIST truth,1,6
cold,blatant_falsehood,VERBATIM truth,1,6
cold,blatant_falsehood,GIST truth,1,6
cold,blatant_falsehood,VERBATIM truth,1,6
cold,blatant_falsehood,GIST truth,1,6
cold,blatant_falsehood,VERBATIM truth,1,6
cold,blatant_falsehood,GIST truth,1,6
cold,blatant_falsehood,VERBATIM truth,1,6
cold,blatant_falsehood,GIST truth,1,6
cold,blatant_falsehood,VERBATIM truth,1,6
informed,fully_true,GIST truth,7,1
informed,fully_true,VERBATIM truth,7,1
informed,fully_true,GIST truth,7,1
informed,fully_true,VERBATIM truth,7,1
informed,fully_true,GIST truth,7,1
informed,fully_true,VERBATIM truth,7,1
informed,fully_true,GIST truth,7,1
informed,fully_true,VERBATIM truth,7,1
informed,fully_true,GIST truth,7,1
informed,fully_true,VERBATIM truth,7,1
informed,fully_true,GIST truth,7,1
informed,fully_true,VERBATIM truth,6,1
informed,fully_true,GIST truth,7,1
informed,fully_true,VERBATIM truth,7,1
informed,fully_true,GIST truth,7,1
informed,fully_true,VERBATIM truth,7,1
informed,fully_true,GIST truth,7,1
informed,fully_true,VERBATIM truth,7,1
informed,fully_true,GIST truth,7,1
informed,fully_true,VERBATIM truth,7,1
informed,fully_true,GIST truth,7,1
informed,fully_true,VERBATIM truth,7,1
informed,fully_true,GIST truth,7,1
informed,fully_true,VERBATIM truth,6,1
informed,fully_true,GIST truth,7,1
informed,fully_true,VERBATIM truth,6,1
informed,fully_true,GIST truth,7,1
informed,fully_true,VERBATIM truth,6,1
informed,fully_true,GIST truth,7,1
informed,fully_true,VERBATIM truth,6,1
informed,fully_true,GIST truth,7,1
informed,fully_true,VERBATIM truth,7,1
informed,fully_true,GIST truth,7,1
informed,fully_true,VERBATIM truth,7,1
informed,fully_true,GIST truth,7,1
informed,fully_true,VERBATIM truth,6,1
informed,fully_true,GIST truth,7,1
informed,fully_true,VERBATIM truth,6,1
informed,fully_true,GIST truth,7,1
informed,fully_true,VERBATIM truth,6,1
informed,fully_true,GIST truth,7,1
informed,fully_true,VERBATIM truth,7,1
informed,fully_true,GIST truth,7,1
informed,fully_true,VERBATIM truth,7,1
informed,fully_true,GIST truth,7,1
informed,fully_true,VERBATIM truth,7,1
informed,fully_true,GIST truth,7,1
informed,fully_true,VERBATIM truth,7,1
informed,fully_true,GIST truth,7,1
informed,fully_true,VERBATIM truth,7,1
informed,fully_true,GIST truth,7,1
informed,fully_true,VERBATIM truth,7,1
informed,fully_true,GIST truth,7,1
informed,fully_true,VERBATIM truth,7,1
informed,fully_true,GIST truth,7,1
informed,fully_true,VERBATIM truth,7,1
informed,fully_true,GIST truth,7,1
informed,fully_true,VERBATIM truth,7,1
informed,fully_true,GIST truth,7,1
informed,fully_true,VERBATIM truth,7,1
informed,palter,GIST truth,2,3
informed,palter,VERBATIM truth,6,3
informed,palter,GIST truth,2,3
informed,palter,VERBATIM truth,5,3
informed,palter,GIST truth,2,3
informed,palter,VERBATIM truth,6,3
informed,palter,GIST truth,2,3
informed,palter,VERBATIM truth,5,3
informed,palter,GIST truth,2,4
informed,palter,VERBATIM truth,6,4
informed,palter,GIST truth,2,3
informed,palter,VERBATIM truth,5,3
informed,palter,GIST truth,2,3
informed,palter,VERBATIM truth,6,3
informed,palter,GIST truth,2,3
informed,palter,VERBATIM truth,5,3
informed,palter,GIST truth,2,3
informed,palter,VERBATIM truth,5,3
informed,palter,GIST truth,2,3
informed,palter,VERBATIM truth,6,3
informed,palter,GIST truth,2,5
informed,palter,VERBATIM truth,5,5
informed,palter,GIST truth,2,5
informed,palter,VERBATIM truth,5,5
informed,palter,GIST truth,2,5
informed,palter,VERBATIM truth,5,5
informed,palter,GIST truth,2,5
informed,palter,VERBATIM truth,5,5
informed,palter,GIST truth,2,5
informed,palter,VERBATIM truth,5,5
informed,palter,GIST truth,2,5
informed,palter,VERBATIM truth,5,5
informed,palter,GIST truth,2,5
informed,palter,VERBATIM truth,5,5
informed,palter,GIST truth,2,5
informed,palter,VERBATIM truth,5,5
informed,palter,GIST truth,2,5
informed,palter,VERBATIM truth,5,5
informed,palter,GIST truth,2,5
informed,palter,VERBATIM truth,5,5
informed,palter,GIST truth,2,5
informed,palter,VERBATIM truth,7,5
informed,palter,GIST truth,2,5
informed,palter,VERBATIM truth,7,5
informed,palter,GIST truth,2,5
informed,palter,VERBATIM truth,7,5
informed,palter,GIST truth,2,5
informed,palter,VERBATIM truth,7,5
informed,palter,GIST truth,2,5
informed,palter,VERBATIM truth,7,5
informed,palter,GIST truth,2,5
informed,palter,VERBATIM truth,7,5
informed,palter,GIST truth,2,5
informed,palter,VERBATIM truth,7,5
informed,palter,GIST truth,2,4
informed,palter,VERBATIM truth,7,4
informed,palter,GIST truth,2,5
informed,palter,VERBATIM truth,7,5
informed,palter,GIST truth,2,5
informed,palter,VERBATIM truth,7,5
informed,truthy_falsehood,GIST truth,6,2
informed,truthy_falsehood,VERBATIM truth,3,2
informed,truthy_falsehood,GIST truth,6,2
informed,truthy_falsehood,VERBATIM truth,3,2
informed,truthy_falsehood,GIST truth,6,2
informed,truthy_falsehood,VERBATIM truth,3,2
informed,truthy_falsehood,GIST truth,6,2
informed,truthy_falsehood,VERBATIM truth,3,2
informed,truthy_falsehood,GIST truth,6,2
informed,truthy_falsehood,VERBATIM truth,3,2
informed,truthy_falsehood,GIST truth,6,2
informed,truthy_falsehood,VERBATIM truth,3,2
informed,truthy_falsehood,GIST truth,6,2
informed,truthy_falsehood,VERBATIM truth,3,2
informed,truthy_falsehood,GIST truth,6,2
informed,truthy_falsehood,VERBATIM truth,3,2
informed,truthy_falsehood,GIST truth,6,2
informed,truthy_falsehood,VERBATIM truth,3,2
informed,truthy_falsehood,GIST truth,6,2
informed,truthy_falsehood,VERBATIM truth,3,2
informed,truthy_falsehood,GIST truth,6,3
informed,truthy_falsehood,VERBATIM truth,2,3
informed,truthy_falsehood,GIST truth,6,3
informed,truthy_falsehood,VERBATIM truth,2,3
informed,truthy_falsehood,GIST truth,6,3
informed,truthy_falsehood,VERBATIM truth,2,3
informed,truthy_falsehood,GIST truth,6,3
informed,truthy_falsehood,VERBATIM truth,2,3
informed,truthy_falsehood,GIST truth,6,3
informed,truthy_falsehood,VERBATIM truth,2,3
informed,truthy_falsehood,GIST truth,6,2
informed,truthy_falsehood,VERBATIM truth,2,2
informed,truthy_falsehood,GIST truth,6,3
informed,truthy_falsehood,VERBATIM truth,2,3
informed,truthy_falsehood,GIST truth,6,3
informed,truthy_falsehood,VERBATIM truth,2,3
informed,truthy_falsehood,GIST truth,6,3
informed,truthy_falsehood,VERBATIM truth,2,3
informed,truthy_falsehood,GIST truth,6,3
informed,truthy_falsehood,VERBATIM truth,2,3
informed,truthy_falsehood,GIST truth,7,1
informed,truthy_falsehood,VERBATIM truth,3,1
informed,truthy_falsehood,GIST truth,7,1
informed,truthy_falsehood,VERBATIM truth,3,1
informed,truthy_falsehood,GIST truth,7,1
informed,truthy_falsehood,VERBATIM truth,2,1
informed,truthy_falsehood,GIST truth,7,1
informed,truthy_falsehood,VERBATIM truth,2,1
informed,truthy_falsehood,GIST truth,7,1
informed,truthy_falsehood,VERBATIM truth,2,1
informed,truthy_falsehood,GIST truth,7,1
informed,truthy_falsehood,VERBATIM truth,2,1
informed,truthy_falsehood,GIST truth,7,1
informed,truthy_falsehood,VERBATIM truth,3,1
informed,truthy_falsehood,GIST truth,7,1
informed,truthy_falsehood,VERBATIM truth,2,1
informed,truthy_falsehood,GIST truth,7,1
informed,truthy_falsehood,VERBATIM truth,2,1
informed,truthy_falsehood,GIST truth,7,1
informed,truthy_falsehood,VERBATIM truth,2,1
informed,blatant_falsehood,GIST truth,1,6
informed,blatant_falsehood,VERBATIM truth,1,6
informed,blatant_falsehood,GIST truth,1,6
informed,blatant_falsehood,VERBATIM truth,1,6
informed,blatant_falsehood,GIST truth,1,6
informed,blatant_falsehood,VERBATIM truth,1,6
informed,blatant_falsehood,GIST truth,1,6
informed,blatant_falsehood,VERBATIM truth,1,6
informed,blatant_falsehood,GIST truth,1,6
informed,blatant_falsehood,VERBATIM truth,1,6
informed,blatant_falsehood,GIST truth,1,6
informed,blatant_falsehood,VERBATIM truth,1,6
informed,blatant_falsehood,GIST truth,1,6
informed,blatant_falsehood,VERBATIM truth,1,6
informed,blatant_falsehood,GIST truth,1,6
informed,blatant_falsehood,VERBATIM truth,1,6
informed,blatant_falsehood,GIST truth,1,6
informed,blatant_falsehood,VERBATIM truth,1,6
informed,blatant_falsehood,GIST truth,1,6
informed,blatant_falsehood,VERBATIM truth,1,6
informed,blatant_falsehood,GIST truth,1,6
informed,blatant_falsehood,VERBATIM truth,1,6
informed,blatant_falsehood,GIST truth,1,6
informed,blatant_falsehood,VERBATIM truth,1,6
informed,blatant_falsehood,GIST truth,1,6
informed,blatant_falsehood,VERBATIM truth,1,6
informed,blatant_falsehood,GIST truth,1,6
informed,blatant_falsehood,VERBATIM truth,1,6
informed,blatant_falsehood,GIST truth,1,6
informed,blatant_falsehood,VERBATIM truth,1,6
informed,blatant_falsehood,GIST truth,1,6
informed,blatant_falsehood,VERBATIM truth,1,6
informed,blatant_falsehood,GIST truth,1,6
informed,blatant_falsehood,VERBATIM truth,1,6
informed,blatant_falsehood,GIST truth,1,6
informed,blatant_falsehood,VERBATIM truth,1,6
informed,blatant_falsehood,GIST truth,1,6
informed,blatant_falsehood,VERBATIM truth,1,6
informed,blatant_falsehood,GIST truth,1,6
informed,blatant_falsehood,VERBATIM truth,1,6
informed,blatant_falsehood,GIST truth,1,7
informed,blatant_falsehood,VERBATIM truth,1,7
informed,blatant_falsehood,GIST truth,1,5
informed,blatant_falsehood,VERBATIM truth,1,5
informed,blatant_falsehood,GIST truth,1,7
informed,blatant_falsehood,VERBATIM truth,1,7
informed,blatant_falsehood,GIST truth,1,6
informed,blatant_falsehood,VERBATIM truth,1,6
informed,blatant_falsehood,GIST truth,1,7
informed,blatant_falsehood,VERBATIM truth,1,7
informed,blatant_falsehood,GIST truth,1,7
informed,blatant_falsehood,VERBATIM truth,1,7
informed,blatant_falsehood,GIST truth,1,7
informed,blatant_falsehood,VERBATIM truth,1,7
informed,blatant_falsehood,GIST truth,1,7
informed,blatant_falsehood,VERBATIM truth,1,7
informed,blatant_falsehood,GIST truth,1,7
informed,blatant_falsehood,VERBATIM truth,1,7
informed,blatant_falsehood,GIST truth,1,7
informed,blatant_falsehood,VERBATIM truth,1,7
informed,fully_true,GIST truth,7,1
informed,fully_true,VERBATIM truth,7,1
informed,fully_true,GIST truth,7,1
informed,fully_true,VERBATIM truth,7,1
informed,fully_true,GIST truth,7,1
informed,fully_true,VERBATIM truth,7,1
informed,fully_true,GIST truth,7,1
informed,fully_true,VERBATIM truth,7,1
informed,fully_true,GIST truth,7,1
informed,fully_true,VERBATIM truth,7,1
informed,fully_true,GIST truth,7,1
informed,fully_true,VERBATIM truth,7,1
informed,fully_true,GIST truth,7,1
informed,fully_true,VERBATIM truth,7,1
informed,fully_true,GIST truth,7,1
informed,fully_true,VERBATIM truth,7,1
informed,fully_true,GIST truth,7,1
informed,fully_true,VERBATIM truth,7,1
informed,fully_true,GIST truth,7,1
informed,fully_true,VERBATIM truth,7,1
informed,fully_true,GIST truth,7,1
informed,fully_true,VERBATIM truth,7,1
informed,fully_true,GIST truth,7,1
informed,fully_true,VERBATIM truth,7,1
informed,fully_true,GIST truth,7,1
informed,fully_true,VERBATIM truth,7,1
informed,fully_true,GIST truth,7,1
informed,fully_true,VERBATIM truth,7,1
informed,fully_true,GIST truth,6,1
informed,fully_true,VERBATIM truth,7,1
informed,fully_true,GIST truth,7,1
informed,fully_true,VERBATIM truth,7,1
informed,fully_true,GIST truth,7,1
informed,fully_true,VERBATIM truth,7,1
informed,fully_true,GIST truth,7,1
informed,fully_true,VERBATIM truth,7,1
informed,fully_true,GIST truth,7,1
informed,fully_true,VERBATIM truth,7,1
informed,fully_true,GIST truth,7,1
informed,fully_true,VERBATIM truth,7,1
informed,fully_true,GIST truth,7,1
informed,fully_true,VERBATIM truth,7,1
informed,fully_true,GIST truth,7,1
informed,fully_true,VERBATIM truth,7,1
informed,fully_true,GIST truth,7,1
informed,fully_true,VERBATIM truth,7,1
informed,fully_true,GIST truth,7,1
informed,fully_true,VERBATIM truth,7,1
informed,fully_true,GIST truth,7,1
informed,fully_true,VERBATIM truth,7,1
informed,fully_true,GIST truth,7,1
informed,fully_true,VERBATIM truth,7,1
informed,fully_true,GIST truth,7,1
informed,fully_true,VERBATIM truth,7,1
informed,fully_true,GIST truth,7,1
informed,fully_true,VERBATIM truth,7,1
informed,fully_true,GIST truth,7,1
informed,fully_true,VERBATIM truth,7,1
informed,fully_true,GIST truth,7,1
informed,fully_true,VERBATIM truth,7,1
informed,palter,GIST truth,3,2
informed,palter,VERBATIM truth,5,2
informed,palter,GIST truth,3,2
informed,palter,VERBATIM truth,4,2
informed,palter,GIST truth,4,2
informed,palter,VERBATIM truth,5,2
informed,palter,GIST truth,3,2
informed,palter,VERBATIM truth,4,2
informed,palter,GIST truth,3,2
informed,palter,VERBATIM truth,4,2
informed,palter,GIST truth,3,3
informed,palter,VERBATIM truth,3,3
informed,palter,GIST truth,3,2
informed,palter,VERBATIM truth,4,2
informed,palter,GIST truth,3,2
informed,palter,VERBATIM truth,4,2
informed,palter,GIST truth,3,2
informed,palter,VERBATIM truth,4,2
informed,palter,GIST truth,3,2
informed,palter,VERBATIM truth,4,2
informed,palter,GIST truth,2,4
informed,palter,VERBATIM truth,3,4
informed,palter,GIST truth,3,4
informed,palter,VERBATIM truth,3,4
informed,palter,GIST truth,3,4
informed,palter,VERBATIM truth,3,4
informed,palter,GIST truth,2,5
informed,palter,VERBATIM truth,2,5
informed,palter,GIST truth,2,4
informed,palter,VERBATIM truth,2,4
informed,palter,GIST truth,3,4
informed,palter,VERBATIM truth,2,4
informed,palter,GIST truth,2,4
informed,palter,VERBATIM truth,2,4
informed,palter,GIST truth,2,4
informed,palter,VERBATIM truth,2,4
informed,palter,GIST truth,3,4
informed,palter,VERBATIM truth,2,4
informed,palter,GIST truth,2,5
informed,palter,VERBATIM truth,2,5
informed,palter,GIST truth,3,2
informed,palter,VERBATIM truth,3,2
informed,palter,GIST truth,2,2
informed,palter,VERBATIM truth,3,2
informed,palter,GIST truth,3,2
informed,palter,VERBATIM truth,3,2
informed,palter,GIST truth,3,2
informed,palter,VERBATIM truth,3,2
informed,palter,GIST truth,5,2
informed,palter,VERBATIM truth,5,2
informed,palter,GIST truth,3,2
informed,palter,VERBATIM truth,3,2
informed,palter,GIST truth,3,2
informed,palter,VERBATIM truth,4,2
informed,palter,GIST truth,3,1
informed,palter,VERBATIM truth,3,1
informed,palter,GIST truth,3,2
informed,palter,VERBATIM truth,3,2
informed,palter,GIST truth,5,2
informed,palter,VERBATIM truth,5,2
informed,truthy_falsehood,GIST truth,5,2
informed,truthy_falsehood,VERBATIM truth,2,2
informed,truthy_falsehood,GIST truth,5,2
informed,truthy_falsehood,VERBATIM truth,1,2
informed,truthy_falsehood,GIST truth,5,2
informed,truthy_falsehood,VERBATIM truth,1,2
informed,truthy_falsehood,GIST truth,5,2
informed,truthy_falsehood,VERBATIM truth,1,2
informed,truthy_falsehood,GIST truth,5,2
informed,truthy_falsehood,VERBATIM truth,1,2
informed,truthy_falsehood,GIST truth,3,2
informed,truthy_falsehood,VERBATIM truth,1,2
informed,truthy_falsehood,GIST truth,5,2
informed,truthy_falsehood,VERBATIM truth,1,2
informed,truthy_falsehood,GIST truth,5,2
informed,truthy_falsehood,VERBATIM truth,1,2
informed,truthy_falsehood,GIST truth,4,2
informed,truthy_falsehood,VERBATIM truth,1,2
informed,truthy_falsehood,GIST truth,5,2
informed,truthy_falsehood,VERBATIM truth,1,2
informed,truthy_falsehood,GIST truth,4,3
informed,truthy_falsehood,VERBATIM truth,2,3
informed,truthy_falsehood,GIST truth,4,3
informed,truthy_falsehood,VERBATIM truth,2,3
informed,truthy_falsehood,GIST truth,4,3
informed,truthy_falsehood,VERBATIM truth,2,3
informed,truthy_falsehood,GIST truth,4,3
informed,truthy_falsehood,VERBATIM truth,2,3
informed,truthy_falsehood,GIST truth,4,3
informed,truthy_falsehood,VERBATIM truth,2,3
informed,truthy_falsehood,GIST truth,4,3
informed,truthy_falsehood,VERBATIM truth,2,3
informed,truthy_falsehood,GIST truth,4,3
informed,truthy_falsehood,VERBATIM truth,2,3
informed,truthy_falsehood,GIST truth,4,3
informed,truthy_falsehood,VERBATIM truth,2,3
informed,truthy_falsehood,GIST truth,4,3
informed,truthy_falsehood,VERBATIM truth,2,3
informed,truthy_falsehood,GIST truth,4,3
informed,truthy_falsehood,VERBATIM truth,2,3
informed,truthy_falsehood,GIST truth,3,1
informed,truthy_falsehood,VERBATIM truth,2,1
informed,truthy_falsehood,GIST truth,2,1
informed,truthy_falsehood,VERBATIM truth,1,1
informed,truthy_falsehood,GIST truth,2,1
informed,truthy_falsehood,VERBATIM truth,2,1
informed,truthy_falsehood,GIST truth,2,1
informed,truthy_falsehood,VERBATIM truth,2,1
informed,truthy_falsehood,GIST truth,1,1
informed,truthy_falsehood,VERBATIM truth,1,1
informed,truthy_falsehood,GIST truth,2,1
informed,truthy_falsehood,VERBATIM truth,2,1
informed,truthy_falsehood,GIST truth,2,1
informed,truthy_falsehood,VERBATIM truth,2,1
informed,truthy_falsehood,GIST truth,2,1
informed,truthy_falsehood,VERBATIM truth,1,1
informed,truthy_falsehood,GIST truth,2,1
informed,truthy_falsehood,VERBATIM truth,2,1
informed,truthy_falsehood,GIST truth,2,1
informed,truthy_falsehood,VERBATIM truth,2,1
informed,blatant_falsehood,GIST truth,1,6
informed,blatant_falsehood,VERBATIM truth,1,6
informed,blatant_falsehood,GIST truth,1,6
informed,blatant_falsehood,VERBATIM truth,1,6
informed,blatant_falsehood,GIST truth,1,6
informed,blatant_falsehood,VERBATIM truth,1,6
informed,blatant_falsehood,GIST truth,1,6
informed,blatant_falsehood,VERBATIM truth,1,6
informed,blatant_falsehood,GIST truth,1,6
informed,blatant_falsehood,VERBATIM truth,1,6
informed,blatant_falsehood,GIST truth,1,6
informed,blatant_falsehood,VERBATIM truth,1,6
informed,blatant_falsehood,GIST truth,1,6
informed,blatant_falsehood,VERBATIM truth,1,6
informed,blatant_falsehood,GIST truth,1,6
informed,blatant_falsehood,VERBATIM truth,1,6
informed,blatant_falsehood,GIST truth,1,6
informed,blatant_falsehood,VERBATIM truth,1,6
informed,blatant_falsehood,GIST truth,1,6
informed,blatant_falsehood,VERBATIM truth,1,6
informed,blatant_falsehood,GIST truth,1,6
informed,blatant_falsehood,VERBATIM truth,1,6
informed,blatant_falsehood,GIST truth,1,6
informed,blatant_falsehood,VERBATIM truth,1,6
informed,blatant_falsehood,GIST truth,1,6
informed,blatant_falsehood,VERBATIM truth,1,6
informed,blatant_falsehood,GIST truth,1,6
informed,blatant_falsehood,VERBATIM truth,1,6
informed,blatant_falsehood,GIST truth,1,6
informed,blatant_falsehood,VERBATIM truth,1,6
informed,blatant_falsehood,GIST truth,1,6
informed,blatant_falsehood,VERBATIM truth,1,6
informed,blatant_falsehood,GIST truth,1,6
informed,blatant_falsehood,VERBATIM truth,1,6
informed,blatant_falsehood,GIST truth,1,6
informed,blatant_falsehood,VERBATIM truth,1,6
informed,blatant_falsehood,GIST truth,1,6
informed,blatant_falsehood,VERBATIM truth,1,6
informed,blatant_falsehood,GIST truth,1,6
informed,blatant_falsehood,VERBATIM truth,1,6
informed,blatant_falsehood,GIST truth,1,1
informed,blatant_falsehood,VERBATIM truth,1,1
informed,blatant_falsehood,GIST truth,1,1
informed,blatant_falsehood,VERBATIM truth,1,1
informed,blatant_falsehood,GIST truth,1,1
informed,blatant_falsehood,VERBATIM truth,1,1
informed,blatant_falsehood,GIST truth,1,4
informed,blatant_falsehood,VERBATIM truth,1,4
informed,blatant_falsehood,GIST truth,1,4
informed,blatant_falsehood,VERBATIM truth,1,4
informed,blatant_falsehood,GIST truth,1,1
informed,blatant_falsehood,VERBATIM truth,1,1
informed,blatant_falsehood,GIST truth,1,1
informed,blatant_falsehood,VERBATIM truth,1,1
informed,blatant_falsehood,GIST truth,1,1
informed,blatant_falsehood,VERBATIM truth,1,1
informed,blatant_falsehood,GIST truth,1,1
informed,blatant_falsehood,VERBATIM truth,1,1
informed,blatant_falsehood,GIST truth,1,1
informed,blatant_falsehood,VERBATIM truth,1,1
informed,fully_true,GIST truth,7,1
informed,fully_true,VERBATIM truth,7,1
informed,fully_true,GIST truth,7,1
informed,fully_true,VERBATIM truth,7,1
informed,fully_true,GIST truth,7,1
informed,fully_true,VERBATIM truth,7,1
informed,fully_true,GIST truth,7,1
informed,fully_true,VERBATIM truth,7,1
informed,fully_true,GIST truth,7,1
informed,fully_true,VERBATIM truth,7,1
informed,fully_true,GIST truth,7,1
informed,fully_true,VERBATIM truth,6,1
informed,fully_true,GIST truth,7,1
informed,fully_true,VERBATIM truth,7,1
informed,fully_true,GIST truth,7,1
informed,fully_true,VERBATIM truth,7,1
informed,fully_true,GIST truth,7,1
informed,fully_true,VERBATIM truth,7,1
informed,fully_true,GIST truth,7,1
informed,fully_true,VERBATIM truth,7,1
informed,fully_true,GIST truth,7,1
informed,fully_true,VERBATIM truth,7,1
informed,fully_true,GIST truth,6,1
informed,fully_true,VERBATIM truth,6,1
informed,fully_true,GIST truth,7,1
informed,fully_true,VERBATIM truth,7,1
informed,fully_true,GIST truth,6,1
informed,fully_true,VERBATIM truth,7,1
informed,fully_true,GIST truth,6,1
informed,fully_true,VERBATIM truth,7,1
informed,fully_true,GIST truth,7,1
informed,fully_true,VERBATIM truth,7,1
informed,fully_true,GIST truth,7,1
informed,fully_true,VERBATIM truth,7,1
informed,fully_true,GIST truth,7,1
informed,fully_true,VERBATIM truth,7,1
informed,fully_true,GIST truth,6,1
informed,fully_true,VERBATIM truth,7,1
informed,fully_true,GIST truth,7,1
informed,fully_true,VERBATIM truth,7,1
informed,fully_true,GIST truth,7,1
informed,fully_true,VERBATIM truth,7,1
informed,fully_true,GIST truth,7,1
informed,fully_true,VERBATIM truth,7,1
informed,fully_true,GIST truth,7,1
informed,fully_true,VERBATIM truth,7,1
informed,fully_true,GIST truth,7,1
informed,fully_true,VERBATIM truth,7,1
informed,fully_true,GIST truth,7,1
informed,fully_true,VERBATIM truth,7,1
informed,fully_true,GIST truth,7,1
informed,fully_true,VERBATIM truth,7,1
informed,fully_true,GIST truth,7,1
informed,fully_true,VERBATIM truth,7,1
informed,fully_true,GIST truth,7,1
informed,fully_true,VERBATIM truth,7,1
informed,fully_true,GIST truth,7,1
informed,fully_true,VERBATIM truth,7,1
informed,fully_true,GIST truth,7,1
informed,fully_true,VERBATIM truth,7,1
informed,palter,GIST truth,2,2
informed,palter,VERBATIM truth,6,2
informed,palter,GIST truth,2,3
informed,palter,VERBATIM truth,6,3
informed,palter,GIST truth,3,2
informed,palter,VERBATIM truth,6,2
informed,palter,GIST truth,3,2
informed,palter,VERBATIM truth,6,2
informed,palter,GIST truth,2,3
informed,palter,VERBATIM truth,6,3
informed,palter,GIST truth,3,2
informed,palter,VERBATIM truth,6,2
informed,palter,GIST truth,2,3
informed,palter,VERBATIM truth,6,3
informed,palter,GIST truth,3,2
informed,palter,VERBATIM truth,6,2
informed,palter,GIST truth,2,2
informed,palter,VERBATIM truth,6,2
informed,palter,GIST truth,2,2
informed,palter,VERBATIM truth,6,2
informed,palter,GIST truth,2,4
informed,palter,VERBATIM truth,6,4
informed,palter,GIST truth,2,4
informed,palter,VERBATIM truth,6,4
informed,palter,GIST truth,2,4
informed,palter,VERBATIM truth,6,4
informed,palter,GIST truth,2,4
informed,palter,VERBATIM truth,6,4
informed,palter,GIST truth,2,4
informed,palter,VERBATIM truth,6,4
informed,palter,GIST truth,2,4
informed,palter,VERBATIM truth,6,4
informed,palter,GIST truth,2,4
informed,palter,VERBATIM truth,6,4
informed,palter,GIST truth,2,4
informed,palter,VERBATIM truth,6,4
informed,palter,GIST truth,2,3
informed,palter,VERBATIM truth,6,3
informed,palter,GIST truth,2,4
informed,palter,VERBATIM truth,6,4
informed,palter,GIST truth,2,1
informed,palter,VERBATIM truth,7,1
informed,palter,GIST truth,2,1
informed,palter,VERBATIM truth,7,1
informed,palter,GIST truth,2,1
informed,palter,VERBATIM truth,7,1
informed,palter,GIST truth,3,1
informed,palter,VERBATIM truth,7,1
informed,palter,GIST truth,3,1
informed,palter,VERBATIM truth,7,1
informed,palter,GIST truth,3,1
informed,palter,VERBATIM truth,7,1
informed,palter,GIST truth,3,1
informed,palter,VERBATIM truth,7,1
informed,palter,GIST truth,3,2
informed,palter,VERBATIM truth,7,2
informed,palter,GIST truth,3,1
informed,palter,VERBATIM truth,7,1
informed,palter,GIST truth,2,1
informed,palter,VERBATIM truth,7,1
informed,truthy_falsehood,GIST truth,6,2
informed,truthy_falsehood,VERBATIM truth,2,2
informed,truthy_falsehood,GIST truth,6,3
informed,truthy_falsehood,VERBATIM truth,2,3
informed,truthy_falsehood,GIST truth,6,2
informed,truthy_falsehood,VERBATIM truth,2,2
informed,truthy_falsehood,GIST truth,6,1
informed,truthy_falsehood,VERBATIM truth,2,1
informed,truthy_falsehood,GIST truth,6,2
informed,truthy_falsehood,VERBATIM truth,2,2
informed,truthy_falsehood,GIST truth,6,2
informed,truthy_falsehood,VERBATIM truth,2,2
informed,truthy_falsehood,GIST truth,6,2
informed,truthy_falsehood,VERBATIM truth,2,2
informed,truthy_falsehood,GIST truth,6,2
informed,truthy_falsehood,VERBATIM truth,2,2
informed,truthy_falsehood,GIST truth,6,3
informed,truthy_falsehood,VERBATIM truth,2,3
informed,truthy_falsehood,GIST truth,6,2
informed,truthy_falsehood,VERBATIM truth,3,2
informed,truthy_falsehood,GIST truth,6,2
informed,truthy_falsehood,VERBATIM truth,3,2
informed,truthy_falsehood,GIST truth,6,3
informed,truthy_falsehood,VERBATIM truth,2,3
informed,truthy_falsehood,GIST truth,6,3
informed,truthy_falsehood,VERBATIM truth,3,3
informed,truthy_falsehood,GIST truth,6,2
informed,truthy_falsehood,VERBATIM truth,3,2
informed,truthy_falsehood,GIST truth,6,2
informed,truthy_falsehood,VERBATIM truth,3,2
informed,truthy_falsehood,GIST truth,6,2
informed,truthy_falsehood,VERBATIM truth,3,2
informed,truthy_falsehood,GIST truth,6,2
informed,truthy_falsehood,VERBATIM truth,3,2
informed,truthy_falsehood,GIST truth,6,2
informed,truthy_falsehood,VERBATIM truth,2,2
informed,truthy_falsehood,GIST truth,6,2
informed,truthy_falsehood,VERBATIM truth,3,2
informed,truthy_falsehood,GIST truth,6,2
informed,truthy_falsehood,VERBATIM truth,3,2
informed,truthy_falsehood,GIST truth,7,1
informed,truthy_falsehood,VERBATIM truth,4,1
informed,truthy_falsehood,GIST truth,7,1
informed,truthy_falsehood,VERBATIM truth,5,1
informed,truthy_falsehood,GIST truth,7,1
informed,truthy_falsehood,VERBATIM truth,5,1
informed,truthy_falsehood,GIST truth,7,1
informed,truthy_falsehood,VERBATIM truth,4,1
informed,truthy_falsehood,GIST truth,7,1
informed,truthy_falsehood,VERBATIM truth,5,1
informed,truthy_falsehood,GIST truth,7,1
informed,truthy_falsehood,VERBATIM truth,4,1
informed,truthy_falsehood,GIST truth,7,1
informed,truthy_falsehood,VERBATIM truth,3,1
informed,truthy_falsehood,GIST truth,7,1
informed,truthy_falsehood,VERBATIM truth,5,1
informed,truthy_falsehood,GIST truth,7,1
informed,truthy_falsehood,VERBATIM truth,4,1
informed,truthy_falsehood,GIST truth,7,1
informed,truthy_falsehood,VERBATIM truth,5,1
informed,blatant_falsehood,GIST truth,1,4
informed,blatant_falsehood,VERBATIM truth,1,4
informed,blatant_falsehood,GIST truth,1,5
informed,blatant_falsehood,VERBATIM truth,1,5
informed,blatant_falsehood,GIST truth,1,4
informed,blatant_falsehood,VERBATIM truth,1,4
informed,blatant_falsehood,GIST truth,1,4
informed,blatant_falsehood,VERBATIM truth,1,4
informed,blatant_falsehood,GIST truth,1,5
informed,blatant_falsehood,VERBATIM truth,1,5
informed,blatant_falsehood,GIST truth,1,3
informed,blatant_falsehood,VERBATIM truth,1,3
informed,blatant_falsehood,GIST truth,1,3
informed,blatant_falsehood,VERBATIM truth,1,3
informed,blatant_falsehood,GIST truth,1,3
informed,blatant_falsehood,VERBATIM truth,1,3
informed,blatant_falsehood,GIST truth,1,5
informed,blatant_falsehood,VERBATIM truth,1,5
informed,blatant_falsehood,GIST truth,1,4
informed,blatant_falsehood,VERBATIM truth,1,4
informed,blatant_falsehood,GIST truth,1,5
informed,blatant_falsehood,VERBATIM truth,1,5
informed,blatant_falsehood,GIST truth,1,5
informed,blatant_falsehood,VERBATIM truth,1,5
informed,blatant_falsehood,GIST truth,1,5
informed,blatant_falsehood,VERBATIM truth,1,5
informed,blatant_falsehood,GIST truth,1,5
informed,blatant_falsehood,VERBATIM truth,1,5
informed,blatant_falsehood,GIST truth,1,5
informed,blatant_falsehood,VERBATIM truth,1,5
informed,blatant_falsehood,GIST truth,1,5
informed,blatant_falsehood,VERBATIM truth,1,5
informed,blatant_falsehood,GIST truth,1,5
informed,blatant_falsehood,VERBATIM truth,1,5
informed,blatant_falsehood,GIST truth,1,5
informed,blatant_falsehood,VERBATIM truth,1,5
informed,blatant_falsehood,GIST truth,1,5
informed,blatant_falsehood,VERBATIM truth,1,5
informed,blatant_falsehood,GIST truth,1,5
informed,blatant_falsehood,VERBATIM truth,1,5
informed,blatant_falsehood,GIST truth,1,1
informed,blatant_falsehood,VERBATIM truth,1,1
informed,blatant_falsehood,GIST truth,1,1
informed,blatant_falsehood,VERBATIM truth,1,1
informed,blatant_falsehood,GIST truth,1,1
informed,blatant_falsehood,VERBATIM truth,1,1
informed,blatant_falsehood,GIST truth,1,1
informed,blatant_falsehood,VERBATIM truth,1,1
informed,blatant_falsehood,GIST truth,1,1
informed,blatant_falsehood,VERBATIM truth,1,1
informed,blatant_falsehood,GIST truth,1,1
informed,blatant_falsehood,VERBATIM truth,1,1
informed,blatant_falsehood,GIST truth,1,1
informed,blatant_falsehood,VERBATIM truth,1,1
informed,blatant_falsehood,GIST truth,1,1
informed,blatant_falsehood,VERBATIM truth,1,1
informed,blatant_falsehood,GIST truth,1,1
informed,blatant_falsehood,VERBATIM truth,1,1
informed,blatant_falsehood,GIST truth,1,1
informed,blatant_falsehood,VERBATIM truth,1,1
informed,fully_true,GIST truth,7,1
informed,fully_true,VERBATIM truth,7,1
informed,fully_true,GIST truth,7,1
informed,fully_true,VERBATIM truth,7,1
informed,fully_true,GIST truth,7,1
informed,fully_true,VERBATIM truth,7,1
informed,fully_true,GIST truth,7,1
informed,fully_true,VERBATIM truth,7,1
informed,fully_true,GIST truth,7,1
informed,fully_true,VERBATIM truth,7,1
informed,fully_true,GIST truth,7,1
informed,fully_true,VERBATIM truth,7,1
informed,fully_true,GIST truth,7,1
informed,fully_true,VERBATIM truth,7,1
informed,fully_true,GIST truth,7,1
informed,fully_true,VERBATIM truth,7,1
informed,fully_true,GIST truth,7,1
informed,fully_true,VERBATIM truth,7,1
informed,fully_true,GIST truth,7,1
informed,fully_true,VERBATIM truth,7,1
informed,fully_true,GIST truth,7,1
informed,fully_true,VERBATIM truth,6,1
informed,fully_true,GIST truth,7,1
informed,fully_true,VERBATIM truth,7,1
informed,fully_true,GIST truth,7,1
informed,fully_true,VERBATIM truth,7,1
informed,fully_true,GIST truth,7,1
informed,fully_true,VERBATIM truth,7,1
informed,fully_true,GIST truth,7,1
informed,fully_true,VERBATIM truth,7,1
informed,fully_true,GIST truth,7,1
informed,fully_true,VERBATIM truth,7,1
informed,fully_true,GIST truth,7,1
informed,fully_true,VERBATIM truth,6,1
informed,fully_true,GIST truth,7,1
informed,fully_true,VERBATIM truth,7,1
informed,fully_true,GIST truth,7,1
informed,fully_true,VERBATIM truth,7,1
informed,fully_true,GIST truth,7,1
informed,fully_true,VERBATIM truth,6,1
informed,fully_true,GIST truth,7,1
informed,fully_true,VERBATIM truth,7,1
informed,fully_true,GIST truth,7,1
informed,fully_true,VERBATIM truth,7,1
informed,fully_true,GIST truth,7,1
informed,fully_true,VERBATIM truth,7,1
informed,fully_true,GIST truth,7,1
informed,fully_true,VERBATIM truth,7,1
informed,fully_true,GIST truth,7,1
informed,fully_true,VERBATIM truth,7,1
informed,fully_true,GIST truth,7,1
informed,fully_true,VERBATIM truth,7,1
informed,fully_true,GIST truth,7,1
informed,fully_true,VERBATIM truth,7,1
informed,fully_true,GIST truth,7,1
informed,fully_true,VERBATIM truth,7,1
informed,fully_true,GIST truth,7,1
informed,fully_true,VERBATIM truth,7,1
informed,fully_true,GIST truth,7,1
informed,fully_true,VERBATIM truth,7,1
informed,palter,GIST truth,3,3
informed,palter,VERBATIM truth,7,3
informed,palter,GIST truth,3,2
informed,palter,VERBATIM truth,6,2
informed,palter,GIST truth,5,2
informed,palter,VERBATIM truth,7,2
informed,palter,GIST truth,3,2
informed,palter,VERBATIM truth,6,2
informed,palter,GIST truth,4,3
informed,palter,VERBATIM truth,7,3
informed,palter,GIST truth,3,2
informed,palter,VERBATIM truth,6,2
informed,palter,GIST truth,4,2
informed,palter,VERBATIM truth,7,2
informed,palter,GIST truth,4,3
informed,palter,VERBATIM truth,7,3
informed,palter,GIST truth,4,2
informed,palter,VERBATIM truth,7,2
informed,palter,GIST truth,4,2
informed,palter,VERBATIM truth,6,2
informed,palter,GIST truth,3,4
informed,palter,VERBATIM truth,5,4
informed,palter,GIST truth,2,5
informed,palter,VERBATIM truth,5,5
informed,palter,GIST truth,2,5
informed,palter,VERBATIM truth,5,5
informed,palter,GIST truth,2,5
informed,palter,VERBATIM truth,5,5
informed,palter,GIST truth,3,4
informed,palter,VERBATIM truth,5,4
informed,palter,GIST truth,3,4
informed,palter,VERBATIM truth,5,4
informed,palter,GIST truth,2,5
informed,palter,VERBATIM truth,5,5
informed,palter,GIST truth,3,4
informed,palter,VERBATIM truth,5,4
informed,palter,GIST truth,3,4
informed,palter,VERBATIM truth,5,4
informed,palter,GIST truth,3,4
informed,palter,VERBATIM truth,5,4
informed,palter,GIST truth,7,1
informed,palter,VERBATIM truth,7,1
informed,palter,GIST truth,6,1
informed,palter,VERBATIM truth,7,1
informed,palter,GIST truth,7,1
informed,palter,VERBATIM truth,7,1
informed,palter,GIST truth,6,1
informed,palter,VERBATIM truth,7,1
informed,palter,GIST truth,7,1
informed,palter,VERBATIM truth,7,1
informed,palter,GIST truth,7,1
informed,palter,VERBATIM truth,7,1
informed,palter,GIST truth,7,1
informed,palter,VERBATIM truth,7,1
informed,palter,GIST truth,7,1
informed,palter,VERBATIM truth,7,1
informed,palter,GIST truth,5,1
informed,palter,VERBATIM truth,7,1
informed,palter,GIST truth,7,1
informed,palter,VERBATIM truth,7,1
informed,truthy_falsehood,GIST truth,6,1
informed,truthy_falsehood,VERBATIM truth,2,1
informed,truthy_falsehood,GIST truth,5,2
informed,truthy_falsehood,VERBATIM truth,2,2
informed,truthy_falsehood,GIST truth,5,2
informed,truthy_falsehood,VERBATIM truth,2,2
informed,truthy_falsehood,GIST truth,5,2
informed,truthy_falsehood,VERBATIM truth,2,2
informed,truthy_falsehood,GIST truth,5,2
informed,truthy_falsehood,VERBATIM truth,2,2
informed,truthy_falsehood,GIST truth,5,2
informed,truthy_falsehood,VERBATIM truth,2,2
informed,truthy_falsehood,GIST truth,5,2
informed,truthy_falsehood,VERBATIM truth,2,2
informed,truthy_falsehood,GIST truth,5,2
informed,truthy_falsehood,VERBATIM truth,2,2
informed,truthy_falsehood,GIST truth,5,1
informed,truthy_falsehood,VERBATIM truth,2,1
informed,truthy_falsehood,GIST truth,4,1
informed,truthy_falsehood,VERBATIM truth,2,1
informed,truthy_falsehood,GIST truth,3,3
informed,truthy_falsehood,VERBATIM truth,2,3
informed,truthy_falsehood,GIST truth,3,3
informed,truthy_falsehood,VERBATIM truth,2,3
informed,truthy_falsehood,GIST truth,3,3
informed,truthy_falsehood,VERBATIM truth,2,3
informed,truthy_falsehood,GIST truth,3,3
informed,truthy_falsehood,VERBATIM truth,2,3
informed,truthy_falsehood,GIST truth,3,3
informed,truthy_falsehood,VERBATIM truth,2,3
informed,truthy_falsehood,GIST truth,3,3
informed,truthy_falsehood,VERBATIM truth,2,3
informed,truthy_falsehood,GIST truth,3,3
informed,truthy_falsehood,VERBATIM truth,2,3
informed,truthy_falsehood,GIST truth,3,3
informed,truthy_falsehood,VERBATIM truth,2,3
informed,truthy_falsehood,GIST truth,3,3
informed,truthy_falsehood,VERBATIM truth,2,3
informed,truthy_falsehood,GIST truth,3,3
informed,truthy_falsehood,VERBATIM truth,2,3
informed,truthy_falsehood,GIST truth,7,1
informed,truthy_falsehood,VERBATIM truth,7,1
informed,truthy_falsehood,GIST truth,5,1
informed,truthy_falsehood,VERBATIM truth,4,1
informed,truthy_falsehood,GIST truth,7,1
informed,truthy_falsehood,VERBATIM truth,7,1
informed,truthy_falsehood,GIST truth,5,1
informed,truthy_falsehood,VERBATIM truth,2,1
informed,truthy_falsehood,GIST truth,7,1
informed,truthy_falsehood,VERBATIM truth,7,1
informed,truthy_falsehood,GIST truth,6,1
informed,truthy_falsehood,VERBATIM truth,4,1
informed,truthy_falsehood,GIST truth,5,1
informed,truthy_falsehood,VERBATIM truth,3,1
informed,truthy_falsehood,GIST truth,7,1
informed,truthy_falsehood,VERBATIM truth,4,1
informed,truthy_falsehood,GIST truth,5,1
informed,truthy_falsehood,VERBATIM truth,2,1
informed,truthy_falsehood,GIST truth,5,1
informed,truthy_falsehood,VERBATIM truth,3,1
informed,blatant_falsehood,GIST truth,1,5
informed,blatant_falsehood,VERBATIM truth,1,5
informed,blatant_falsehood,GIST truth,1,5
informed,blatant_falsehood,VERBATIM truth,1,5
informed,blatant_falsehood,GIST truth,1,5
informed,blatant_falsehood,VERBATIM truth,1,5
informed,blatant_falsehood,GIST truth,1,5
informed,blatant_falsehood,VERBATIM truth,1,5
informed,blatant_falsehood,GIST truth,1,5
informed,blatant_falsehood,VERBATIM truth,1,5
informed,blatant_falsehood,GIST truth,1,5
informed,blatant_falsehood,VERBATIM truth,1,5
informed,blatant_falsehood,GIST truth,1,5
informed,blatant_falsehood,VERBATIM truth,1,5
informed,blatant_falsehood,GIST truth,1,5
informed,blatant_falsehood,VERBATIM truth,1,5
informed,blatant_falsehood,GIST truth,1,5
informed,blatant_falsehood,VERBATIM truth,1,5
informed,blatant_falsehood,GIST truth,1,5
informed,blatant_falsehood,VERBATIM truth,1,5
informed,blatant_falsehood,GIST truth,1,6
informed,blatant_falsehood,VERBATIM truth,1,6
informed,blatant_falsehood,GIST truth,1,6
informed,blatant_falsehood,VERBATIM truth,1,6
informed,blatant_falsehood,GIST truth,1,6
informed,blatant_falsehood,VERBATIM truth,1,6
informed,blatant_falsehood,GIST truth,1,6
informed,blatant_falsehood,VERBATIM truth,1,6
informed,blatant_falsehood,GIST truth,1,6
informed,blatant_falsehood,VERBATIM truth,1,6
informed,blatant_falsehood,GIST truth,1,6
informed,blatant_falsehood,VERBATIM truth,1,6
informed,blatant_falsehood,GIST truth,1,6
informed,blatant_falsehood,VERBATIM truth,1,6
informed,blatant_falsehood,GIST truth,1,6
informed,blatant_falsehood,VERBATIM truth,1,6
informed,blatant_falsehood,GIST truth,1,6
informed,blatant_falsehood,VERBATIM truth,1,6
informed,blatant_falsehood,GIST truth,1,6
informed,blatant_falsehood,VERBATIM truth,1,6
informed,blatant_falsehood,GIST truth,1,1
informed,blatant_falsehood,VERBATIM truth,1,1
informed,blatant_falsehood,GIST truth,1,1
informed,blatant_falsehood,VERBATIM truth,1,1
informed,blatant_falsehood,GIST truth,1,1
informed,blatant_falsehood,VERBATIM truth,1,1
informed,blatant_falsehood,GIST truth,1,1
informed,blatant_falsehood,VERBATIM truth,1,1
informed,blatant_falsehood,GIST truth,1,1
informed,blatant_falsehood,VERBATIM truth,1,1
informed,blatant_falsehood,GIST truth,1,4
informed,blatant_falsehood,VERBATIM truth,1,4
informed,blatant_falsehood,GIST truth,1,1
informed,blatant_falsehood,VERBATIM truth,1,1
informed,blatant_falsehood,GIST truth,1,1
informed,blatant_falsehood,VERBATIM truth,1,1
informed,blatant_falsehood,GIST truth,1,1
informed,blatant_falsehood,VERBATIM truth,1,1
informed,blatant_falsehood,GIST truth,1,1
informed,blatant_falsehood,VERBATIM truth,1,1
informed,fully_true,GIST truth,7,1
informed,fully_true,VERBATIM truth,7,1
informed,fully_true,GIST truth,7,1
informed,fully_true,VERBATIM truth,7,1
informed,fully_true,GIST truth,7,1
informed,fully_true,VERBATIM truth,7,1
informed,fully_true,GIST truth,7,1
informed,fully_true,VERBATIM truth,7,1
informed,fully_true,GIST truth,7,1
informed,fully_true,VERBATIM truth,7,1
informed,fully_true,GIST truth,7,1
informed,fully_true,VERBATIM truth,7,1
informed,fully_true,GIST truth,7,1
informed,fully_true,VERBATIM truth,7,1
informed,fully_true,GIST truth,7,1
informed,fully_true,VERBATIM truth,7,1
informed,fully_true,GIST truth,7,1
informed,fully_true,VERBATIM truth,7,1
informed,fully_true,GIST truth,7,1
informed,fully_true,VERBATIM truth,7,1
informed,fully_true,GIST truth,7,1
informed,fully_true,VERBATIM truth,7,1
informed,fully_true,GIST truth,7,1
informed,fully_true,VERBATIM truth,7,1
informed,fully_true,GIST truth,7,1
informed,fully_true,VERBATIM truth,7,1
informed,fully_true,GIST truth,7,1
informed,fully_true,VERBATIM truth,7,1
informed,fully_true,GIST truth,7,1
informed,fully_true,VERBATIM truth,7,1
informed,fully_true,GIST truth,7,1
informed,fully_true,VERBATIM truth,7,1
informed,fully_true,GIST truth,7,1
informed,fully_true,VERBATIM truth,7,1
informed,fully_true,GIST truth,7,1
informed,fully_true,VERBATIM truth,7,1
informed,fully_true,GIST truth,7,1
informed,fully_true,VERBATIM truth,7,1
informed,fully_true,GIST truth,7,1
informed,fully_true,VERBATIM truth,7,1
informed,fully_true,GIST truth,7,1
informed,fully_true,VERBATIM truth,7,1
informed,fully_true,GIST truth,7,1
informed,fully_true,VERBATIM truth,7,1
informed,fully_true,GIST truth,7,1
informed,fully_true,VERBATIM truth,7,1
informed,fully_true,GIST truth,7,1
informed,fully_true,VERBATIM truth,7,1
informed,fully_true,GIST truth,7,1
informed,fully_true,VERBATIM truth,7,1
informed,fully_true,GIST truth,7,1
informed,fully_true,VERBATIM truth,7,1
informed,fully_true,GIST truth,7,1
informed,fully_true,VERBATIM truth,7,1
informed,fully_true,GIST truth,7,1
informed,fully_true,VERBATIM truth,7,1
informed,fully_true,GIST truth,7,1
informed,fully_true,VERBATIM truth,7,1
informed,fully_true,GIST truth,7,1
informed,fully_true,VERBATIM truth,7,1
informed,palter,GIST truth,5,1
informed,palter,VERBATIM truth,7,1
informed,palter,GIST truth,5,1
informed,palter,VERBATIM truth,7,1
informed,palter,GIST truth,5,1
informed,palter,VERBATIM truth,7,1
informed,palter,GIST truth,5,1
informed,palter,VERBATIM truth,7,1
informed,palter,GIST truth,5,2
informed,palter,VERBATIM truth,7,2
informed,palter,GIST truth,5,1
informed,palter,VERBATIM truth,7,1
informed,palter,GIST truth,5,1
informed,palter,VERBATIM truth,7,1
informed,palter,GIST truth,5,1
informed,palter,VERBATIM truth,7,1
informed,palter,GIST truth,5,1
informed,palter,VERBATIM truth,7,1
informed,palter,GIST truth,5,1
informed,palter,VERBATIM truth,7,1
informed,palter,GIST truth,2,5
informed,palter,VERBATIM truth,6,5
informed,palter,GIST truth,2,5
informed,palter,VERBATIM truth,7,5
informed,palter,GIST truth,2,5
informed,palter,VERBATIM truth,6,5
informed,palter,GIST truth,2,5
informed,palter,VERBATIM truth,6,5
informed,palter,GIST truth,3,4
informed,palter,VERBATIM truth,7,4
informed,palter,GIST truth,2,5
informed,palter,VERBATIM truth,6,5
informed,palter,GIST truth,2,5
informed,palter,VERBATIM truth,6,5
informed,palter,GIST truth,2,5
informed,palter,VERBATIM truth,6,5
informed,palter,GIST truth,3,4
informed,palter,VERBATIM truth,6,4
informed,palter,GIST truth,2,5
informed,palter,VERBATIM truth,6,5
informed,palter,GIST truth,2,1
informed,palter,VERBATIM truth,7,1
informed,palter,GIST truth,4,1
informed,palter,VERBATIM truth,7,1
informed,palter,GIST truth,2,1
informed,palter,VERBATIM truth,7,1
informed,palter,GIST truth,2,1
informed,palter,VERBATIM truth,7,1
informed,palter,GIST truth,2,1
informed,palter,VERBATIM truth,7,1
informed,palter,GIST truth,4,1
informed,palter,VERBATIM truth,7,1
informed,palter,GIST truth,2,1
informed,palter,VERBATIM truth,7,1
informed,palter,GIST truth,2,1
informed,palter,VERBATIM truth,7,1
informed,palter,GIST truth,2,1
informed,palter,VERBATIM truth,7,1
informed,palter,GIST truth,2,1
informed,palter,VERBATIM truth,7,1
informed,truthy_falsehood,GIST truth,3,2
informed,truthy_falsehood,VERBATIM truth,1,2
informed,truthy_falsehood,GIST truth,5,2
informed,truthy_falsehood,VERBATIM truth,1,2
informed,truthy_falsehood,GIST truth,5,2
informed,truthy_falsehood,VERBATIM truth,1,2
informed,truthy_falsehood,GIST truth,5,2
informed,truthy_falsehood,VERBATIM truth,1,2
informed,truthy_falsehood,GIST truth,5,2
informed,truthy_falsehood,VERBATIM truth,1,2
informed,truthy_falsehood,GIST truth,5,2
informed,truthy_falsehood,VERBATIM truth,1,2
informed,truthy_falsehood,GIST truth,3,2
informed,truthy_falsehood,VERBATIM truth,1,2
informed,truthy_falsehood,GIST truth,5,2
informed,truthy_falsehood,VERBATIM truth,1,2
informed,truthy_falsehood,GIST truth,5,2
informed,truthy_falsehood,VERBATIM truth,2,2
informed,truthy_falsehood,GIST truth,6,2
informed,truthy_falsehood,VERBATIM truth,1,2
informed,truthy_falsehood,GIST truth,5,3
informed,truthy_falsehood,VERBATIM truth,2,3
informed,truthy_falsehood,GIST truth,4,4
informed,truthy_falsehood,VERBATIM truth,1,4
informed,truthy_falsehood,GIST truth,4,3
informed,truthy_falsehood,VERBATIM truth,1,3
informed,truthy_falsehood,GIST truth,4,3
informed,truthy_falsehood,VERBATIM truth,1,3
informed,truthy_falsehood,GIST truth,4,5
informed,truthy_falsehood,VERBATIM truth,1,5
informed,truthy_falsehood,GIST truth,3,4
informed,truthy_falsehood,VERBATIM truth,1,4
informed,truthy_falsehood,GIST truth,4,4
informed,truthy_falsehood,VERBATIM truth,1,4
informed,truthy_falsehood,GIST truth,5,3
informed,truthy_falsehood,VERBATIM truth,2,3
informed,truthy_falsehood,GIST truth,3,4
informed,truthy_falsehood,VERBATIM truth,1,4
informed,truthy_falsehood,GIST truth,3,4
informed,truthy_falsehood,VERBATIM truth,1,4
informed,truthy_falsehood,GIST truth,3,1
informed,truthy_falsehood,VERBATIM truth,1,1
informed,truthy_falsehood,GIST truth,3,1
informed,truthy_falsehood,VERBATIM truth,1,1
informed,truthy_falsehood,GIST truth,3,1
informed,truthy_falsehood,VERBATIM truth,1,1
informed,truthy_falsehood,GIST truth,2,1
informed,truthy_falsehood,VERBATIM truth,1,1
informed,truthy_falsehood,GIST truth,1,1
informed,truthy_falsehood,VERBATIM truth,1,1
informed,truthy_falsehood,GIST truth,6,1
informed,truthy_falsehood,VERBATIM truth,3,1
informed,truthy_falsehood,GIST truth,2,1
informed,truthy_falsehood,VERBATIM truth,1,1
informed,truthy_falsehood,GIST truth,3,1
informed,truthy_falsehood,VERBATIM truth,1,1
informed,truthy_falsehood,GIST truth,2,1
informed,truthy_falsehood,VERBATIM truth,1,1
informed,truthy_falsehood,GIST truth,1,1
informed,truthy_falsehood,VERBATIM truth,1,1
informed,blatant_falsehood,GIST truth,1,2
informed,blatant_falsehood,VERBATIM truth,1,2
informed,blatant_falsehood,GIST truth,1,2
informed,blatant_falsehood,VERBATIM truth,1,2
informed,blatant_falsehood,GIST truth,1,2
informed,blatant_falsehood,VERBATIM truth,1,2
informed,blatant_falsehood,GIST truth,1,3
informed,blatant_falsehood,VERBATIM truth,1,3
informed,blatant_falsehood,GIST truth,1,3
informed,blatant_falsehood,VERBATIM truth,1,3
informed,blatant_falsehood,GIST truth,1,3
informed,blatant_falsehood,VERBATIM truth,1,3
informed,blatant_falsehood,GIST truth,1,3
informed,blatant_falsehood,VERBATIM truth,1,3
informed,blatant_falsehood,GIST truth,1,2
informed,blatant_falsehood,VERBATIM truth,1,2
informed,blatant_falsehood,GIST truth,1,2
informed,blatant_falsehood,VERBATIM truth,1,2
informed,blatant_falsehood,GIST truth,1,3
informed,blatant_falsehood,VERBATIM truth,1,3
informed,blatant_falsehood,GIST truth,1,6
informed,blatant_falsehood,VERBATIM truth,1,6
informed,blatant_falsehood,GIST truth,1,6
informed,blatant_falsehood,VERBATIM truth,1,6
informed,blatant_falsehood,GIST truth,1,5
informed,blatant_falsehood,VERBATIM truth,1,5
informed,blatant_falsehood,GIST truth,1,6
informed,blatant_falsehood,VERBATIM truth,1,6
informed,blatant_falsehood,GIST truth,1,6
informed,blatant_falsehood,VERBATIM truth,1,6
informed,blatant_falsehood,GIST truth,1,6
informed,blatant_falsehood,VERBATIM truth,1,6
informed,blatant_falsehood,GIST truth,1,5
informed,blatant_falsehood,VERBATIM truth,1,5
informed,blatant_falsehood,GIST truth,1,5
informed,blatant_falsehood,VERBATIM truth,1,5
informed,blatant_falsehood,GIST truth,1,5
informed,blatant_falsehood,VERBATIM truth,1,5
informed,blatant_falsehood,GIST truth,1,6
informed,blatant_falsehood,VERBATIM truth,1,6
informed,blatant_falsehood,GIST truth,1,1
informed,blatant_falsehood,VERBATIM truth,1,1
informed,blatant_falsehood,GIST truth,1,1
informed,blatant_falsehood,VERBATIM truth,1,1
informed,blatant_falsehood,GIST truth,1,1
informed,blatant_falsehood,VERBATIM truth,1,1
informed,blatant_falsehood,GIST truth,1,1
informed,blatant_falsehood,VERBATIM truth,1,1
informed,blatant_falsehood,GIST truth,1,1
informed,blatant_falsehood,VERBATIM truth,1,1
informed,blatant_falsehood,GIST truth,1,1
informed,blatant_falsehood,VERBATIM truth,1,1
informed,blatant_falsehood,GIST truth,1,1
informed,blatant_falsehood,VERBATIM truth,1,1
informed,blatant_falsehood,GIST truth,1,1
informed,blatant_falsehood,VERBATIM truth,1,1
informed,blatant_falsehood,GIST truth,1,1
informed,blatant_falsehood,VERBATIM truth,1,1
informed,blatant_falsehood,GIST truth,1,1
informed,blatant_falsehood,VERBATIM truth,1,1
informed,fully_true,GIST truth,7,1
informed,fully_true,VERBATIM truth,7,1
informed,fully_true,GIST truth,7,1
informed,fully_true,VERBATIM truth,7,1
informed,fully_true,GIST truth,7,1
informed,fully_true,VERBATIM truth,7,1
informed,fully_true,GIST truth,7,1
informed,fully_true,VERBATIM truth,7,1
informed,fully_true,GIST truth,7,1
informed,fully_true,VERBATIM truth,7,1
informed,fully_true,GIST truth,7,1
informed,fully_true,VERBATIM truth,7,1
informed,fully_true,GIST truth,7,1
informed,fully_true,VERBATIM truth,7,1
informed,fully_true,GIST truth,7,1
informed,fully_true,VERBATIM truth,7,1
informed,fully_true,GIST truth,7,1
informed,fully_true,VERBATIM truth,7,1
informed,fully_true,GIST truth,7,1
informed,fully_true,VERBATIM truth,7,1
informed,fully_true,GIST truth,7,1
informed,fully_true,VERBATIM truth,7,1
informed,fully_true,GIST truth,7,1
informed,fully_true,VERBATIM truth,7,1
informed,fully_true,GIST truth,7,1
informed,fully_true,VERBATIM truth,7,1
informed,fully_true,GIST truth,7,1
informed,fully_true,VERBATIM truth,7,1
informed,fully_true,GIST truth,7,1
informed,fully_true,VERBATIM truth,7,1
informed,fully_true,GIST truth,7,1
informed,fully_true,VERBATIM truth,7,1
informed,fully_true,GIST truth,7,1
informed,fully_true,VERBATIM truth,7,1
informed,fully_true,GIST truth,7,1
informed,fully_true,VERBATIM truth,7,1
informed,fully_true,GIST truth,7,1
informed,fully_true,VERBATIM truth,7,1
informed,fully_true,GIST truth,7,1
informed,fully_true,VERBATIM truth,7,1
informed,fully_true,GIST truth,7,1
informed,fully_true,VERBATIM truth,7,1
informed,fully_true,GIST truth,7,1
informed,fully_true,VERBATIM truth,7,1
informed,fully_true,GIST truth,7,1
informed,fully_true,VERBATIM truth,7,1
informed,fully_true,GIST truth,7,1
informed,fully_true,VERBATIM truth,7,1
informed,fully_true,GIST truth,7,1
informed,fully_true,VERBATIM truth,7,1
informed,fully_true,GIST truth,7,1
informed,fully_true,VERBATIM truth,7,1
informed,fully_true,GIST truth,7,1
informed,fully_true,VERBATIM truth,7,1
informed,fully_true,GIST truth,7,1
informed,fully_true,VERBATIM truth,7,1
informed,fully_true,GIST truth,7,1
informed,fully_true,VERBATIM truth,7,1
informed,fully_true,GIST truth,7,1
informed,fully_true,VERBATIM truth,7,1
informed,palter,GIST truth,2,3
informed,palter,VERBATIM truth,6,3
informed,palter,GIST truth,2,3
informed,palter,VERBATIM truth,6,3
informed,palter,GIST truth,3,4
informed,palter,VERBATIM truth,6,4
informed,palter,GIST truth,2,4
informed,palter,VERBATIM truth,6,4
informed,palter,GIST truth,3,4
informed,palter,VERBATIM truth,6,4
informed,palter,GIST truth,2,3
informed,palter,VERBATIM truth,6,3
informed,palter,GIST truth,2,4
informed,palter,VERBATIM truth,6,4
informed,palter,GIST truth,2,3
informed,palter,VERBATIM truth,6,3
informed,palter,GIST truth,3,2
informed,palter,VERBATIM truth,6,2
informed,palter,GIST truth,2,3
informed,palter,VERBATIM truth,6,3
informed,palter,GIST truth,2,5
informed,palter,VERBATIM truth,6,5
informed,palter,GIST truth,2,5
informed,palter,VERBATIM truth,6,5
informed,palter,GIST truth,2,5
informed,palter,VERBATIM truth,6,5
informed,palter,GIST truth,2,5
informed,palter,VERBATIM truth,6,5
informed,palter,GIST truth,2,5
informed,palter,VERBATIM truth,6,5
informed,palter,GIST truth,2,5
informed,palter,VERBATIM truth,6,5
informed,palter,GIST truth,2,5
informed,palter,VERBATIM truth,6,5
informed,palter,GIST truth,2,5
informed,palter,VERBATIM truth,6,5
informed,palter,GIST truth,2,5
informed,palter,VERBATIM truth,6,5
informed,palter,GIST truth,2,5
informed,palter,VERBATIM truth,6,5
informed,palter,GIST truth,2,4
informed,palter,VERBATIM truth,7,4
informed,palter,GIST truth,2,4
informed,palter,VERBATIM truth,7,4
informed,palter,GIST truth,2,2
informed,palter,VERBATIM truth,7,2
informed,palter,GIST truth,2,1
informed,palter,VERBATIM truth,7,1
informed,palter,GIST truth,3,1
informed,palter,VERBATIM truth,7,1
informed,palter,GIST truth,3,2
informed,palter,VERBATIM truth,7,2
informed,palter,GIST truth,2,5
informed,palter,VERBATIM truth,7,5
informed,palter,GIST truth,2,2
informed,palter,VERBATIM truth,7,2
informed,palter,GIST truth,2,2
informed,palter,VERBATIM truth,7,2
informed,palter,GIST truth,2,4
informed,palter,VERBATIM truth,7,4
informed,truthy_falsehood,GIST truth,6,2
informed,truthy_falsehood,VERBATIM truth,2,2
informed,truthy_falsehood,GIST truth,7,2
informed,truthy_falsehood,VERBATIM truth,3,2
informed,truthy_falsehood,GIST truth,6,2
informed,truthy_falsehood,VERBATIM truth,3,2
informed,truthy_falsehood,GIST truth,6,3
informed,truthy_falsehood,VERBATIM truth,2,3
informed,truthy_falsehood,GIST truth,6,3
informed,truthy_falsehood,VERBATIM truth,3,3
informed,truthy_falsehood,GIST truth,6,3
informed,truthy_falsehood,VERBATIM truth,2,3
informed,truthy_falsehood,GIST truth,6,2
informed,truthy_falsehood,VERBATIM truth,3,2
informed,truthy_falsehood,GIST truth,6,3
informed,truthy_falsehood,VERBATIM truth,2,3
informed,truthy_falsehood,GIST truth,6,3
informed,truthy_falsehood,VERBATIM truth,2,3
informed,truthy_falsehood,GIST truth,7,2
informed,truthy_falsehood,VERBATIM truth,2,2
informed,truthy_falsehood,GIST truth,6,3
informed,truthy_falsehood,VERBATIM truth,3,3
informed,truthy_falsehood,GIST truth,6,3
informed,truthy_falsehood,VERBATIM truth,2,3
informed,truthy_falsehood,GIST truth,6,3
informed,truthy_falsehood,VERBATIM truth,3,3
informed,truthy_falsehood,GIST truth,6,3
informed,truthy_falsehood,VERBATIM truth,3,3
informed,truthy_falsehood,GIST truth,6,3
informed,truthy_falsehood,VERBATIM truth,2,3
informed,truthy_falsehood,GIST truth,6,3
informed,truthy_falsehood,VERBATIM truth,3,3
informed,truthy_falsehood,GIST truth,6,3
informed,truthy_falsehood,VERBATIM truth,2,3
informed,truthy_falsehood,GIST truth,6,3
informed,truthy_falsehood,VERBATIM truth,3,3
informed,truthy_falsehood,GIST truth,6,3
informed,truthy_falsehood,VERBATIM truth,2,3
informed,truthy_falsehood,GIST truth,6,3
informed,truthy_falsehood,VERBATIM truth,3,3
informed,truthy_falsehood,GIST truth,7,1
informed,truthy_falsehood,VERBATIM truth,4,1
informed,truthy_falsehood,GIST truth,7,1
informed,truthy_falsehood,VERBATIM truth,4,1
informed,truthy_falsehood,GIST truth,7,1
informed,truthy_falsehood,VERBATIM truth,4,1
informed,truthy_falsehood,GIST truth,7,1
informed,truthy_falsehood,VERBATIM truth,4,1
informed,truthy_falsehood,GIST truth,7,1
informed,truthy_falsehood,VERBATIM truth,4,1
informed,truthy_falsehood,GIST truth,7,1
informed,truthy_falsehood,VERBATIM truth,4,1
informed,truthy_falsehood,GIST truth,7,1
informed,truthy_falsehood,VERBATIM truth,4,1
informed,truthy_falsehood,GIST truth,7,1
informed,truthy_falsehood,VERBATIM truth,4,1
informed,truthy_falsehood,GIST truth,7,1
informed,truthy_falsehood,VERBATIM truth,4,1
informed,truthy_falsehood,GIST truth,7,1
informed,truthy_falsehood,VERBATIM truth,4,1
informed,blatant_falsehood,GIST truth,1,5
informed,blatant_falsehood,VERBATIM truth,1,5
informed,blatant_falsehood,GIST truth,1,5
informed,blatant_falsehood,VERBATIM truth,1,5
informed,blatant_falsehood,GIST truth,1,5
informed,blatant_falsehood,VERBATIM truth,1,5
informed,blatant_falsehood,GIST truth,1,5
informed,blatant_falsehood,VERBATIM truth,1,5
informed,blatant_falsehood,GIST truth,1,5
informed,blatant_falsehood,VERBATIM truth,1,5
informed,blatant_falsehood,GIST truth,1,5
informed,blatant_falsehood,VERBATIM truth,1,5
informed,blatant_falsehood,GIST truth,1,5
informed,blatant_falsehood,VERBATIM truth,1,5
informed,blatant_falsehood,GIST truth,1,5
informed,blatant_falsehood,VERBATIM truth,1,5
informed,blatant_falsehood,GIST truth,1,5
informed,blatant_falsehood,VERBATIM truth,1,5
informed,blatant_falsehood,GIST truth,1,5
informed,blatant_falsehood,VERBATIM truth,1,5
informed,blatant_falsehood,GIST truth,1,5
informed,blatant_falsehood,VERBATIM truth,1,5
informed,blatant_falsehood,GIST truth,1,4
informed,blatant_falsehood,VERBATIM truth,1,4
informed,blatant_falsehood,GIST truth,1,5
informed,blatant_falsehood,VERBATIM truth,1,5
informed,blatant_falsehood,GIST truth,1,5
informed,blatant_falsehood,VERBATIM truth,1,5
informed,blatant_falsehood,GIST truth,1,4
informed,blatant_falsehood,VERBATIM truth,1,4
informed,blatant_falsehood,GIST truth,1,5
informed,blatant_falsehood,VERBATIM truth,1,5
informed,blatant_falsehood,GIST truth,1,5
informed,blatant_falsehood,VERBATIM truth,1,5
informed,blatant_falsehood,GIST truth,1,5
informed,blatant_falsehood,VERBATIM truth,1,5
informed,blatant_falsehood,GIST truth,1,4
informed,blatant_falsehood,VERBATIM truth,1,4
informed,blatant_falsehood,GIST truth,1,5
informed,blatant_falsehood,VERBATIM truth,1,5
informed,blatant_falsehood,GIST truth,1,1
informed,blatant_falsehood,VERBATIM truth,1,1
informed,blatant_falsehood,GIST truth,1,1
informed,blatant_falsehood,VERBATIM truth,1,1
informed,blatant_falsehood,GIST truth,1,1
informed,blatant_falsehood,VERBATIM truth,1,1
informed,blatant_falsehood,GIST truth,1,1
informed,blatant_falsehood,VERBATIM truth,1,1
informed,blatant_falsehood,GIST truth,1,1
informed,blatant_falsehood,VERBATIM truth,1,1
informed,blatant_falsehood,GIST truth,1,1
informed,blatant_falsehood,VERBATIM truth,1,1
informed,blatant_falsehood,GIST truth,1,1
informed,blatant_falsehood,VERBATIM truth,1,1
informed,blatant_falsehood,GIST truth,1,1
informed,blatant_falsehood,VERBATIM truth,1,1
informed,blatant_falsehood,GIST truth,1,1
informed,blatant_falsehood,VERBATIM truth,1,1
informed,blatant_falsehood,GIST truth,1,1
informed,blatant_falsehood,VERBATIM truth,1,1
informed,fully_true,GIST truth,7,1
informed,fully_true,VERBATIM truth,7,1
informed,fully_true,GIST truth,7,1
informed,fully_true,VERBATIM truth,7,1
informed,fully_true,GIST truth,7,1
informed,fully_true,VERBATIM truth,7,1
informed,fully_true,GIST truth,7,1
informed,fully_true,VERBATIM truth,7,1
informed,fully_true,GIST truth,7,1
informed,fully_true,VERBATIM truth,6,1
informed,fully_true,GIST truth,7,1
informed,fully_true,VERBATIM truth,6,1
informed,fully_true,GIST truth,7,1
informed,fully_true,VERBATIM truth,6,1
informed,fully_true,GIST truth,7,1
informed,fully_true,VERBATIM truth,7,1
informed,fully_true,GIST truth,7,1
informed,fully_true,VERBATIM truth,6,1
informed,fully_true,GIST truth,7,1
informed,fully_true,VERBATIM truth,6,1
informed,fully_true,GIST truth,7,1
informed,fully_true,VERBATIM truth,7,1
informed,fully_true,GIST truth,7,1
informed,fully_true,VERBATIM truth,6,1
informed,fully_true,GIST truth,7,1
informed,fully_true,VERBATIM truth,6,1
informed,fully_true,GIST truth,7,1
informed,fully_true,VERBATIM truth,7,1
informed,fully_true,GIST truth,7,1
informed,fully_true,VERBATIM truth,6,1
informed,fully_true,GIST truth,7,1
informed,fully_true,VERBATIM truth,7,1
informed,fully_true,GIST truth,7,1
informed,fully_true,VERBATIM truth,7,1
informed,fully_true,GIST truth,7,1
informed,fully_true,VERBATIM truth,6,1
informed,fully_true,GIST truth,7,1
informed,fully_true,VERBATIM truth,7,1
informed,fully_true,GIST truth,7,1
informed,fully_true,VERBATIM truth,7,1
informed,fully_true,GIST truth,7,1
informed,fully_true,VERBATIM truth,7,1
informed,fully_true,GIST truth,7,1
informed,fully_true,VERBATIM truth,7,1
informed,fully_true,GIST truth,7,1
informed,fully_true,VERBATIM truth,7,1
informed,fully_true,GIST truth,7,1
informed,fully_true,VERBATIM truth,7,1
informed,fully_true,GIST truth,7,1
informed,fully_true,VERBATIM truth,7,1
informed,fully_true,GIST truth,7,1
informed,fully_true,VERBATIM truth,7,1
informed,fully_true,GIST truth,7,1
informed,fully_true,VERBATIM truth,7,1
informed,fully_true,GIST truth,7,1
informed,fully_true,VERBATIM truth,7,1
informed,fully_true,GIST truth,7,1
informed,fully_true,VERBATIM truth,7,1
informed,fully_true,GIST truth,7,1
informed,fully_true,VERBATIM truth,7,1
informed,palter,GIST truth,2,4
informed,palter,VERBATIM truth,5,4
informed,palter,GIST truth,2,3
informed,palter,VERBATIM truth,5,3
informed,palter,GIST truth,2,4
informed,palter,VERBATIM truth,5,4
informed,palter,GIST truth,3,3
informed,palter,VERBATIM truth,5,3
informed,palter,GIST truth,2,4
informed,palter,VERBATIM truth,6,4
informed,palter,GIST truth,2,3
informed,palter,VERBATIM truth,5,3
informed,palter,GIST truth,2,4
informed,palter,VERBATIM truth,5,4
informed,palter,GIST truth,3,3
informed,palter,VERBATIM truth,6,3
informed,palter,GIST truth,2,4
informed,palter,VERBATIM truth,5,4
informed,palter,GIST truth,2,5
informed,palter,VERBATIM truth,6,5
informed,palter,GIST truth,2,5
informed,palter,VERBATIM truth,3,5
informed,palter,GIST truth,2,5
informed,palter,VERBATIM truth,3,5
informed,palter,GIST truth,2,5
informed,palter,VERBATIM truth,3,5
informed,palter,GIST truth,2,5
informed,palter,VERBATIM truth,3,5
informed,palter,GIST truth,2,5
informed,palter,VERBATIM truth,3,5
informed,palter,GIST truth,2,5
informed,palter,VERBATIM truth,3,5
informed,palter,GIST truth,2,5
informed,palter,VERBATIM truth,3,5
informed,palter,GIST truth,2,5
informed,palter,VERBATIM truth,3,5
informed,palter,GIST truth,2,5
informed,palter,VERBATIM truth,3,5
informed,palter,GIST truth,2,5
informed,palter,VERBATIM truth,3,5
informed,palter,GIST truth,2,4
informed,palter,VERBATIM truth,4,4
informed,palter,GIST truth,2,2
informed,palter,VERBATIM truth,4,2
informed,palter,GIST truth,2,5
informed,palter,VERBATIM truth,4,5
informed,palter,GIST truth,2,2
informed,palter,VERBATIM truth,4,2
informed,palter,GIST truth,2,4
informed,palter,VERBATIM truth,4,4
informed,palter,GIST truth,2,5
informed,palter,VERBATIM truth,4,5
informed,palter,GIST truth,2,4
informed,palter,VERBATIM truth,4,4
informed,palter,GIST truth,2,5
informed,palter,VERBATIM truth,4,5
informed,palter,GIST truth,2,4
informed,palter,VERBATIM truth,4,4
informed,palter,GIST truth,2,5
informed,palter,VERBATIM truth,4,5
informed,truthy_falsehood,GIST truth,6,2
informed,truthy_falsehood,VERBATIM truth,2,2
informed,truthy_falsehood,GIST truth,6,2
informed,truthy_falsehood,VERBATIM truth,2,2
informed,truthy_falsehood,GIST truth,6,2
informed,truthy_falsehood,VERBATIM truth,3,2
informed,truthy_falsehood,GIST truth,6,1
informed,truthy_falsehood,VERBATIM truth,2,1
informed,truthy_falsehood,GIST truth,6,2
informed,truthy_falsehood,VERBATIM truth,2,2
informed,truthy_falsehood,GIST truth,6,1
informed,truthy_falsehood,VERBATIM truth,2,1
informed,truthy_falsehood,GIST truth,6,2
informed,truthy_falsehood,VERBATIM truth,2,2
informed,truthy_falsehood,GIST truth,6,2
informed,truthy_falsehood,VERBATIM truth,2,2
informed,truthy_falsehood,GIST truth,6,1
informed,truthy_falsehood,VERBATIM truth,2,1
informed,truthy_falsehood,GIST truth,6,2
informed,truthy_falsehood,VERBATIM truth,2,2
informed,truthy_falsehood,GIST truth,3,3
informed,truthy_falsehood,VERBATIM truth,2,3
informed,truthy_falsehood,GIST truth,3,3
informed,truthy_falsehood,VERBATIM truth,2,3
informed,truthy_falsehood,GIST truth,3,4
informed,truthy_falsehood,VERBATIM truth,2,4
informed,truthy_falsehood,GIST truth,3,3
informed,truthy_falsehood,VERBATIM truth,2,3
informed,truthy_falsehood,GIST truth,4,3
informed,truthy_falsehood,VERBATIM truth,2,3
informed,truthy_falsehood,GIST truth,3,4
informed,truthy_falsehood,VERBATIM truth,2,4
informed,truthy_falsehood,GIST truth,3,3
informed,truthy_falsehood,VERBATIM truth,2,3
informed,truthy_falsehood,GIST truth,5,3
informed,truthy_falsehood,VERBATIM truth,3,3
informed,truthy_falsehood,GIST truth,3,4
informed,truthy_falsehood,VERBATIM truth,2,4
informed,truthy_falsehood,GIST truth,3,3
informed,truthy_falsehood,VERBATIM truth,2,3
informed,truthy_falsehood,GIST truth,6,1
informed,truthy_falsehood,VERBATIM truth,3,1
informed,truthy_falsehood,GIST truth,6,1
informed,truthy_falsehood,VERBATIM truth,3,1
informed,truthy_falsehood,GIST truth,6,1
informed,truthy_falsehood,VERBATIM truth,3,1
informed,truthy_falsehood,GIST truth,6,1
informed,truthy_falsehood,VERBATIM truth,3,1
informed,truthy_falsehood,GIST truth,6,1
informed,truthy_falsehood,VERBATIM truth,3,1
informed,truthy_falsehood,GIST truth,6,1
informed,truthy_falsehood,VERBATIM truth,3,1
informed,truthy_falsehood,GIST truth,6,1
informed,truthy_falsehood,VERBATIM truth,3,1
informed,truthy_falsehood,GIST truth,6,1
informed,truthy_falsehood,VERBATIM truth,3,1
informed,truthy_falsehood,GIST truth,6,1
informed,truthy_falsehood,VERBATIM truth,3,1
informed,truthy_falsehood,GIST truth,6,1
informed,truthy_falsehood,VERBATIM truth,2,1
informed,blatant_falsehood,GIST truth,1,6
informed,blatant_falsehood,VERBATIM truth,1,6
informed,blatant_falsehood,GIST truth,1,6
informed,blatant_falsehood,VERBATIM truth,1,6
informed,blatant_falsehood,GIST truth,1,6
informed,blatant_falsehood,VERBATIM truth,1,6
informed,blatant_falsehood,GIST truth,1,6
informed,blatant_falsehood,VERBATIM truth,1,6
informed,blatant_falsehood,GIST truth,1,6
informed,blatant_falsehood,VERBATIM truth,1,6
informed,blatant_falsehood,GIST truth,1,6
informed,blatant_falsehood,VERBATIM truth,1,6
informed,blatant_falsehood,GIST truth,1,6
informed,blatant_falsehood,VERBATIM truth,1,6
informed,blatant_falsehood,GIST truth,1,6
informed,blatant_falsehood,VERBATIM truth,1,6
informed,blatant_falsehood,GIST truth,1,6
informed,blatant_falsehood,VERBATIM truth,1,6
informed,blatant_falsehood,GIST truth,1,6
informed,blatant_falsehood,VERBATIM truth,1,6
informed,blatant_falsehood,GIST truth,1,6
informed,blatant_falsehood,VERBATIM truth,1,6
informed,blatant_falsehood,GIST truth,1,6
informed,blatant_falsehood,VERBATIM truth,1,6
informed,blatant_falsehood,GIST truth,1,6
informed,blatant_falsehood,VERBATIM truth,1,6
informed,blatant_falsehood,GIST truth,1,6
informed,blatant_falsehood,VERBATIM truth,1,6
informed,blatant_falsehood,GIST truth,1,6
informed,blatant_falsehood,VERBATIM truth,1,6
informed,blatant_falsehood,GIST truth,1,6
informed,blatant_falsehood,VERBATIM truth,1,6
informed,blatant_falsehood,GIST truth,1,6
informed,blatant_falsehood,VERBATIM truth,1,6
informed,blatant_falsehood,GIST truth,1,6
informed,blatant_falsehood,VERBATIM truth,1,6
informed,blatant_falsehood,GIST truth,1,6
informed,blatant_falsehood,VERBATIM truth,1,6
informed,blatant_falsehood,GIST truth,1,6
informed,blatant_falsehood,VERBATIM truth,1,6
informed,blatant_falsehood,GIST truth,1,7
informed,blatant_falsehood,VERBATIM truth,1,7
informed,blatant_falsehood,GIST truth,1,7
informed,blatant_falsehood,VERBATIM truth,1,7
informed,blatant_falsehood,GIST truth,1,7
informed,blatant_falsehood,VERBATIM truth,1,7
informed,blatant_falsehood,GIST truth,1,7
informed,blatant_falsehood,VERBATIM truth,1,7
informed,blatant_falsehood,GIST truth,1,7
informed,blatant_falsehood,VERBATIM truth,1,7
informed,blatant_falsehood,GIST truth,1,7
informed,blatant_falsehood,VERBATIM truth,1,7
informed,blatant_falsehood,GIST truth,1,7
informed,blatant_falsehood,VERBATIM truth,1,7
informed,blatant_falsehood,GIST truth,1,7
informed,blatant_falsehood,VERBATIM truth,1,7
informed,blatant_falsehood,GIST truth,1,7
informed,blatant_falsehood,VERBATIM truth,1,7
informed,blatant_falsehood,GIST truth,1,7
informed,blatant_falsehood,VERBATIM truth,1,7
informed,fully_true,GIST truth,7,1
informed,fully_true,VERBATIM truth,7,1
informed,fully_true,GIST truth,7,1
informed,fully_true,VERBATIM truth,7,1
informed,fully_true,GIST truth,7,1
informed,fully_true,VERBATIM truth,7,1
informed,fully_true,GIST truth,7,1
informed,fully_true,VERBATIM truth,7,1
informed,fully_true,GIST truth,7,1
informed,fully_true,VERBATIM truth,7,1
informed,fully_true,GIST truth,7,1
informed,fully_true,VERBATIM truth,7,1
informed,fully_true,GIST truth,7,1
informed,fully_true,VERBATIM truth,7,1
informed,fully_true,GIST truth,7,1
informed,fully_true,VERBATIM truth,7,1
informed,fully_true,GIST truth,7,1
informed,fully_true,VERBATIM truth,7,1
informed,fully_true,GIST truth,7,1
informed,fully_true,VERBATIM truth,7,1
informed,fully_true,GIST truth,7,1
informed,fully_true,VERBATIM truth,6,1
informed,fully_true,GIST truth,7,1
informed,fully_true,VERBATIM truth,7,1
informed,fully_true,GIST truth,7,1
informed,fully_true,VERBATIM truth,7,1
informed,fully_true,GIST truth,7,1
informed,fully_true,VERBATIM truth,6,1
informed,fully_true,GIST truth,7,1
informed,fully_true,VERBATIM truth,7,1
informed,fully_true,GIST truth,7,1
informed,fully_true,VERBATIM truth,7,1
informed,fully_true,GIST truth,7,1
informed,fully_true,VERBATIM truth,7,1
informed,fully_true,GIST truth,7,1
informed,fully_true,VERBATIM truth,6,1
informed,fully_true,GIST truth,7,1
informed,fully_true,VERBATIM truth,7,1
informed,fully_true,GIST truth,7,1
informed,fully_true,VERBATIM truth,6,1
informed,fully_true,GIST truth,7,1
informed,fully_true,VERBATIM truth,7,1
informed,fully_true,GIST truth,7,1
informed,fully_true,VERBATIM truth,7,1
informed,fully_true,GIST truth,7,1
informed,fully_true,VERBATIM truth,7,1
informed,fully_true,GIST truth,7,1
informed,fully_true,VERBATIM truth,7,1
informed,fully_true,GIST truth,7,1
informed,fully_true,VERBATIM truth,7,1
informed,fully_true,GIST truth,7,1
informed,fully_true,VERBATIM truth,7,1
informed,fully_true,GIST truth,7,1
informed,fully_true,VERBATIM truth,7,1
informed,fully_true,GIST truth,7,1
informed,fully_true,VERBATIM truth,7,1
informed,fully_true,GIST truth,7,1
informed,fully_true,VERBATIM truth,7,1
informed,fully_true,GIST truth,7,1
informed,fully_true,VERBATIM truth,7,1
informed,palter,GIST truth,2,4
informed,palter,VERBATIM truth,6,4
informed,palter,GIST truth,2,3
informed,palter,VERBATIM truth,6,3
informed,palter,GIST truth,2,4
informed,palter,VERBATIM truth,7,4
informed,palter,GIST truth,2,4
informed,palter,VERBATIM truth,6,4
informed,palter,GIST truth,2,4
informed,palter,VERBATIM truth,6,4
informed,palter,GIST truth,2,4
informed,palter,VERBATIM truth,6,4
informed,palter,GIST truth,2,4
informed,palter,VERBATIM truth,7,4
informed,palter,GIST truth,2,4
informed,palter,VERBATIM truth,7,4
informed,palter,GIST truth,2,4
informed,palter,VERBATIM truth,7,4
informed,palter,GIST truth,2,4
informed,palter,VERBATIM truth,6,4
informed,palter,GIST truth,2,5
informed,palter,VERBATIM truth,6,5
informed,palter,GIST truth,2,5
informed,palter,VERBATIM truth,6,5
informed,palter,GIST truth,2,5
informed,palter,VERBATIM truth,6,5
informed,palter,GIST truth,2,5
informed,palter,VERBATIM truth,6,5
informed,palter,GIST truth,2,5
informed,palter,VERBATIM truth,6,5
informed,palter,GIST truth,2,5
informed,palter,VERBATIM truth,6,5
informed,palter,GIST truth,2,5
informed,palter,VERBATIM truth,6,5
informed,palter,GIST truth,2,5
informed,palter,VERBATIM truth,6,5
informed,palter,GIST truth,2,5
informed,palter,VERBATIM truth,6,5
informed,palter,GIST truth,2,5
informed,palter,VERBATIM truth,6,5
informed,palter,GIST truth,2,5
informed,palter,VERBATIM truth,7,5
informed,palter,GIST truth,2,5
informed,palter,VERBATIM truth,7,5
informed,palter,GIST truth,2,4
informed,palter,VERBATIM truth,7,4
informed,palter,GIST truth,2,5
informed,palter,VERBATIM truth,7,5
informed,palter,GIST truth,3,2
informed,palter,VERBATIM truth,7,2
informed,palter,GIST truth,2,5
informed,palter,VERBATIM truth,7,5
informed,palter,GIST truth,2,5
informed,palter,VERBATIM truth,7,5
informed,palter,GIST truth,3,2
informed,palter,VERBATIM truth,7,2
informed,palter,GIST truth,2,4
informed,palter,VERBATIM truth,7,4
informed,palter,GIST truth,2,5
informed,palter,VERBATIM truth,7,5
informed,truthy_falsehood,GIST truth,5,2
informed,truthy_falsehood,VERBATIM truth,1,2
informed,truthy_falsehood,GIST truth,6,2
informed,truthy_falsehood,VERBATIM truth,2,2
informed,truthy_falsehood,GIST truth,6,2
informed,truthy_falsehood,VERBATIM truth,2,2
informed,truthy_falsehood,GIST truth,6,3
informed,truthy_falsehood,VERBATIM truth,2,3
informed,truthy_falsehood,GIST truth,5,2
informed,truthy_falsehood,VERBATIM truth,2,2
informed,truthy_falsehood,GIST truth,6,2
informed,truthy_falsehood,VERBATIM truth,2,2
informed,truthy_falsehood,GIST truth,5,3
informed,truthy_falsehood,VERBATIM truth,1,3
informed,truthy_falsehood,GIST truth,6,2
informed,truthy_falsehood,VERBATIM truth,2,2
informed,truthy_falsehood,GIST truth,6,2
informed,truthy_falsehood,VERBATIM truth,2,2
informed,truthy_falsehood,GIST truth,6,2
informed,truthy_falsehood,VERBATIM truth,1,2
informed,truthy_falsehood,GIST truth,5,3
informed,truthy_falsehood,VERBATIM truth,2,3
informed,truthy_falsehood,GIST truth,5,3
informed,truthy_falsehood,VERBATIM truth,2,3
informed,truthy_falsehood,GIST truth,5,3
informed,truthy_falsehood,VERBATIM truth,2,3
informed,truthy_falsehood,GIST truth,5,3
informed,truthy_falsehood,VERBATIM truth,2,3
informed,truthy_falsehood,GIST truth,5,3
informed,truthy_falsehood,VERBATIM truth,2,3
informed,truthy_falsehood,GIST truth,5,3
informed,truthy_falsehood,VERBATIM truth,2,3
informed,truthy_falsehood,GIST truth,5,3
informed,truthy_falsehood,VERBATIM truth,2,3
informed,truthy_falsehood,GIST truth,5,3
informed,truthy_falsehood,VERBATIM truth,2,3
informed,truthy_falsehood,GIST truth,5,3
informed,truthy_falsehood,VERBATIM truth,2,3
informed,truthy_falsehood,GIST truth,5,3
informed,truthy_falsehood,VERBATIM truth,2,3
informed,truthy_falsehood,GIST truth,5,2
informed,truthy_falsehood,VERBATIM truth,3,2
informed,truthy_falsehood,GIST truth,5,2
informed,truthy_falsehood,VERBATIM truth,2,2
informed,truthy_falsehood,GIST truth,5,1
informed,truthy_falsehood,VERBATIM truth,2,1
informed,truthy_falsehood,GIST truth,5,2
informed,truthy_falsehood,VERBATIM truth,2,2
informed,truthy_falsehood,GIST truth,5,1
informed,truthy_falsehood,VERBATIM truth,3,1
informed,truthy_falsehood,GIST truth,5,1
informed,truthy_falsehood,VERBATIM truth,3,1
informed,truthy_falsehood,GIST truth,5,1
informed,truthy_falsehood,VERBATIM truth,2,1
informed,truthy_falsehood,GIST truth,5,1
informed,truthy_falsehood,VERBATIM truth,2,1
informed,truthy_falsehood,GIST truth,5,2
informed,truthy_falsehood,VERBATIM truth,2,2
informed,truthy_falsehood,GIST truth,5,2
informed,truthy_falsehood,VERBATIM truth,2,2
informed,blatant_falsehood,GIST truth,1,6
informed,blatant_falsehood,VERBATIM truth,1,6
informed,blatant_falsehood,GIST truth,1,6
informed,blatant_falsehood,VERBATIM truth,1,6
informed,blatant_falsehood,GIST truth,1,6
informed,blatant_falsehood,VERBATIM truth,1,6
informed,blatant_falsehood,GIST truth,1,6
informed,blatant_falsehood,VERBATIM truth,1,6
informed,blatant_falsehood,GIST truth,1,6
informed,blatant_falsehood,VERBATIM truth,1,6
informed,blatant_falsehood,GIST truth,1,6
informed,blatant_falsehood,VERBATIM truth,1,6
informed,blatant_falsehood,GIST truth,1,6
informed,blatant_falsehood,VERBATIM truth,1,6
informed,blatant_falsehood,GIST truth,1,6
informed,blatant_falsehood,VERBATIM truth,1,6
informed,blatant_falsehood,GIST truth,1,6
informed,blatant_falsehood,VERBATIM truth,1,6
informed,blatant_falsehood,GIST truth,1,6
informed,blatant_falsehood,VERBATIM truth,1,6
informed,blatant_falsehood,GIST truth,1,6
informed,blatant_falsehood,VERBATIM truth,1,6
informed,blatant_falsehood,GIST truth,1,6
informed,blatant_falsehood,VERBATIM truth,1,6
informed,blatant_falsehood,GIST truth,1,6
informed,blatant_falsehood,VERBATIM truth,1,6
informed,blatant_falsehood,GIST truth,1,6
informed,blatant_falsehood,VERBATIM truth,1,6
informed,blatant_falsehood,GIST truth,1,6
informed,blatant_falsehood,VERBATIM truth,1,6
informed,blatant_falsehood,GIST truth,1,6
informed,blatant_falsehood,VERBATIM truth,1,6
informed,blatant_falsehood,GIST truth,1,6
informed,blatant_falsehood,VERBATIM truth,1,6
informed,blatant_falsehood,GIST truth,1,6
informed,blatant_falsehood,VERBATIM truth,1,6
informed,blatant_falsehood,GIST truth,1,6
informed,blatant_falsehood,VERBATIM truth,1,6
informed,blatant_falsehood,GIST truth,1,6
informed,blatant_falsehood,VERBATIM truth,1,6
informed,blatant_falsehood,GIST truth,1,7
informed,blatant_falsehood,VERBATIM truth,1,7
informed,blatant_falsehood,GIST truth,1,7
informed,blatant_falsehood,VERBATIM truth,1,7
informed,blatant_falsehood,GIST truth,1,5
informed,blatant_falsehood,VERBATIM truth,1,5
informed,blatant_falsehood,GIST truth,1,7
informed,blatant_falsehood,VERBATIM truth,1,7
informed,blatant_falsehood,GIST truth,1,7
informed,blatant_falsehood,VERBATIM truth,1,7
informed,blatant_falsehood,GIST truth,1,7
informed,blatant_falsehood,VERBATIM truth,1,7
informed,blatant_falsehood,GIST truth,1,7
informed,blatant_falsehood,VERBATIM truth,1,7
informed,blatant_falsehood,GIST truth,1,7
informed,blatant_falsehood,VERBATIM truth,1,7
informed,blatant_falsehood,GIST truth,1,5
informed,blatant_falsehood,VERBATIM truth,1,5
informed,blatant_falsehood,GIST truth,1,7
informed,blatant_falsehood,VERBATIM truth,1,7
informed,fully_true,GIST truth,7,1
informed,fully_true,VERBATIM truth,7,1
informed,fully_true,GIST truth,7,1
informed,fully_true,VERBATIM truth,7,1
informed,fully_true,GIST truth,7,1
informed,fully_true,VERBATIM truth,7,1
informed,fully_true,GIST truth,7,1
informed,fully_true,VERBATIM truth,7,1
informed,fully_true,GIST truth,7,1
informed,fully_true,VERBATIM truth,7,1
informed,fully_true,GIST truth,7,1
informed,fully_true,VERBATIM truth,7,1
informed,fully_true,GIST truth,7,1
informed,fully_true,VERBATIM truth,7,1
informed,fully_true,GIST truth,7,1
informed,fully_true,VERBATIM truth,7,1
informed,fully_true,GIST truth,7,1
informed,fully_true,VERBATIM truth,7,1
informed,fully_true,GIST truth,7,1
informed,fully_true,VERBATIM truth,7,1
informed,fully_true,GIST truth,7,1
informed,fully_true,VERBATIM truth,7,1
informed,fully_true,GIST truth,7,1
informed,fully_true,VERBATIM truth,7,1
informed,fully_true,GIST truth,7,1
informed,fully_true,VERBATIM truth,7,1
informed,fully_true,GIST truth,7,1
informed,fully_true,VERBATIM truth,7,1
informed,fully_true,GIST truth,7,1
informed,fully_true,VERBATIM truth,7,1
informed,fully_true,GIST truth,7,1
informed,fully_true,VERBATIM truth,7,1
informed,fully_true,GIST truth,7,1
informed,fully_true,VERBATIM truth,7,1
informed,fully_true,GIST truth,7,1
informed,fully_true,VERBATIM truth,7,1
informed,fully_true,GIST truth,7,1
informed,fully_true,VERBATIM truth,7,1
informed,fully_true,GIST truth,7,1
informed,fully_true,VERBATIM truth,7,1
informed,fully_true,GIST truth,7,1
informed,fully_true,VERBATIM truth,7,1
informed,fully_true,GIST truth,7,1
informed,fully_true,VERBATIM truth,7,1
informed,fully_true,GIST truth,7,1
informed,fully_true,VERBATIM truth,7,1
informed,fully_true,GIST truth,7,1
informed,fully_true,VERBATIM truth,7,1
informed,fully_true,GIST truth,7,1
informed,fully_true,VERBATIM truth,7,1
informed,fully_true,GIST truth,7,1
informed,fully_true,VERBATIM truth,7,1
informed,fully_true,GIST truth,7,1
informed,fully_true,VERBATIM truth,7,1
informed,fully_true,GIST truth,7,1
informed,fully_true,VERBATIM truth,7,1
informed,fully_true,GIST truth,7,1
informed,fully_true,VERBATIM truth,7,1
informed,fully_true,GIST truth,7,1
informed,fully_true,VERBATIM truth,7,1
informed,palter,GIST truth,3,2
informed,palter,VERBATIM truth,5,2
informed,palter,GIST truth,3,2
informed,palter,VERBATIM truth,5,2
informed,palter,GIST truth,2,2
informed,palter,VERBATIM truth,5,2
informed,palter,GIST truth,3,2
informed,palter,VERBATIM truth,5,2
informed,palter,GIST truth,3,2
informed,palter,VERBATIM truth,5,2
informed,palter,GIST truth,2,2
informed,palter,VERBATIM truth,5,2
informed,palter,GIST truth,3,2
informed,palter,VERBATIM truth,6,2
informed,palter,GIST truth,3,2
informed,palter,VERBATIM truth,6,2
informed,palter,GIST truth,3,2
informed,palter,VERBATIM truth,5,2
informed,palter,GIST truth,3,2
informed,palter,VERBATIM truth,5,2
informed,palter,GIST truth,2,5
informed,palter,VERBATIM truth,6,5
informed,palter,GIST truth,2,5
informed,palter,VERBATIM truth,6,5
informed,palter,GIST truth,2,5
informed,palter,VERBATIM truth,6,5
informed,palter,GIST truth,2,5
informed,palter,VERBATIM truth,6,5
informed,palter,GIST truth,2,5
informed,palter,VERBATIM truth,6,5
informed,palter,GIST truth,2,5
informed,palter,VERBATIM truth,6,5
informed,palter,GIST truth,2,5
informed,palter,VERBATIM truth,6,5
informed,palter,GIST truth,2,5
informed,palter,VERBATIM truth,6,5
informed,palter,GIST truth,2,5
informed,palter,VERBATIM truth,6,5
informed,palter,GIST truth,2,5
informed,palter,VERBATIM truth,6,5
informed,palter,GIST truth,2,4
informed,palter,VERBATIM truth,7,4
informed,palter,GIST truth,2,2
informed,palter,VERBATIM truth,4,2
informed,palter,GIST truth,3,2
informed,palter,VERBATIM truth,4,2
informed,palter,GIST truth,2,5
informed,palter,VERBATIM truth,4,5
informed,palter,GIST truth,3,2
informed,palter,VERBATIM truth,4,2
informed,palter,GIST truth,2,2
informed,palter,VERBATIM truth,4,2
informed,palter,GIST truth,3,2
informed,palter,VERBATIM truth,7,2
informed,palter,GIST truth,2,2
informed,palter,VERBATIM truth,7,2
informed,palter,GIST truth,2,1
informed,palter,VERBATIM truth,7,1
informed,palter,GIST truth,2,2
informed,palter,VERBATIM truth,4,2
informed,truthy_falsehood,GIST truth,6,3
informed,truthy_falsehood,VERBATIM truth,2,3
informed,truthy_falsehood,GIST truth,6,3
informed,truthy_falsehood,VERBATIM truth,2,3
informed,truthy_falsehood,GIST truth,6,3
informed,truthy_falsehood,VERBATIM truth,2,3
informed,truthy_falsehood,GIST truth,6,4
informed,truthy_falsehood,VERBATIM truth,2,4
informed,truthy_falsehood,GIST truth,6,3
informed,truthy_falsehood,VERBATIM truth,2,3
informed,truthy_falsehood,GIST truth,6,3
informed,truthy_falsehood,VERBATIM truth,2,3
informed,truthy_falsehood,GIST truth,6,3
informed,truthy_falsehood,VERBATIM truth,2,3
informed,truthy_falsehood,GIST truth,6,3
informed,truthy_falsehood,VERBATIM truth,2,3
informed,truthy_falsehood,GIST truth,6,3
informed,truthy_falsehood,VERBATIM truth,2,3
informed,truthy_falsehood,GIST truth,6,4
informed,truthy_falsehood,VERBATIM truth,2,4
informed,truthy_falsehood,GIST truth,5,3
informed,truthy_falsehood,VERBATIM truth,2,3
informed,truthy_falsehood,GIST truth,5,3
informed,truthy_falsehood,VERBATIM truth,2,3
informed,truthy_falsehood,GIST truth,5,3
informed,truthy_falsehood,VERBATIM truth,2,3
informed,truthy_falsehood,GIST truth,5,3
informed,truthy_falsehood,VERBATIM truth,2,3
informed,truthy_falsehood,GIST truth,5,3
informed,truthy_falsehood,VERBATIM truth,2,3
informed,truthy_falsehood,GIST truth,5,3
informed,truthy_falsehood,VERBATIM truth,2,3
informed,truthy_falsehood,GIST truth,5,3
informed,truthy_falsehood,VERBATIM truth,2,3
informed,truthy_falsehood,GIST truth,5,3
informed,truthy_falsehood,VERBATIM truth,2,3
informed,truthy_falsehood,GIST truth,5,3
informed,truthy_falsehood,VERBATIM truth,2,3
informed,truthy_falsehood,GIST truth,5,3
informed,truthy_falsehood,VERBATIM truth,2,3
informed,truthy_falsehood,GIST truth,5,1
informed,truthy_falsehood,VERBATIM truth,3,1
informed,truthy_falsehood,GIST truth,6,1
informed,truthy_falsehood,VERBATIM truth,3,1
informed,truthy_falsehood,GIST truth,5,1
informed,truthy_falsehood,VERBATIM truth,3,1
informed,truthy_falsehood,GIST truth,6,1
informed,truthy_falsehood,VERBATIM truth,3,1
informed,truthy_falsehood,GIST truth,6,1
informed,truthy_falsehood,VERBATIM truth,3,1
informed,truthy_falsehood,GIST truth,6,1
informed,truthy_falsehood,VERBATIM truth,3,1
informed,truthy_falsehood,GIST truth,5,1
informed,truthy_falsehood,VERBATIM truth,3,1
informed,truthy_falsehood,GIST truth,5,1
informed,truthy_falsehood,VERBATIM truth,3,1
informed,truthy_falsehood,GIST truth,5,1
informed,truthy_falsehood,VERBATIM truth,3,1
informed,truthy_falsehood,GIST truth,6,1
informed,truthy_falsehood,VERBATIM truth,3,1
informed,blatant_falsehood,GIST truth,1,6
informed,blatant_falsehood,VERBATIM truth,1,6
informed,blatant_falsehood,GIST truth,1,6
informed,blatant_falsehood,VERBATIM truth,1,6
informed,blatant_falsehood,GIST truth,1,5
informed,blatant_falsehood,VERBATIM truth,1,5
informed,blatant_falsehood,GIST truth,1,6
informed,blatant_falsehood,VERBATIM truth,1,6
informed,blatant_falsehood,GIST truth,1,6
informed,blatant_falsehood,VERBATIM truth,1,6
informed,blatant_falsehood,GIST truth,1,6
informed,blatant_falsehood,VERBATIM truth,1,6
informed,blatant_falsehood,GIST truth,1,5
informed,blatant_falsehood,VERBATIM truth,1,5
informed,blatant_falsehood,GIST truth,1,5
informed,blatant_falsehood,VERBATIM truth,1,5
informed,blatant_falsehood,GIST truth,1,5
informed,blatant_falsehood,VERBATIM truth,1,5
informed,blatant_falsehood,GIST truth,1,5
informed,blatant_falsehood,VERBATIM truth,1,5
informed,blatant_falsehood,GIST truth,1,6
informed,blatant_falsehood,VERBATIM truth,1,6
informed,blatant_falsehood,GIST truth,1,6
informed,blatant_falsehood,VERBATIM truth,1,6
informed,blatant_falsehood,GIST truth,1,6
informed,blatant_falsehood,VERBATIM truth,1,6
informed,blatant_falsehood,GIST truth,1,6
informed,blatant_falsehood,VERBATIM truth,1,6
informed,blatant_falsehood,GIST truth,1,6
informed,blatant_falsehood,VERBATIM truth,1,6
informed,blatant_falsehood,GIST truth,1,6
informed,blatant_falsehood,VERBATIM truth,1,6
informed,blatant_falsehood,GIST truth,1,6
informed,blatant_falsehood,VERBATIM truth,1,6
informed,blatant_falsehood,GIST truth,1,6
informed,blatant_falsehood,VERBATIM truth,1,6
informed,blatant_falsehood,GIST truth,1,6
informed,blatant_falsehood,VERBATIM truth,1,6
informed,blatant_falsehood,GIST truth,1,6
informed,blatant_falsehood,VERBATIM truth,1,6
informed,blatant_falsehood,GIST truth,1,1
informed,blatant_falsehood,VERBATIM truth,1,1
informed,blatant_falsehood,GIST truth,1,5
informed,blatant_falsehood,VERBATIM truth,1,5
informed,blatant_falsehood,GIST truth,1,5
informed,blatant_falsehood,VERBATIM truth,1,5
informed,blatant_falsehood,GIST truth,1,5
informed,blatant_falsehood,VERBATIM truth,1,5
informed,blatant_falsehood,GIST truth,1,7
informed,blatant_falsehood,VERBATIM truth,1,7
informed,blatant_falsehood,GIST truth,1,5
informed,blatant_falsehood,VERBATIM truth,1,5
informed,blatant_falsehood,GIST truth,1,5
informed,blatant_falsehood,VERBATIM truth,1,5
informed,blatant_falsehood,GIST truth,1,5
informed,blatant_falsehood,VERBATIM truth,1,5
informed,blatant_falsehood,GIST truth,1,5
informed,blatant_falsehood,VERBATIM truth,1,5
informed,blatant_falsehood,GIST truth,1,5
informed,blatant_falsehood,VERBATIM truth,1,5
informed,fully_true,GIST truth,7,1
informed,fully_true,VERBATIM truth,7,1
informed,fully_true,GIST truth,7,1
informed,fully_true,VERBATIM truth,7,1
informed,fully_true,GIST truth,7,1
informed,fully_true,VERBATIM truth,7,1
informed,fully_true,GIST truth,7,1
informed,fully_true,VERBATIM truth,7,1
informed,fully_true,GIST truth,7,1
informed,fully_true,VERBATIM truth,7,1
informed,fully_true,GIST truth,7,1
informed,fully_true,VERBATIM truth,7,1
informed,fully_true,GIST truth,7,1
informed,fully_true,VERBATIM truth,7,1
informed,fully_true,GIST truth,7,1
informed,fully_true,VERBATIM truth,7,1
informed,fully_true,GIST truth,7,1
informed,fully_true,VERBATIM truth,7,1
informed,fully_true,GIST truth,7,1
informed,fully_true,VERBATIM truth,7,1
informed,fully_true,GIST truth,7,1
informed,fully_true,VERBATIM truth,7,1
informed,fully_true,GIST truth,7,1
informed,fully_true,VERBATIM truth,7,1
informed,fully_true,GIST truth,7,1
informed,fully_true,VERBATIM truth,7,1
informed,fully_true,GIST truth,7,1
informed,fully_true,VERBATIM truth,7,1
informed,fully_true,GIST truth,7,1
informed,fully_true,VERBATIM truth,7,1
informed,fully_true,GIST truth,7,1
informed,fully_true,VERBATIM truth,7,1
informed,fully_true,GIST truth,7,1
informed,fully_true,VERBATIM truth,7,1
informed,fully_true,GIST truth,7,1
informed,fully_true,VERBATIM truth,7,1
informed,fully_true,GIST truth,7,1
informed,fully_true,VERBATIM truth,7,1
informed,fully_true,GIST truth,7,1
informed,fully_true,VERBATIM truth,7,1
informed,fully_true,GIST truth,7,1
informed,fully_true,VERBATIM truth,7,1
informed,fully_true,GIST truth,7,1
informed,fully_true,VERBATIM truth,7,1
informed,fully_true,GIST truth,7,1
informed,fully_true,VERBATIM truth,7,1
informed,fully_true,GIST truth,7,1
informed,fully_true,VERBATIM truth,7,1
informed,fully_true,GIST truth,7,1
informed,fully_true,VERBATIM truth,7,1
informed,fully_true,GIST truth,7,1
informed,fully_true,VERBATIM truth,7,1
informed,fully_true,GIST truth,7,1
informed,fully_true,VERBATIM truth,7,1
informed,fully_true,GIST truth,7,1
informed,fully_true,VERBATIM truth,7,1
informed,fully_true,GIST truth,7,1
informed,fully_true,VERBATIM truth,7,1
informed,fully_true,GIST truth,7,1
informed,fully_true,VERBATIM truth,7,1
informed,palter,GIST truth,2,2
informed,palter,VERBATIM truth,6,2
informed,palter,GIST truth,2,3
informed,palter,VERBATIM truth,5,3
informed,palter,GIST truth,2,3
informed,palter,VERBATIM truth,6,3
informed,palter,GIST truth,2,3
informed,palter,VERBATIM truth,6,3
informed,palter,GIST truth,2,2
informed,palter,VERBATIM truth,5,2
informed,palter,GIST truth,2,2
informed,palter,VERBATIM truth,6,2
informed,palter,GIST truth,2,2
informed,palter,VERBATIM truth,5,2
informed,palter,GIST truth,2,2
informed,palter,VERBATIM truth,5,2
informed,palter,GIST truth,2,3
informed,palter,VERBATIM truth,6,3
informed,palter,GIST truth,2,2
informed,palter,VERBATIM truth,6,2
informed,palter,GIST truth,2,4
informed,palter,VERBATIM truth,3,4
informed,palter,GIST truth,2,4
informed,palter,VERBATIM truth,3,4
informed,palter,GIST truth,2,4
informed,palter,VERBATIM truth,3,4
informed,palter,GIST truth,2,4
informed,palter,VERBATIM truth,3,4
informed,palter,GIST truth,2,4
informed,palter,VERBATIM truth,3,4
informed,palter,GIST truth,1,4
informed,palter,VERBATIM truth,3,4
informed,palter,GIST truth,2,4
informed,palter,VERBATIM truth,3,4
informed,palter,GIST truth,2,3
informed,palter,VERBATIM truth,3,3
informed,palter,GIST truth,2,3
informed,palter,VERBATIM truth,3,3
informed,palter,GIST truth,2,4
informed,palter,VERBATIM truth,3,4
informed,palter,GIST truth,2,2
informed,palter,VERBATIM truth,4,2
informed,palter,GIST truth,2,2
informed,palter,VERBATIM truth,4,2
informed,palter,GIST truth,2,2
informed,palter,VERBATIM truth,4,2
informed,palter,GIST truth,2,2
informed,palter,VERBATIM truth,2,2
informed,palter,GIST truth,2,2
informed,palter,VERBATIM truth,4,2
informed,palter,GIST truth,2,2
informed,palter,VERBATIM truth,2,2
informed,palter,GIST truth,2,2
informed,palter,VERBATIM truth,4,2
informed,palter,GIST truth,2,2
informed,palter,VERBATIM truth,4,2
informed,palter,GIST truth,2,2
informed,palter,VERBATIM truth,4,2
informed,palter,GIST truth,2,2
informed,palter,VERBATIM truth,4,2
informed,truthy_falsehood,GIST truth,4,4
informed,truthy_falsehood,VERBATIM truth,2,4
informed,truthy_falsehood,GIST truth,5,3
informed,truthy_falsehood,VERBATIM truth,2,3
informed,truthy_falsehood,GIST truth,5,3
informed,truthy_falsehood,VERBATIM truth,2,3
informed,truthy_falsehood,GIST truth,5,3
informed,truthy_falsehood,VERBATIM truth,1,3
informed,truthy_falsehood,GIST truth,5,3
informed,truthy_falsehood,VERBATIM truth,2,3
informed,truthy_falsehood,GIST truth,4,2
informed,truthy_falsehood,VERBATIM truth,1,2
informed,truthy_falsehood,GIST truth,4,3
informed,truthy_falsehood,VERBATIM truth,2,3
informed,truthy_falsehood,GIST truth,5,3
informed,truthy_falsehood,VERBATIM truth,2,3
informed,truthy_falsehood,GIST truth,5,2
informed,truthy_falsehood,VERBATIM truth,2,2
informed,truthy_falsehood,GIST truth,5,2
informed,truthy_falsehood,VERBATIM truth,2,2
informed,truthy_falsehood,GIST truth,5,3
informed,truthy_falsehood,VERBATIM truth,2,3
informed,truthy_falsehood,GIST truth,4,3
informed,truthy_falsehood,VERBATIM truth,2,3
informed,truthy_falsehood,GIST truth,4,3
informed,truthy_falsehood,VERBATIM truth,2,3
informed,truthy_falsehood,GIST truth,5,3
informed,truthy_falsehood,VERBATIM truth,2,3
informed,truthy_falsehood,GIST truth,4,3
informed,truthy_falsehood,VERBATIM truth,2,3
informed,truthy_falsehood,GIST truth,4,3
informed,truthy_falsehood,VERBATIM truth,2,3
informed,truthy_falsehood,GIST truth,4,3
informed,truthy_falsehood,VERBATIM truth,2,3
informed,truthy_falsehood,GIST truth,5,3
informed,truthy_falsehood,VERBATIM truth,2,3
informed,truthy_falsehood,GIST truth,5,3
informed,truthy_falsehood,VERBATIM truth,2,3
informed,truthy_falsehood,GIST truth,5,3
informed,truthy_falsehood,VERBATIM truth,2,3
informed,truthy_falsehood,GIST truth,5,2
informed,truthy_falsehood,VERBATIM truth,2,2
informed,truthy_falsehood,GIST truth,5,1
informed,truthy_falsehood,VERBATIM truth,2,1
informed,truthy_falsehood,GIST truth,5,1
informed,truthy_falsehood,VERBATIM truth,2,1
informed,truthy_falsehood,GIST truth,5,2
informed,truthy_falsehood,VERBATIM truth,2,2
informed,truthy_falsehood,GIST truth,5,1
informed,truthy_falsehood,VERBATIM truth,2,1
informed,truthy_falsehood,GIST truth,5,1
informed,truthy_falsehood,VERBATIM truth,2,1
informed,truthy_falsehood,GIST truth,3,2
informed,truthy_falsehood,VERBATIM truth,2,2
informed,truthy_falsehood,GIST truth,3,1
informed,truthy_falsehood,VERBATIM truth,2,1
informed,truthy_falsehood,GIST truth,5,1
informed,truthy_falsehood,VERBATIM truth,2,1
informed,truthy_falsehood,GIST truth,5,2
informed,truthy_falsehood,VERBATIM truth,2,2
informed,blatant_falsehood,GIST truth,1,6
informed,blatant_falsehood,VERBATIM truth,1,6
informed,blatant_falsehood,GIST truth,1,6
informed,blatant_falsehood,VERBATIM truth,1,6
informed,blatant_falsehood,GIST truth,1,6
informed,blatant_falsehood,VERBATIM truth,1,6
informed,blatant_falsehood,GIST truth,1,6
informed,blatant_falsehood,VERBATIM truth,1,6
informed,blatant_falsehood,GIST truth,1,6
informed,blatant_falsehood,VERBATIM truth,1,6
informed,blatant_falsehood,GIST truth,1,6
informed,blatant_falsehood,VERBATIM truth,1,6
informed,blatant_falsehood,GIST truth,1,6
informed,blatant_falsehood,VERBATIM truth,1,6
informed,blatant_falsehood,GIST truth,1,6
informed,blatant_falsehood,VERBATIM truth,1,6
informed,blatant_falsehood,GIST truth,1,6
informed,blatant_falsehood,VERBATIM truth,1,6
informed,blatant_falsehood,GIST truth,1,6
informed,blatant_falsehood,VERBATIM truth,1,6
informed,blatant_falsehood,GIST truth,1,6
informed,blatant_falsehood,VERBATIM truth,1,6
informed,blatant_falsehood,GIST truth,1,6
informed,blatant_falsehood,VERBATIM truth,1,6
informed,blatant_falsehood,GIST truth,1,6
informed,blatant_falsehood,VERBATIM truth,1,6
informed,blatant_falsehood,GIST truth,1,6
informed,blatant_falsehood,VERBATIM truth,1,6
informed,blatant_falsehood,GIST truth,1,6
informed,blatant_falsehood,VERBATIM truth,1,6
informed,blatant_falsehood,GIST truth,1,6
informed,blatant_falsehood,VERBATIM truth,1,6
informed,blatant_falsehood,GIST truth,1,6
informed,blatant_falsehood,VERBATIM truth,1,6
informed,blatant_falsehood,GIST truth,1,6
informed,blatant_falsehood,VERBATIM truth,1,6
informed,blatant_falsehood,GIST truth,1,5
informed,blatant_falsehood,VERBATIM truth,1,5
informed,blatant_falsehood,GIST truth,1,6
informed,blatant_falsehood,VERBATIM truth,1,6
informed,blatant_falsehood,GIST truth,1,7
informed,blatant_falsehood,VERBATIM truth,1,7
informed,blatant_falsehood,GIST truth,1,7
informed,blatant_falsehood,VERBATIM truth,1,7
informed,blatant_falsehood,GIST truth,1,7
informed,blatant_falsehood,VERBATIM truth,1,7
informed,blatant_falsehood,GIST truth,1,7
informed,blatant_falsehood,VERBATIM truth,1,7
informed,blatant_falsehood,GIST truth,1,7
informed,blatant_falsehood,VERBATIM truth,1,7
informed,blatant_falsehood,GIST truth,1,7
informed,blatant_falsehood,VERBATIM truth,1,7
informed,blatant_falsehood,GIST truth,1,7
informed,blatant_falsehood,VERBATIM truth,1,7
informed,blatant_falsehood,GIST truth,1,7
informed,blatant_falsehood,VERBATIM truth,1,7
informed,blatant_falsehood,GIST truth,1,7
informed,blatant_falsehood,VERBATIM truth,1,7
informed,blatant_falsehood,GIST truth,1,7
informed,blatant_falsehood,VERBATIM truth,1,7
informed,fully_true,GIST truth,7,1
informed,fully_true,VERBATIM truth,7,1
informed,fully_true,GIST truth,7,1
informed,fully_true,VERBATIM truth,7,1
informed,fully_true,GIST truth,7,1
informed,fully_true,VERBATIM truth,7,1
informed,fully_true,GIST truth,7,1
informed,fully_true,VERBATIM truth,7,1
informed,fully_true,GIST truth,7,1
informed,fully_true,VERBATIM truth,7,1
informed,fully_true,GIST truth,7,1
informed,fully_true,VERBATIM truth,7,1
informed,fully_true,GIST truth,7,1
informed,fully_true,VERBATIM truth,7,1
informed,fully_true,GIST truth,7,1
informed,fully_true,VERBATIM truth,7,1
informed,fully_true,GIST truth,7,1
informed,fully_true,VERBATIM truth,7,1
informed,fully_true,GIST truth,7,1
informed,fully_true,VERBATIM truth,7,1
informed,fully_true,GIST truth,7,1
informed,fully_true,VERBATIM truth,7,1
informed,fully_true,GIST truth,7,1
informed,fully_true,VERBATIM truth,7,1
informed,fully_true,GIST truth,7,1
informed,fully_true,VERBATIM truth,7,1
informed,fully_true,GIST truth,7,1
informed,fully_true,VERBATIM truth,7,1
informed,fully_true,GIST truth,7,1
informed,fully_true,VERBATIM truth,7,1
informed,fully_true,GIST truth,7,1
informed,fully_true,VERBATIM truth,7,1
informed,fully_true,GIST truth,7,1
informed,fully_true,VERBATIM truth,7,1
informed,fully_true,GIST truth,7,1
informed,fully_true,VERBATIM truth,7,1
informed,fully_true,GIST truth,7,1
informed,fully_true,VERBATIM truth,7,1
informed,fully_true,GIST truth,7,1
informed,fully_true,VERBATIM truth,7,1
informed,fully_true,GIST truth,7,1
informed,fully_true,VERBATIM truth,7,1
informed,fully_true,GIST truth,7,1
informed,fully_true,VERBATIM truth,7,1
informed,fully_true,GIST truth,7,1
informed,fully_true,VERBATIM truth,7,1
informed,fully_true,GIST truth,7,1
informed,fully_true,VERBATIM truth,7,1
informed,fully_true,GIST truth,7,1
informed,fully_true,VERBATIM truth,7,1
informed,fully_true,GIST truth,7,1
informed,fully_true,VERBATIM truth,7,1
informed,fully_true,GIST truth,7,1
informed,fully_true,VERBATIM truth,7,1
informed,fully_true,GIST truth,7,1
informed,fully_true,VERBATIM truth,7,1
informed,fully_true,GIST truth,7,1
informed,fully_true,VERBATIM truth,7,1
informed,fully_true,GIST truth,7,1
informed,fully_true,VERBATIM truth,7,1
informed,palter,GIST truth,2,4
informed,palter,VERBATIM truth,7,4
informed,palter,GIST truth,2,3
informed,palter,VERBATIM truth,6,3
informed,palter,GIST truth,2,3
informed,palter,VERBATIM truth,7,3
informed,palter,GIST truth,2,4
informed,palter,VERBATIM truth,6,4
informed,palter,GIST truth,2,3
informed,palter,VERBATIM truth,6,3
informed,palter,GIST truth,2,3
informed,palter,VERBATIM truth,6,3
informed,palter,GIST truth,2,4
informed,palter,VERBATIM truth,6,4
informed,palter,GIST truth,2,3
informed,palter,VERBATIM truth,6,3
informed,palter,GIST truth,2,3
informed,palter,VERBATIM truth,7,3
informed,palter,GIST truth,2,4
informed,palter,VERBATIM truth,7,4
informed,palter,GIST truth,2,5
informed,palter,VERBATIM truth,6,5
informed,palter,GIST truth,2,5
informed,palter,VERBATIM truth,6,5
informed,palter,GIST truth,2,5
informed,palter,VERBATIM truth,6,5
informed,palter,GIST truth,2,5
informed,palter,VERBATIM truth,6,5
informed,palter,GIST truth,2,5
informed,palter,VERBATIM truth,6,5
informed,palter,GIST truth,2,5
informed,palter,VERBATIM truth,6,5
informed,palter,GIST truth,2,5
informed,palter,VERBATIM truth,6,5
informed,palter,GIST truth,2,5
informed,palter,VERBATIM truth,6,5
informed,palter,GIST truth,2,5
informed,palter,VERBATIM truth,6,5
informed,palter,GIST truth,2,5
informed,palter,VERBATIM truth,6,5
informed,palter,GIST truth,2,5
informed,palter,VERBATIM truth,7,5
informed,palter,GIST truth,2,4
informed,palter,VERBATIM truth,7,4
informed,palter,GIST truth,2,5
informed,palter,VERBATIM truth,7,5
informed,palter,GIST truth,2,5
informed,palter,VERBATIM truth,7,5
informed,palter,GIST truth,2,4
informed,palter,VERBATIM truth,7,4
informed,palter,GIST truth,2,4
informed,palter,VERBATIM truth,7,4
informed,palter,GIST truth,2,5
informed,palter,VERBATIM truth,7,5
informed,palter,GIST truth,2,5
informed,palter,VERBATIM truth,7,5
informed,palter,GIST truth,2,2
informed,palter,VERBATIM truth,7,2
informed,palter,GIST truth,2,5
informed,palter,VERBATIM truth,7,5
informed,truthy_falsehood,GIST truth,6,1
informed,truthy_falsehood,VERBATIM truth,4,1
informed,truthy_falsehood,GIST truth,6,1
informed,truthy_falsehood,VERBATIM truth,5,1
informed,truthy_falsehood,GIST truth,7,1
informed,truthy_falsehood,VERBATIM truth,5,1
informed,truthy_falsehood,GIST truth,6,1
informed,truthy_falsehood,VERBATIM truth,4,1
informed,truthy_falsehood,GIST truth,6,1
informed,truthy_falsehood,VERBATIM truth,5,1
informed,truthy_falsehood,GIST truth,7,1
informed,truthy_falsehood,VERBATIM truth,5,1
informed,truthy_falsehood,GIST truth,6,1
informed,truthy_falsehood,VERBATIM truth,4,1
informed,truthy_falsehood,GIST truth,6,1
informed,truthy_falsehood,VERBATIM truth,4,1
informed,truthy_falsehood,GIST truth,7,1
informed,truthy_falsehood,VERBATIM truth,5,1
informed,truthy_falsehood,GIST truth,6,1
informed,truthy_falsehood,VERBATIM truth,4,1
informed,truthy_falsehood,GIST truth,7,2
informed,truthy_falsehood,VERBATIM truth,5,2
informed,truthy_falsehood,GIST truth,6,2
informed,truthy_falsehood,VERBATIM truth,4,2
informed,truthy_falsehood,GIST truth,6,2
informed,truthy_falsehood,VERBATIM truth,4,2
informed,truthy_falsehood,GIST truth,7,2
informed,truthy_falsehood,VERBATIM truth,5,2
informed,truthy_falsehood,GIST truth,6,2
informed,truthy_falsehood,VERBATIM truth,5,2
informed,truthy_falsehood,GIST truth,7,2
informed,truthy_falsehood,VERBATIM truth,4,2
informed,truthy_falsehood,GIST truth,6,2
informed,truthy_falsehood,VERBATIM truth,5,2
informed,truthy_falsehood,GIST truth,7,2
informed,truthy_falsehood,VERBATIM truth,4,2
informed,truthy_falsehood,GIST truth,6,3
informed,truthy_falsehood,VERBATIM truth,3,3
informed,truthy_falsehood,GIST truth,7,2
informed,truthy_falsehood,VERBATIM truth,5,2
informed,truthy_falsehood,GIST truth,7,1
informed,truthy_falsehood,VERBATIM truth,4,1
informed,truthy_falsehood,GIST truth,7,1
informed,truthy_falsehood,VERBATIM truth,4,1
informed,truthy_falsehood,GIST truth,7,1
informed,truthy_falsehood,VERBATIM truth,4,1
informed,truthy_falsehood,GIST truth,7,1
informed,truthy_falsehood,VERBATIM truth,4,1
informed,truthy_falsehood,GIST truth,7,1
informed,truthy_falsehood,VERBATIM truth,5,1
informed,truthy_falsehood,GIST truth,7,1
informed,truthy_falsehood,VERBATIM truth,4,1
informed,truthy_falsehood,GIST truth,7,1
informed,truthy_falsehood,VERBATIM truth,4,1
informed,truthy_falsehood,GIST truth,7,1
informed,truthy_falsehood,VERBATIM truth,5,1
informed,truthy_falsehood,GIST truth,7,1
informed,truthy_falsehood,VERBATIM truth,4,1
informed,truthy_falsehood,GIST truth,7,1
informed,truthy_falsehood,VERBATIM truth,4,1
informed,blatant_falsehood,GIST truth,1,5
informed,blatant_falsehood,VERBATIM truth,1,5
informed,blatant_falsehood,GIST truth,1,6
informed,blatant_falsehood,VERBATIM truth,1,6
informed,blatant_falsehood,GIST truth,1,6
informed,blatant_falsehood,VERBATIM truth,1,6
informed,blatant_falsehood,GIST truth,1,6
informed,blatant_falsehood,VERBATIM truth,1,6
informed,blatant_falsehood,GIST truth,1,5
informed,blatant_falsehood,VERBATIM truth,1,5
informed,blatant_falsehood,GIST truth,1,5
informed,blatant_falsehood,VERBATIM truth,1,5
informed,blatant_falsehood,GIST truth,1,5
informed,blatant_falsehood,VERBATIM truth,1,5
informed,blatant_falsehood,GIST truth,1,6
informed,blatant_falsehood,VERBATIM truth,1,6
informed,blatant_falsehood,GIST truth,1,5
informed,blatant_falsehood,VERBATIM truth,1,5
informed,blatant_falsehood,GIST truth,1,6
informed,blatant_falsehood,VERBATIM truth,1,6
informed,blatant_falsehood,GIST truth,1,6
informed,blatant_falsehood,VERBATIM truth,1,6
informed,blatant_falsehood,GIST truth,1,6
informed,blatant_falsehood,VERBATIM truth,1,6
informed,blatant_falsehood,GIST truth,1,6
informed,blatant_falsehood,VERBATIM truth,1,6
informed,blatant_falsehood,GIST truth,1,6
informed,blatant_falsehood,VERBATIM truth,1,6
informed,blatant_falsehood,GIST truth,1,6
informed,blatant_falsehood,VERBATIM truth,1,6
informed,blatant_falsehood,GIST truth,1,6
informed,blatant_falsehood,VERBATIM truth,1,6
informed,blatant_falsehood,GIST truth,1,6
informed,blatant_falsehood,VERBATIM truth,1,6
informed,blatant_falsehood,GIST truth,1,6
informed,blatant_falsehood,VERBATIM truth,1,6
informed,blatant_falsehood,GIST truth,1,6
informed,blatant_falsehood,VERBATIM truth,1,6
informed,blatant_falsehood,GIST truth,1,6
informed,blatant_falsehood,VERBATIM truth,1,6
informed,blatant_falsehood,GIST truth,1,1
informed,blatant_falsehood,VERBATIM truth,1,1
informed,blatant_falsehood,GIST truth,1,1
informed,blatant_falsehood,VERBATIM truth,1,1
informed,blatant_falsehood,GIST truth,1,1
informed,blatant_falsehood,VERBATIM truth,1,1
informed,blatant_falsehood,GIST truth,1,1
informed,blatant_falsehood,VERBATIM truth,1,1
informed,blatant_falsehood,GIST truth,1,1
informed,blatant_falsehood,VERBATIM truth,1,1
informed,blatant_falsehood,GIST truth,1,1
informed,blatant_falsehood,VERBATIM truth,1,1
informed,blatant_falsehood,GIST truth,1,1
informed,blatant_falsehood,VERBATIM truth,1,1
informed,blatant_falsehood,GIST truth,1,1
informed,blatant_falsehood,VERBATIM truth,1,1
informed,blatant_falsehood,GIST truth,1,1
informed,blatant_falsehood,VERBATIM truth,1,1
informed,blatant_falsehood,GIST truth,1,1
informed,blatant_falsehood,VERBATIM truth,1,1
informed,fully_true,GIST truth,7,1
informed,fully_true,VERBATIM truth,7,1
informed,fully_true,GIST truth,7,1
informed,fully_true,VERBATIM truth,7,1
informed,fully_true,GIST truth,7,1
informed,fully_true,VERBATIM truth,7,1
informed,fully_true,GIST truth,7,1
informed,fully_true,VERBATIM truth,7,1
informed,fully_true,GIST truth,7,1
informed,fully_true,VERBATIM truth,7,1
informed,fully_true,GIST truth,7,1
informed,fully_true,VERBATIM truth,7,1
informed,fully_true,GIST truth,7,1
informed,fully_true,VERBATIM truth,7,1
informed,fully_true,GIST truth,7,1
informed,fully_true,VERBATIM truth,7,1
informed,fully_true,GIST truth,7,1
informed,fully_true,VERBATIM truth,7,1
informed,fully_true,GIST truth,7,1
informed,fully_true,VERBATIM truth,7,1
informed,fully_true,GIST truth,7,1
informed,fully_true,VERBATIM truth,7,1
informed,fully_true,GIST truth,7,1
informed,fully_true,VERBATIM truth,7,1
informed,fully_true,GIST truth,7,1
informed,fully_true,VERBATIM truth,6,1
informed,fully_true,GIST truth,7,1
informed,fully_true,VERBATIM truth,7,1
informed,fully_true,GIST truth,7,1
informed,fully_true,VERBATIM truth,7,1
informed,fully_true,GIST truth,7,1
informed,fully_true,VERBATIM truth,7,1
informed,fully_true,GIST truth,7,1
informed,fully_true,VERBATIM truth,7,1
informed,fully_true,GIST truth,7,1
informed,fully_true,VERBATIM truth,7,1
informed,fully_true,GIST truth,7,1
informed,fully_true,VERBATIM truth,6,1
informed,fully_true,GIST truth,7,1
informed,fully_true,VERBATIM truth,7,1
informed,fully_true,GIST truth,7,1
informed,fully_true,VERBATIM truth,7,1
informed,fully_true,GIST truth,7,1
informed,fully_true,VERBATIM truth,7,1
informed,fully_true,GIST truth,7,1
informed,fully_true,VERBATIM truth,7,1
informed,fully_true,GIST truth,7,1
informed,fully_true,VERBATIM truth,7,1
informed,fully_true,GIST truth,7,1
informed,fully_true,VERBATIM truth,7,1
informed,fully_true,GIST truth,7,1
informed,fully_true,VERBATIM truth,7,1
informed,fully_true,GIST truth,7,1
informed,fully_true,VERBATIM truth,7,1
informed,fully_true,GIST truth,7,1
informed,fully_true,VERBATIM truth,7,1
informed,fully_true,GIST truth,7,1
informed,fully_true,VERBATIM truth,7,1
informed,fully_true,GIST truth,7,1
informed,fully_true,VERBATIM truth,7,1
informed,palter,GIST truth,3,2
informed,palter,VERBATIM truth,6,2
informed,palter,GIST truth,4,2
informed,palter,VERBATIM truth,6,2
informed,palter,GIST truth,3,2
informed,palter,VERBATIM truth,6,2
informed,palter,GIST truth,3,2
informed,palter,VERBATIM truth,6,2
informed,palter,GIST truth,3,2
informed,palter,VERBATIM truth,7,2
informed,palter,GIST truth,4,2
informed,palter,VERBATIM truth,6,2
informed,palter,GIST truth,3,2
informed,palter,VERBATIM truth,6,2
informed,palter,GIST truth,3,2
informed,palter,VERBATIM truth,6,2
informed,palter,GIST truth,3,2
informed,palter,VERBATIM truth,6,2
informed,palter,GIST truth,4,2
informed,palter,VERBATIM truth,7,2
informed,palter,GIST truth,2,5
informed,palter,VERBATIM truth,5,5
informed,palter,GIST truth,2,5
informed,palter,VERBATIM truth,6,5
informed,palter,GIST truth,2,5
informed,palter,VERBATIM truth,5,5
informed,palter,GIST truth,2,5
informed,palter,VERBATIM truth,5,5
informed,palter,GIST truth,2,5
informed,palter,VERBATIM truth,5,5
informed,palter,GIST truth,2,5
informed,palter,VERBATIM truth,6,5
informed,palter,GIST truth,2,5
informed,palter,VERBATIM truth,6,5
informed,palter,GIST truth,2,5
informed,palter,VERBATIM truth,5,5
informed,palter,GIST truth,2,5
informed,palter,VERBATIM truth,5,5
informed,palter,GIST truth,2,5
informed,palter,VERBATIM truth,5,5
informed,palter,GIST truth,4,1
informed,palter,VERBATIM truth,7,1
informed,palter,GIST truth,7,1
informed,palter,VERBATIM truth,7,1
informed,palter,GIST truth,7,1
informed,palter,VERBATIM truth,7,1
informed,palter,GIST truth,7,1
informed,palter,VERBATIM truth,7,1
informed,palter,GIST truth,7,1
informed,palter,VERBATIM truth,7,1
informed,palter,GIST truth,7,1
informed,palter,VERBATIM truth,7,1
informed,palter,GIST truth,7,1
informed,palter,VERBATIM truth,7,1
informed,palter,GIST truth,4,1
informed,palter,VERBATIM truth,7,1
informed,palter,GIST truth,4,2
informed,palter,VERBATIM truth,7,2
informed,palter,GIST truth,7,1
informed,palter,VERBATIM truth,7,1
informed,truthy_falsehood,GIST truth,6,2
informed,truthy_falsehood,VERBATIM truth,2,2
informed,truthy_falsehood,GIST truth,6,2
informed,truthy_falsehood,VERBATIM truth,2,2
informed,truthy_falsehood,GIST truth,6,2
informed,truthy_falsehood,VERBATIM truth,3,2
informed,truthy_falsehood,GIST truth,6,2
informed,truthy_falsehood,VERBATIM truth,3,2
informed,truthy_falsehood,GIST truth,6,1
informed,truthy_falsehood,VERBATIM truth,3,1
informed,truthy_falsehood,GIST truth,5,2
informed,truthy_falsehood,VERBATIM truth,2,2
informed,truthy_falsehood,GIST truth,5,2
informed,truthy_falsehood,VERBATIM truth,3,2
informed,truthy_falsehood,GIST truth,6,2
informed,truthy_falsehood,VERBATIM truth,3,2
informed,truthy_falsehood,GIST truth,6,2
informed,truthy_falsehood,VERBATIM truth,3,2
informed,truthy_falsehood,GIST truth,5,2
informed,truthy_falsehood,VERBATIM truth,2,2
informed,truthy_falsehood,GIST truth,5,3
informed,truthy_falsehood,VERBATIM truth,2,3
informed,truthy_falsehood,GIST truth,5,3
informed,truthy_falsehood,VERBATIM truth,2,3
informed,truthy_falsehood,GIST truth,5,3
informed,truthy_falsehood,VERBATIM truth,2,3
informed,truthy_falsehood,GIST truth,5,3
informed,truthy_falsehood,VERBATIM truth,2,3
informed,truthy_falsehood,GIST truth,5,3
informed,truthy_falsehood,VERBATIM truth,2,3
informed,truthy_falsehood,GIST truth,5,3
informed,truthy_falsehood,VERBATIM truth,2,3
informed,truthy_falsehood,GIST truth,5,3
informed,truthy_falsehood,VERBATIM truth,2,3
informed,truthy_falsehood,GIST truth,5,3
informed,truthy_falsehood,VERBATIM truth,2,3
informed,truthy_falsehood,GIST truth,5,3
informed,truthy_falsehood,VERBATIM truth,2,3
informed,truthy_falsehood,GIST truth,5,3
informed,truthy_falsehood,VERBATIM truth,2,3
informed,truthy_falsehood,GIST truth,5,1
informed,truthy_falsehood,VERBATIM truth,2,1
informed,truthy_falsehood,GIST truth,5,2
informed,truthy_falsehood,VERBATIM truth,2,2
informed,truthy_falsehood,GIST truth,6,1
informed,truthy_falsehood,VERBATIM truth,2,1
informed,truthy_falsehood,GIST truth,6,1
informed,truthy_falsehood,VERBATIM truth,3,1
informed,truthy_falsehood,GIST truth,6,1
informed,truthy_falsehood,VERBATIM truth,3,1
informed,truthy_falsehood,GIST truth,6,1
informed,truthy_falsehood,VERBATIM truth,2,1
informed,truthy_falsehood,GIST truth,5,2
informed,truthy_falsehood,VERBATIM truth,2,2
informed,truthy_falsehood,GIST truth,5,2
informed,truthy_falsehood,VERBATIM truth,2,2
informed,truthy_falsehood,GIST truth,6,1
informed,truthy_falsehood,VERBATIM truth,2,1
informed,truthy_falsehood,GIST truth,6,1
informed,truthy_falsehood,VERBATIM truth,3,1
informed,blatant_falsehood,GIST truth,1,6
informed,blatant_falsehood,VERBATIM truth,1,6
informed,blatant_falsehood,GIST truth,1,6
informed,blatant_falsehood,VERBATIM truth,1,6
informed,blatant_falsehood,GIST truth,1,6
informed,blatant_falsehood,VERBATIM truth,1,6
informed,blatant_falsehood,GIST truth,1,6
informed,blatant_falsehood,VERBATIM truth,1,6
informed,blatant_falsehood,GIST truth,1,6
informed,blatant_falsehood,VERBATIM truth,1,6
informed,blatant_falsehood,GIST truth,1,6
informed,blatant_falsehood,VERBATIM truth,1,6
informed,blatant_falsehood,GIST truth,1,6
informed,blatant_falsehood,VERBATIM truth,1,6
informed,blatant_falsehood,GIST truth,1,6
informed,blatant_falsehood,VERBATIM truth,1,6
informed,blatant_falsehood,GIST truth,1,6
informed,blatant_falsehood,VERBATIM truth,1,6
informed,blatant_falsehood,GIST truth,1,6
informed,blatant_falsehood,VERBATIM truth,1,6
informed,blatant_falsehood,GIST truth,1,6
informed,blatant_falsehood,VERBATIM truth,1,6
informed,blatant_falsehood,GIST truth,1,6
informed,blatant_falsehood,VERBATIM truth,1,6
informed,blatant_falsehood,GIST truth,1,6
informed,blatant_falsehood,VERBATIM truth,1,6
informed,blatant_falsehood,GIST truth,1,6
informed,blatant_falsehood,VERBATIM truth,1,6
informed,blatant_falsehood,GIST truth,1,6
informed,blatant_falsehood,VERBATIM truth,1,6
informed,blatant_falsehood,GIST truth,1,6
informed,blatant_falsehood,VERBATIM truth,1,6
informed,blatant_falsehood,GIST truth,1,6
informed,blatant_falsehood,VERBATIM truth,1,6
informed,blatant_falsehood,GIST truth,1,6
informed,blatant_falsehood,VERBATIM truth,1,6
informed,blatant_falsehood,GIST truth,1,6
informed,blatant_falsehood,VERBATIM truth,1,6
informed,blatant_falsehood,GIST truth,1,6
informed,blatant_falsehood,VERBATIM truth,1,6
informed,blatant_falsehood,GIST truth,1,4
informed,blatant_falsehood,VERBATIM truth,1,4
informed,blatant_falsehood,GIST truth,1,5
informed,blatant_falsehood,VERBATIM truth,1,5
informed,blatant_falsehood,GIST truth,1,1
informed,blatant_falsehood,VERBATIM truth,1,1
informed,blatant_falsehood,GIST truth,1,5
informed,blatant_falsehood,VERBATIM truth,1,5
informed,blatant_falsehood,GIST truth,1,1
informed,blatant_falsehood,VERBATIM truth,1,1
informed,blatant_falsehood,GIST truth,1,4
informed,blatant_falsehood,VERBATIM truth,1,4
informed,blatant_falsehood,GIST truth,1,1
informed,blatant_falsehood,VERBATIM truth,1,1
informed,blatant_falsehood,GIST truth,1,4
informed,blatant_falsehood,VERBATIM truth,1,4
informed,blatant_falsehood,GIST truth,1,1
informed,blatant_falsehood,VERBATIM truth,1,1
informed,blatant_falsehood,GIST truth,1,4
informed,blatant_falsehood,VERBATIM truth,1,4
informed,fully_true,GIST truth,6,1
informed,fully_true,VERBATIM truth,4,1
informed,fully_true,GIST truth,6,2
informed,fully_true,VERBATIM truth,5,2
informed,fully_true,GIST truth,5,2
informed,fully_true,VERBATIM truth,5,2
informed,fully_true,GIST truth,6,2
informed,fully_true,VERBATIM truth,5,2
informed,fully_true,GIST truth,6,2
informed,fully_true,VERBATIM truth,5,2
informed,fully_true,GIST truth,6,2
informed,fully_true,VERBATIM truth,4,2
informed,fully_true,GIST truth,5,2
informed,fully_true,VERBATIM truth,4,2
informed,fully_true,GIST truth,6,2
informed,fully_true,VERBATIM truth,4,2
informed,fully_true,GIST truth,6,2
informed,fully_true,VERBATIM truth,5,2
informed,fully_true,GIST truth,6,2
informed,fully_true,VERBATIM truth,5,2
informed,fully_true,GIST truth,6,2
informed,fully_true,VERBATIM truth,6,2
informed,fully_true,GIST truth,6,2
informed,fully_true,VERBATIM truth,6,2
informed,fully_true,GIST truth,5,3
informed,fully_true,VERBATIM truth,6,3
informed,fully_true,GIST truth,6,2
informed,fully_true,VERBATIM truth,6,2
informed,fully_true,GIST truth,6,2
informed,fully_true,VERBATIM truth,6,2
informed,fully_true,GIST truth,6,2
informed,fully_true,VERBATIM truth,6,2
informed,fully_true,GIST truth,6,2
informed,fully_true,VERBATIM truth,6,2
informed,fully_true,GIST truth,6,2
informed,fully_true,VERBATIM truth,6,2
informed,fully_true,GIST truth,5,3
informed,fully_true,VERBATIM truth,6,3
informed,fully_true,GIST truth,6,2
informed,fully_true,VERBATIM truth,6,2
informed,fully_true,GIST truth,7,1
informed,fully_true,VERBATIM truth,7,1
informed,fully_true,GIST truth,7,1
informed,fully_true,VERBATIM truth,7,1
informed,fully_true,GIST truth,7,1
informed,fully_true,VERBATIM truth,7,1
informed,fully_true,GIST truth,7,1
informed,fully_true,VERBATIM truth,7,1
informed,fully_true,GIST truth,7,1
informed,fully_true,VERBATIM truth,7,1
informed,fully_true,GIST truth,7,1
informed,fully_true,VERBATIM truth,7,1
informed,fully_true,GIST truth,7,1
informed,fully_true,VERBATIM truth,7,1
informed,fully_true,GIST truth,7,1
informed,fully_true,VERBATIM truth,7,1
informed,fully_true,GIST truth,7,1
informed,fully_true,VERBATIM truth,7,1
informed,fully_true,GIST truth,7,1
informed,fully_true,VERBATIM truth,7,1
informed,palter,GIST truth,2,3
informed,palter,VERBATIM truth,6,3
informed,palter,GIST truth,2,2
informed,palter,VERBATIM truth,6,2
informed,palter,GIST truth,2,3
informed,palter,VERBATIM truth,6,3
informed,palter,GIST truth,3,2
informed,palter,VERBATIM truth,6,2
informed,palter,GIST truth,2,2
informed,palter,VERBATIM truth,6,2
informed,palter,GIST truth,2,2
informed,palter,VERBATIM truth,6,2
informed,palter,GIST truth,3,2
informed,palter,VERBATIM truth,6,2
informed,palter,GIST truth,2,3
informed,palter,VERBATIM truth,6,3
informed,palter,GIST truth,2,2
informed,palter,VERBATIM truth,6,2
informed,palter,GIST truth,3,2
informed,palter,VERBATIM truth,6,2
informed,palter,GIST truth,2,4
informed,palter,VERBATIM truth,6,4
informed,palter,GIST truth,2,4
informed,palter,VERBATIM truth,6,4
informed,palter,GIST truth,2,4
informed,palter,VERBATIM truth,6,4
informed,palter,GIST truth,2,4
informed,palter,VERBATIM truth,6,4
informed,palter,GIST truth,2,4
informed,palter,VERBATIM truth,6,4
informed,palter,GIST truth,2,4
informed,palter,VERBATIM truth,6,4
informed,palter,GIST truth,2,5
informed,palter,VERBATIM truth,6,5
informed,palter,GIST truth,2,4
informed,palter,VERBATIM truth,6,4
informed,palter,GIST truth,2,4
informed,palter,VERBATIM truth,6,4
informed,palter,GIST truth,2,4
informed,palter,VERBATIM truth,6,4
informed,palter,GIST truth,2,1
informed,palter,VERBATIM truth,7,1
informed,palter,GIST truth,2,1
informed,palter,VERBATIM truth,7,1
informed,palter,GIST truth,2,1
informed,palter,VERBATIM truth,7,1
informed,palter,GIST truth,2,1
informed,palter,VERBATIM truth,7,1
informed,palter,GIST truth,2,1
informed,palter,VERBATIM truth,7,1
informed,palter,GIST truth,2,1
informed,palter,VERBATIM truth,7,1
informed,palter,GIST truth,2,1
informed,palter,VERBATIM truth,7,1
informed,palter,GIST truth,2,1
informed,palter,VERBATIM truth,7,1
informed,palter,GIST truth,2,1
informed,palter,VERBATIM truth,7,1
informed,palter,GIST truth,2,1
informed,palter,VERBATIM truth,7,1
informed,truthy_falsehood,GIST truth,3,2
informed,truthy_falsehood,VERBATIM truth,1,2
informed,truthy_falsehood,GIST truth,2,2
informed,truthy_falsehood,VERBATIM truth,1,2
informed,truthy_falsehood,GIST truth,2,2
informed,truthy_falsehood,VERBATIM truth,1,2
informed,truthy_falsehood,GIST truth,3,3
informed,truthy_falsehood,VERBATIM truth,1,3
informed,truthy_falsehood,GIST truth,2,3
informed,truthy_falsehood,VERBATIM truth,1,3
informed,truthy_falsehood,GIST truth,2,2
informed,truthy_falsehood,VERBATIM truth,1,2
informed,truthy_falsehood,GIST truth,2,2
informed,truthy_falsehood,VERBATIM truth,1,2
informed,truthy_falsehood,GIST truth,2,2
informed,truthy_falsehood,VERBATIM truth,1,2
informed,truthy_falsehood,GIST truth,2,2
informed,truthy_falsehood,VERBATIM truth,1,2
informed,truthy_falsehood,GIST truth,2,2
informed,truthy_falsehood,VERBATIM truth,1,2
informed,truthy_falsehood,GIST truth,3,3
informed,truthy_falsehood,VERBATIM truth,2,3
informed,truthy_falsehood,GIST truth,3,3
informed,truthy_falsehood,VERBATIM truth,2,3
informed,truthy_falsehood,GIST truth,3,3
informed,truthy_falsehood,VERBATIM truth,2,3
informed,truthy_falsehood,GIST truth,3,3
informed,truthy_falsehood,VERBATIM truth,2,3
informed,truthy_falsehood,GIST truth,3,3
informed,truthy_falsehood,VERBATIM truth,2,3
informed,truthy_falsehood,GIST truth,3,3
informed,truthy_falsehood,VERBATIM truth,2,3
informed,truthy_falsehood,GIST truth,3,3
informed,truthy_falsehood,VERBATIM truth,2,3
informed,truthy_falsehood,GIST truth,3,3
informed,truthy_falsehood,VERBATIM truth,2,3
informed,truthy_falsehood,GIST truth,3,3
informed,truthy_falsehood,VERBATIM truth,2,3
informed,truthy_falsehood,GIST truth,3,3
informed,truthy_falsehood,VERBATIM truth,2,3
informed,truthy_falsehood,GIST truth,3,1
informed,truthy_falsehood,VERBATIM truth,2,1
informed,truthy_falsehood,GIST truth,5,1
informed,truthy_falsehood,VERBATIM truth,2,1
informed,truthy_falsehood,GIST truth,3,1
informed,truthy_falsehood,VERBATIM truth,2,1
informed,truthy_falsehood,GIST truth,5,1
informed,truthy_falsehood,VERBATIM truth,2,1
informed,truthy_falsehood,GIST truth,5,1
informed,truthy_falsehood,VERBATIM truth,2,1
informed,truthy_falsehood,GIST truth,5,1
informed,truthy_falsehood,VERBATIM truth,3,1
informed,truthy_falsehood,GIST truth,3,1
informed,truthy_falsehood,VERBATIM truth,2,1
informed,truthy_falsehood,GIST truth,5,1
informed,truthy_falsehood,VERBATIM truth,2,1
informed,truthy_falsehood,GIST truth,5,1
informed,truthy_falsehood,VERBATIM truth,2,1
informed,truthy_falsehood,GIST truth,5,1
informed,truthy_falsehood,VERBATIM truth,2,1
informed,blatant_falsehood,GIST truth,1,5
informed,blatant_falsehood,VERBATIM truth,1,5
informed,blatant_falsehood,GIST truth,1,5
informed,blatant_falsehood,VERBATIM truth,1,5
informed,blatant_falsehood,GIST truth,1,5
informed,blatant_falsehood,VERBATIM truth,1,5
informed,blatant_falsehood,GIST truth,1,5
informed,blatant_falsehood,VERBATIM truth,1,5
informed,blatant_falsehood,GIST truth,1,3
informed,blatant_falsehood,VERBATIM truth,1,3
informed,blatant_falsehood,GIST truth,1,3
informed,blatant_falsehood,VERBATIM truth,1,3
informed,blatant_falsehood,GIST truth,1,3
informed,blatant_falsehood,VERBATIM truth,1,3
informed,blatant_falsehood,GIST truth,1,5
informed,blatant_falsehood,VERBATIM truth,1,5
informed,blatant_falsehood,GIST truth,1,5
informed,blatant_falsehood,VERBATIM truth,1,5
informed,blatant_falsehood,GIST truth,1,4
informed,blatant_falsehood,VERBATIM truth,1,4
informed,blatant_falsehood,GIST truth,1,6
informed,blatant_falsehood,VERBATIM truth,1,6
informed,blatant_falsehood,GIST truth,1,6
informed,blatant_falsehood,VERBATIM truth,1,6
informed,blatant_falsehood,GIST truth,1,6
informed,blatant_falsehood,VERBATIM truth,1,6
informed,blatant_falsehood,GIST truth,1,6
informed,blatant_falsehood,VERBATIM truth,1,6
informed,blatant_falsehood,GIST truth,1,6
informed,blatant_falsehood,VERBATIM truth,1,6
informed,blatant_falsehood,GIST truth,1,6
informed,blatant_falsehood,VERBATIM truth,1,6
informed,blatant_falsehood,GIST truth,1,6
informed,blatant_falsehood,VERBATIM truth,1,6
informed,blatant_falsehood,GIST truth,1,6
informed,blatant_falsehood,VERBATIM truth,1,6
informed,blatant_falsehood,GIST truth,1,6
informed,blatant_falsehood,VERBATIM truth,1,6
informed,blatant_falsehood,GIST truth,1,6
informed,blatant_falsehood,VERBATIM truth,1,6
informed,blatant_falsehood,GIST truth,1,1
informed,blatant_falsehood,VERBATIM truth,1,1
informed,blatant_falsehood,GIST truth,1,1
informed,blatant_falsehood,VERBATIM truth,1,1
informed,blatant_falsehood,GIST truth,1,1
informed,blatant_falsehood,VERBATIM truth,1,1
informed,blatant_falsehood,GIST truth,1,1
informed,blatant_falsehood,VERBATIM truth,1,1
informed,blatant_falsehood,GIST truth,1,1
informed,blatant_falsehood,VERBATIM truth,1,1
informed,blatant_falsehood,GIST truth,1,1
informed,blatant_falsehood,VERBATIM truth,1,1
informed,blatant_falsehood,GIST truth,1,1
informed,blatant_falsehood,VERBATIM truth,1,1
informed,blatant_falsehood,GIST truth,1,1
informed,blatant_falsehood,VERBATIM truth,1,1
informed,blatant_falsehood,GIST truth,1,1
informed,blatant_falsehood,VERBATIM truth,1,1
informed,blatant_falsehood,GIST truth,1,1
informed,blatant_falsehood,VERBATIM truth,1,1
informed,fully_true,GIST truth,7,1
informed,fully_true,VERBATIM truth,7,1
informed,fully_true,GIST truth,7,1
informed,fully_true,VERBATIM truth,7,1
informed,fully_true,GIST truth,7,1
informed,fully_true,VERBATIM truth,7,1
informed,fully_true,GIST truth,7,1
informed,fully_true,VERBATIM truth,7,1
informed,fully_true,GIST truth,7,1
informed,fully_true,VERBATIM truth,7,1
informed,fully_true,GIST truth,7,1
informed,fully_true,VERBATIM truth,7,1
informed,fully_true,GIST truth,7,1
informed,fully_true,VERBATIM truth,7,1
informed,fully_true,GIST truth,7,1
informed,fully_true,VERBATIM truth,7,1
informed,fully_true,GIST truth,7,1
informed,fully_true,VERBATIM truth,7,1
informed,fully_true,GIST truth,7,1
informed,fully_true,VERBATIM truth,7,1
informed,fully_true,GIST truth,7,1
informed,fully_true,VERBATIM truth,7,1
informed,fully_true,GIST truth,7,1
informed,fully_true,VERBATIM truth,7,1
informed,fully_true,GIST truth,7,1
informed,fully_true,VERBATIM truth,7,1
informed,fully_true,GIST truth,7,1
informed,fully_true,VERBATIM truth,7,1
informed,fully_true,GIST truth,7,1
informed,fully_true,VERBATIM truth,7,1
informed,fully_true,GIST truth,7,1
informed,fully_true,VERBATIM truth,7,1
informed,fully_true,GIST truth,7,1
informed,fully_true,VERBATIM truth,7,1
informed,fully_true,GIST truth,7,1
informed,fully_true,VERBATIM truth,7,1
informed,fully_true,GIST truth,7,1
informed,fully_true,VERBATIM truth,7,1
informed,fully_true,GIST truth,7,1
informed,fully_true,VERBATIM truth,7,1
informed,fully_true,GIST truth,7,1
informed,fully_true,VERBATIM truth,7,1
informed,fully_true,GIST truth,7,1
informed,fully_true,VERBATIM truth,7,1
informed,fully_true,GIST truth,7,1
informed,fully_true,VERBATIM truth,7,1
informed,fully_true,GIST truth,7,1
informed,fully_true,VERBATIM truth,7,1
informed,fully_true,GIST truth,7,1
informed,fully_true,VERBATIM truth,7,1
informed,fully_true,GIST truth,7,1
informed,fully_true,VERBATIM truth,7,1
informed,fully_true,GIST truth,7,1
informed,fully_true,VERBATIM truth,7,1
informed,fully_true,GIST truth,7,1
informed,fully_true,VERBATIM truth,7,1
informed,fully_true,GIST truth,7,1
informed,fully_true,VERBATIM truth,7,1
informed,fully_true,GIST truth,7,1
informed,fully_true,VERBATIM truth,7,1
informed,palter,GIST truth,3,3
informed,palter,VERBATIM truth,7,3
informed,palter,GIST truth,3,3
informed,palter,VERBATIM truth,6,3
informed,palter,GIST truth,3,4
informed,palter,VERBATIM truth,6,4
informed,palter,GIST truth,2,3
informed,palter,VERBATIM truth,6,3
informed,palter,GIST truth,3,3
informed,palter,VERBATIM truth,6,3
informed,palter,GIST truth,3,4
informed,palter,VERBATIM truth,6,4
informed,palter,GIST truth,3,3
informed,palter,VERBATIM truth,6,3
informed,palter,GIST truth,3,4
informed,palter,VERBATIM truth,6,4
informed,palter,GIST truth,3,3
informed,palter,VERBATIM truth,6,3
informed,palter,GIST truth,3,3
informed,palter,VERBATIM truth,6,3
informed,palter,GIST truth,2,4
informed,palter,VERBATIM truth,6,4
informed,palter,GIST truth,2,5
informed,palter,VERBATIM truth,6,5
informed,palter,GIST truth,2,5
informed,palter,VERBATIM truth,6,5
informed,palter,GIST truth,2,5
informed,palter,VERBATIM truth,6,5
informed,palter,GIST truth,2,5
informed,palter,VERBATIM truth,6,5
informed,palter,GIST truth,2,5
informed,palter,VERBATIM truth,6,5
informed,palter,GIST truth,2,5
informed,palter,VERBATIM truth,6,5
informed,palter,GIST truth,2,5
informed,palter,VERBATIM truth,6,5
informed,palter,GIST truth,2,5
informed,palter,VERBATIM truth,6,5
informed,palter,GIST truth,2,5
informed,palter,VERBATIM truth,6,5
informed,palter,GIST truth,2,2
informed,palter,VERBATIM truth,7,2
informed,palter,GIST truth,5,2
informed,palter,VERBATIM truth,7,2
informed,palter,GIST truth,3,2
informed,palter,VERBATIM truth,7,2
informed,palter,GIST truth,5,1
informed,palter,VERBATIM truth,7,1
informed,palter,GIST truth,2,2
informed,palter,VERBATIM truth,7,2
informed,palter,GIST truth,2,2
informed,palter,VERBATIM truth,7,2
informed,palter,GIST truth,2,2
informed,palter,VERBATIM truth,7,2
informed,palter,GIST truth,2,2
informed,palter,VERBATIM truth,7,2
informed,palter,GIST truth,2,1
informed,palter,VERBATIM truth,7,1
informed,palter,GIST truth,2,5
informed,palter,VERBATIM truth,7,5
informed,truthy_falsehood,GIST truth,5,2
informed,truthy_falsehood,VERBATIM truth,1,2
informed,truthy_falsehood,GIST truth,5,1
informed,truthy_falsehood,VERBATIM truth,1,1
informed,truthy_falsehood,GIST truth,5,2
informed,truthy_falsehood,VERBATIM truth,1,2
informed,truthy_falsehood,GIST truth,5,2
informed,truthy_falsehood,VERBATIM truth,2,2
informed,truthy_falsehood,GIST truth,5,2
informed,truthy_falsehood,VERBATIM truth,1,2
informed,truthy_falsehood,GIST truth,5,1
informed,truthy_falsehood,VERBATIM truth,1,1
informed,truthy_falsehood,GIST truth,5,1
informed,truthy_falsehood,VERBATIM truth,1,1
informed,truthy_falsehood,GIST truth,5,1
informed,truthy_falsehood,VERBATIM truth,2,1
informed,truthy_falsehood,GIST truth,5,1
informed,truthy_falsehood,VERBATIM truth,1,1
informed,truthy_falsehood,GIST truth,6,1
informed,truthy_falsehood,VERBATIM truth,1,1
informed,truthy_falsehood,GIST truth,4,3
informed,truthy_falsehood,VERBATIM truth,2,3
informed,truthy_falsehood,GIST truth,4,3
informed,truthy_falsehood,VERBATIM truth,2,3
informed,truthy_falsehood,GIST truth,3,3
informed,truthy_falsehood,VERBATIM truth,2,3
informed,truthy_falsehood,GIST truth,3,3
informed,truthy_falsehood,VERBATIM truth,2,3
informed,truthy_falsehood,GIST truth,3,3
informed,truthy_falsehood,VERBATIM truth,2,3
informed,truthy_falsehood,GIST truth,3,3
informed,truthy_falsehood,VERBATIM truth,2,3
informed,truthy_falsehood,GIST truth,5,3
informed,truthy_falsehood,VERBATIM truth,2,3
informed,truthy_falsehood,GIST truth,4,3
informed,truthy_falsehood,VERBATIM truth,2,3
informed,truthy_falsehood,GIST truth,3,3
informed,truthy_falsehood,VERBATIM truth,2,3
informed,truthy_falsehood,GIST truth,3,3
informed,truthy_falsehood,VERBATIM truth,2,3
informed,truthy_falsehood,GIST truth,3,1
informed,truthy_falsehood,VERBATIM truth,2,1
informed,truthy_falsehood,GIST truth,2,1
informed,truthy_falsehood,VERBATIM truth,1,1
informed,truthy_falsehood,GIST truth,2,1
informed,truthy_falsehood,VERBATIM truth,2,1
informed,truthy_falsehood,GIST truth,2,1
informed,truthy_falsehood,VERBATIM truth,2,1
informed,truthy_falsehood,GIST truth,2,1
informed,truthy_falsehood,VERBATIM truth,1,1
informed,truthy_falsehood,GIST truth,2,1
informed,truthy_falsehood,VERBATIM truth,2,1
informed,truthy_falsehood,GIST truth,2,1
informed,truthy_falsehood,VERBATIM truth,2,1
informed,truthy_falsehood,GIST truth,2,1
informed,truthy_falsehood,VERBATIM truth,2,1
informed,truthy_falsehood,GIST truth,2,1
informed,truthy_falsehood,VERBATIM truth,1,1
informed,truthy_falsehood,GIST truth,2,1
informed,truthy_falsehood,VERBATIM truth,1,1
informed,blatant_falsehood,GIST truth,1,3
informed,blatant_falsehood,VERBATIM truth,1,3
informed,blatant_falsehood,GIST truth,1,3
informed,blatant_falsehood,VERBATIM truth,1,3
informed,blatant_falsehood,GIST truth,1,3
informed,blatant_falsehood,VERBATIM truth,1,3
informed,blatant_falsehood,GIST truth,1,3
informed,blatant_falsehood,VERBATIM truth,1,3
informed,blatant_falsehood,GIST truth,1,3
informed,blatant_falsehood,VERBATIM truth,1,3
informed,blatant_falsehood,GIST truth,1,3
informed,blatant_falsehood,VERBATIM truth,1,3
informed,blatant_falsehood,GIST truth,1,3
informed,blatant_falsehood,VERBATIM truth,1,3
informed,blatant_falsehood,GIST truth,1,3
informed,blatant_falsehood,VERBATIM truth,1,3
informed,blatant_falsehood,GIST truth,1,3
informed,blatant_falsehood,VERBATIM truth,1,3
informed,blatant_falsehood,GIST truth,1,3
informed,blatant_falsehood,VERBATIM truth,1,3
informed,blatant_falsehood,GIST truth,1,5
informed,blatant_falsehood,VERBATIM truth,1,5
informed,blatant_falsehood,GIST truth,1,4
informed,blatant_falsehood,VERBATIM truth,1,4
informed,blatant_falsehood,GIST truth,1,4
informed,blatant_falsehood,VERBATIM truth,1,4
informed,blatant_falsehood,GIST truth,1,4
informed,blatant_falsehood,VERBATIM truth,1,4
informed,blatant_falsehood,GIST truth,1,5
informed,blatant_falsehood,VERBATIM truth,1,5
informed,blatant_falsehood,GIST truth,1,4
informed,blatant_falsehood,VERBATIM truth,1,4
informed,blatant_falsehood,GIST truth,1,4
informed,blatant_falsehood,VERBATIM truth,1,4
informed,blatant_falsehood,GIST truth,1,4
informed,blatant_falsehood,VERBATIM truth,1,4
informed,blatant_falsehood,GIST truth,1,4
informed,blatant_falsehood,VERBATIM truth,1,4
informed,blatant_falsehood,GIST truth,1,5
informed,blatant_falsehood,VERBATIM truth,1,5
informed,blatant_falsehood,GIST truth,1,1
informed,blatant_falsehood,VERBATIM truth,1,1
informed,blatant_falsehood,GIST truth,1,1
informed,blatant_falsehood,VERBATIM truth,1,1
informed,blatant_falsehood,GIST truth,1,1
informed,blatant_falsehood,VERBATIM truth,1,1
informed,blatant_falsehood,GIST truth,1,1
informed,blatant_falsehood,VERBATIM truth,1,1
informed,blatant_falsehood,GIST truth,1,1
informed,blatant_falsehood,VERBATIM truth,1,1
informed,blatant_falsehood,GIST truth,1,1
informed,blatant_falsehood,VERBATIM truth,1,1
informed,blatant_falsehood,GIST truth,1,1
informed,blatant_falsehood,VERBATIM truth,1,1
informed,blatant_falsehood,GIST truth,1,1
informed,blatant_falsehood,VERBATIM truth,1,1
informed,blatant_falsehood,GIST truth,1,1
informed,blatant_falsehood,VERBATIM truth,1,1
informed,blatant_falsehood,GIST truth,1,1
informed,blatant_falsehood,VERBATIM truth,1,1
informed,fully_true,GIST truth,7,1
informed,fully_true,VERBATIM truth,7,1
informed,fully_true,GIST truth,7,1
informed,fully_true,VERBATIM truth,7,1
informed,fully_true,GIST truth,7,1
informed,fully_true,VERBATIM truth,7,1
informed,fully_true,GIST truth,7,1
informed,fully_true,VERBATIM truth,7,1
informed,fully_true,GIST truth,7,1
informed,fully_true,VERBATIM truth,7,1
informed,fully_true,GIST truth,7,1
informed,fully_true,VERBATIM truth,7,1
informed,fully_true,GIST truth,7,1
informed,fully_true,VERBATIM truth,7,1
informed,fully_true,GIST truth,7,1
informed,fully_true,VERBATIM truth,7,1
informed,fully_true,GIST truth,7,1
informed,fully_true,VERBATIM truth,7,1
informed,fully_true,GIST truth,7,1
informed,fully_true,VERBATIM truth,7,1
informed,fully_true,GIST truth,7,1
informed,fully_true,VERBATIM truth,7,1
informed,fully_true,GIST truth,7,1
informed,fully_true,VERBATIM truth,7,1
informed,fully_true,GIST truth,7,1
informed,fully_true,VERBATIM truth,7,1
informed,fully_true,GIST truth,7,1
informed,fully_true,VERBATIM truth,7,1
informed,fully_true,GIST truth,7,1
informed,fully_true,VERBATIM truth,7,1
informed,fully_true,GIST truth,7,1
informed,fully_true,VERBATIM truth,7,1
informed,fully_true,GIST truth,7,1
informed,fully_true,VERBATIM truth,7,1
informed,fully_true,GIST truth,7,1
informed,fully_true,VERBATIM truth,7,1
informed,fully_true,GIST truth,7,1
informed,fully_true,VERBATIM truth,7,1
informed,fully_true,GIST truth,7,1
informed,fully_true,VERBATIM truth,7,1
informed,fully_true,GIST truth,7,1
informed,fully_true,VERBATIM truth,7,1
informed,fully_true,GIST truth,7,1
informed,fully_true,VERBATIM truth,7,1
informed,fully_true,GIST truth,7,1
informed,fully_true,VERBATIM truth,7,1
informed,fully_true,GIST truth,7,1
informed,fully_true,VERBATIM truth,7,1
informed,fully_true,GIST truth,7,1
informed,fully_true,VERBATIM truth,7,1
informed,fully_true,GIST truth,7,1
informed,fully_true,VERBATIM truth,7,1
informed,fully_true,GIST truth,7,1
informed,fully_true,VERBATIM truth,7,1
informed,fully_true,GIST truth,7,1
informed,fully_true,VERBATIM truth,7,1
informed,fully_true,GIST truth,7,1
informed,fully_true,VERBATIM truth,7,1
informed,fully_true,GIST truth,7,1
informed,fully_true,VERBATIM truth,7,1
informed,palter,GIST truth,2,4
informed,palter,VERBATIM truth,6,4
informed,palter,GIST truth,2,5
informed,palter,VERBATIM truth,6,5
informed,palter,GIST truth,2,5
informed,palter,VERBATIM truth,6,5
informed,palter,GIST truth,2,4
informed,palter,VERBATIM truth,6,4
informed,palter,GIST truth,2,5
informed,palter,VERBATIM truth,6,5
informed,palter,GIST truth,2,4
informed,palter,VERBATIM truth,6,4
informed,palter,GIST truth,2,4
informed,palter,VERBATIM truth,6,4
informed,palter,GIST truth,2,4
informed,palter,VERBATIM truth,5,4
informed,palter,GIST truth,2,5
informed,palter,VERBATIM truth,6,5
informed,palter,GIST truth,2,4
informed,palter,VERBATIM truth,6,4
informed,palter,GIST truth,2,5
informed,palter,VERBATIM truth,6,5
informed,palter,GIST truth,2,5
informed,palter,VERBATIM truth,6,5
informed,palter,GIST truth,2,5
informed,palter,VERBATIM truth,6,5
informed,palter,GIST truth,2,5
informed,palter,VERBATIM truth,6,5
informed,palter,GIST truth,2,5
informed,palter,VERBATIM truth,6,5
informed,palter,GIST truth,2,5
informed,palter,VERBATIM truth,6,5
informed,palter,GIST truth,2,5
informed,palter,VERBATIM truth,6,5
informed,palter,GIST truth,2,5
informed,palter,VERBATIM truth,6,5
informed,palter,GIST truth,2,5
informed,palter,VERBATIM truth,6,5
informed,palter,GIST truth,2,5
informed,palter,VERBATIM truth,6,5
informed,palter,GIST truth,2,5
informed,palter,VERBATIM truth,7,5
informed,palter,GIST truth,2,5
informed,palter,VERBATIM truth,6,5
informed,palter,GIST truth,2,5
informed,palter,VERBATIM truth,7,5
informed,palter,GIST truth,2,5
informed,palter,VERBATIM truth,7,5
informed,palter,GIST truth,2,5
informed,palter,VERBATIM truth,7,5
informed,palter,GIST truth,2,5
informed,palter,VERBATIM truth,7,5
informed,palter,GIST truth,2,5
informed,palter,VERBATIM truth,7,5
informed,palter,GIST truth,2,5
informed,palter,VERBATIM truth,7,5
informed,palter,GIST truth,2,5
informed,palter,VERBATIM truth,7,5
informed,palter,GIST truth,2,5
informed,palter,VERBATIM truth,7,5
informed,truthy_falsehood,GIST truth,6,2
informed,truthy_falsehood,VERBATIM truth,2,2
informed,truthy_falsehood,GIST truth,6,1
informed,truthy_falsehood,VERBATIM truth,2,1
informed,truthy_falsehood,GIST truth,6,2
informed,truthy_falsehood,VERBATIM truth,2,2
informed,truthy_falsehood,GIST truth,7,1
informed,truthy_falsehood,VERBATIM truth,2,1
informed,truthy_falsehood,GIST truth,6,2
informed,truthy_falsehood,VERBATIM truth,2,2
informed,truthy_falsehood,GIST truth,6,2
informed,truthy_falsehood,VERBATIM truth,2,2
informed,truthy_falsehood,GIST truth,6,2
informed,truthy_falsehood,VERBATIM truth,2,2
informed,truthy_falsehood,GIST truth,6,2
informed,truthy_falsehood,VERBATIM truth,2,2
informed,truthy_falsehood,GIST truth,6,2
informed,truthy_falsehood,VERBATIM truth,2,2
informed,truthy_falsehood,GIST truth,6,2
informed,truthy_falsehood,VERBATIM truth,2,2
informed,truthy_falsehood,GIST truth,6,2
informed,truthy_falsehood,VERBATIM truth,2,2
informed,truthy_falsehood,GIST truth,6,3
informed,truthy_falsehood,VERBATIM truth,2,3
informed,truthy_falsehood,GIST truth,6,3
informed,truthy_falsehood,VERBATIM truth,2,3
informed,truthy_falsehood,GIST truth,6,3
informed,truthy_falsehood,VERBATIM truth,2,3
informed,truthy_falsehood,GIST truth,6,3
informed,truthy_falsehood,VERBATIM truth,2,3
informed,truthy_falsehood,GIST truth,6,2
informed,truthy_falsehood,VERBATIM truth,2,2
informed,truthy_falsehood,GIST truth,6,2
informed,truthy_falsehood,VERBATIM truth,2,2
informed,truthy_falsehood,GIST truth,6,2
informed,truthy_falsehood,VERBATIM truth,3,2
informed,truthy_falsehood,GIST truth,6,3
informed,truthy_falsehood,VERBATIM truth,2,3
informed,truthy_falsehood,GIST truth,6,3
informed,truthy_falsehood,VERBATIM truth,2,3
informed,truthy_falsehood,GIST truth,7,1
informed,truthy_falsehood,VERBATIM truth,2,1
informed,truthy_falsehood,GIST truth,7,1
informed,truthy_falsehood,VERBATIM truth,3,1
informed,truthy_falsehood,GIST truth,7,1
informed,truthy_falsehood,VERBATIM truth,3,1
informed,truthy_falsehood,GIST truth,7,1
informed,truthy_falsehood,VERBATIM truth,3,1
informed,truthy_falsehood,GIST truth,7,1
informed,truthy_falsehood,VERBATIM truth,3,1
informed,truthy_falsehood,GIST truth,7,1
informed,truthy_falsehood,VERBATIM truth,2,1
informed,truthy_falsehood,GIST truth,7,1
informed,truthy_falsehood,VERBATIM truth,3,1
informed,truthy_falsehood,GIST truth,7,1
informed,truthy_falsehood,VERBATIM truth,2,1
informed,truthy_falsehood,GIST truth,7,1
informed,truthy_falsehood,VERBATIM truth,2,1
informed,truthy_falsehood,GIST truth,7,1
informed,truthy_falsehood,VERBATIM truth,3,1
informed,blatant_falsehood,GIST truth,1,7
informed,blatant_falsehood,VERBATIM truth,1,7
informed,blatant_falsehood,GIST truth,1,7
informed,blatant_falsehood,VERBATIM truth,1,7
informed,blatant_falsehood,GIST truth,1,7
informed,blatant_falsehood,VERBATIM truth,1,7
informed,blatant_falsehood,GIST truth,1,7
informed,blatant_falsehood,VERBATIM truth,1,7
informed,blatant_falsehood,GIST truth,1,7
informed,blatant_falsehood,VERBATIM truth,1,7
informed,blatant_falsehood,GIST truth,1,6
informed,blatant_falsehood,VERBATIM truth,1,6
informed,blatant_falsehood,GIST truth,1,7
informed,blatant_falsehood,VERBATIM truth,1,7
informed,blatant_falsehood,GIST truth,1,7
informed,blatant_falsehood,VERBATIM truth,1,7
informed,blatant_falsehood,GIST truth,1,7
informed,blatant_falsehood,VERBATIM truth,1,7
informed,blatant_falsehood,GIST truth,1,7
informed,blatant_falsehood,VERBATIM truth,1,7
informed,blatant_falsehood,GIST truth,1,6
informed,blatant_falsehood,VERBATIM truth,1,6
informed,blatant_falsehood,GIST truth,1,6
informed,blatant_falsehood,VERBATIM truth,1,6
informed,blatant_falsehood,GIST truth,1,6
informed,blatant_falsehood,VERBATIM truth,1,6
informed,blatant_falsehood,GIST truth,1,6
informed,blatant_falsehood,VERBATIM truth,1,6
informed,blatant_falsehood,GIST truth,1,6
informed,blatant_falsehood,VERBATIM truth,1,6
informed,blatant_falsehood,GIST truth,1,6
informed,blatant_falsehood,VERBATIM truth,1,6
informed,blatant_falsehood,GIST truth,1,6
informed,blatant_falsehood,VERBATIM truth,1,6
informed,blatant_falsehood,GIST truth,1,6
informed,blatant_falsehood,VERBATIM truth,1,6
informed,blatant_falsehood,GIST truth,1,6
informed,blatant_falsehood,VERBATIM truth,1,6
informed,blatant_falsehood,GIST truth,1,6
informed,blatant_falsehood,VERBATIM truth,1,6
informed,blatant_falsehood,GIST truth,1,7
informed,blatant_falsehood,VERBATIM truth,1,7
informed,blatant_falsehood,GIST truth,1,7
informed,blatant_falsehood,VERBATIM truth,1,7
informed,blatant_falsehood,GIST truth,1,5
informed,blatant_falsehood,VERBATIM truth,1,5
informed,blatant_falsehood,GIST truth,1,7
informed,blatant_falsehood,VERBATIM truth,1,7
informed,blatant_falsehood,GIST truth,1,7
informed,blatant_falsehood,VERBATIM truth,1,7
informed,blatant_falsehood,GIST truth,1,7
informed,blatant_falsehood,VERBATIM truth,1,7
informed,blatant_falsehood,GIST truth,1,7
informed,blatant_falsehood,VERBATIM truth,1,7
informed,blatant_falsehood,GIST truth,1,7
informed,blatant_falsehood,VERBATIM truth,1,7
informed,blatant_falsehood,GIST truth,1,7
informed,blatant_falsehood,VERBATIM truth,1,7
informed,blatant_falsehood,GIST truth,1,7
informed,blatant_falsehood,VERBATIM truth,1,7
informed,fully_true,GIST truth,7,1
informed,fully_true,VERBATIM truth,6,1
informed,fully_true,GIST truth,7,1
informed,fully_true,VERBATIM truth,6,1
informed,fully_true,GIST truth,7,1
informed,fully_true,VERBATIM truth,6,1
informed,fully_true,GIST truth,7,1
informed,fully_true,VERBATIM truth,6,1
informed,fully_true,GIST truth,7,1
informed,fully_true,VERBATIM truth,6,1
informed,fully_true,GIST truth,7,1
informed,fully_true,VERBATIM truth,6,1
informed,fully_true,GIST truth,7,1
informed,fully_true,VERBATIM truth,6,1
informed,fully_true,GIST truth,7,1
informed,fully_true,VERBATIM truth,6,1
informed,fully_true,GIST truth,7,1
informed,fully_true,VERBATIM truth,6,1
informed,fully_true,GIST truth,7,1
informed,fully_true,VERBATIM truth,6,1
informed,fully_true,GIST truth,7,1
informed,fully_true,VERBATIM truth,6,1
informed,fully_true,GIST truth,7,1
informed,fully_true,VERBATIM truth,6,1
informed,fully_true,GIST truth,7,1
informed,fully_true,VERBATIM truth,6,1
informed,fully_true,GIST truth,7,1
informed,fully_true,VERBATIM truth,6,1
informed,fully_true,GIST truth,7,1
informed,fully_true,VERBATIM truth,6,1
informed,fully_true,GIST truth,7,1
informed,fully_true,VERBATIM truth,6,1
informed,fully_true,GIST truth,7,1
informed,fully_true,VERBATIM truth,6,1
informed,fully_true,GIST truth,7,1
informed,fully_true,VERBATIM truth,6,1
informed,fully_true,GIST truth,7,1
informed,fully_true,VERBATIM truth,6,1
informed,fully_true,GIST truth,6,1
informed,fully_true,VERBATIM truth,6,1
informed,fully_true,GIST truth,7,1
informed,fully_true,VERBATIM truth,7,1
informed,fully_true,GIST truth,7,1
informed,fully_true,VERBATIM truth,7,1
informed,fully_true,GIST truth,7,1
informed,fully_true,VERBATIM truth,7,1
informed,fully_true,GIST truth,7,1
informed,fully_true,VERBATIM truth,7,1
informed,fully_true,GIST truth,7,1
informed,fully_true,VERBATIM truth,7,1
informed,fully_true,GIST truth,7,1
informed,fully_true,VERBATIM truth,7,1
informed,fully_true,GIST truth,7,1
informed,fully_true,VERBATIM truth,7,1
informed,fully_true,GIST truth,7,1
informed,fully_true,VERBATIM truth,7,1
informed,fully_true,GIST truth,7,1
informed,fully_true,VERBATIM truth,7,1
informed,fully_true,GIST truth,7,1
informed,fully_true,VERBATIM truth,7,1
informed,palter,GIST truth,6,1
informed,palter,VERBATIM truth,7,1
informed,palter,GIST truth,7,1
informed,palter,VERBATIM truth,7,1
informed,palter,GIST truth,6,1
informed,palter,VERBATIM truth,7,1
informed,palter,GIST truth,6,1
informed,palter,VERBATIM truth,7,1
informed,palter,GIST truth,6,1
informed,palter,VERBATIM truth,7,1
informed,palter,GIST truth,6,1
informed,palter,VERBATIM truth,7,1
informed,palter,GIST truth,6,1
informed,palter,VERBATIM truth,7,1
informed,palter,GIST truth,6,1
informed,palter,VERBATIM truth,7,1
informed,palter,GIST truth,6,1
informed,palter,VERBATIM truth,7,1
informed,palter,GIST truth,6,1
informed,palter,VERBATIM truth,7,1
informed,palter,GIST truth,4,3
informed,palter,VERBATIM truth,6,3
informed,palter,GIST truth,4,3
informed,palter,VERBATIM truth,6,3
informed,palter,GIST truth,5,2
informed,palter,VERBATIM truth,6,2
informed,palter,GIST truth,4,3
informed,palter,VERBATIM truth,6,3
informed,palter,GIST truth,4,3
informed,palter,VERBATIM truth,6,3
informed,palter,GIST truth,4,3
informed,palter,VERBATIM truth,6,3
informed,palter,GIST truth,4,3
informed,palter,VERBATIM truth,6,3
informed,palter,GIST truth,4,3
informed,palter,VERBATIM truth,6,3
informed,palter,GIST truth,3,3
informed,palter,VERBATIM truth,6,3
informed,palter,GIST truth,5,2
informed,palter,VERBATIM truth,6,2
informed,palter,GIST truth,7,1
informed,palter,VERBATIM truth,7,1
informed,palter,GIST truth,7,1
informed,palter,VERBATIM truth,7,1
informed,palter,GIST truth,7,1
informed,palter,VERBATIM truth,7,1
informed,palter,GIST truth,7,1
informed,palter,VERBATIM truth,7,1
informed,palter,GIST truth,7,1
informed,palter,VERBATIM truth,7,1
informed,palter,GIST truth,7,1
informed,palter,VERBATIM truth,7,1
informed,palter,GIST truth,7,1
informed,palter,VERBATIM truth,7,1
informed,palter,GIST truth,7,1
informed,palter,VERBATIM truth,7,1
informed,palter,GIST truth,7,1
informed,palter,VERBATIM truth,7,1
informed,palter,GIST truth,7,1
informed,palter,VERBATIM truth,7,1
informed,truthy_falsehood,GIST truth,3,2
informed,truthy_falsehood,VERBATIM truth,1,2
informed,truthy_falsehood,GIST truth,3,2
informed,truthy_falsehood,VERBATIM truth,2,2
informed,truthy_falsehood,GIST truth,3,2
informed,truthy_falsehood,VERBATIM truth,2,2
informed,truthy_falsehood,GIST truth,4,2
informed,truthy_falsehood,VERBATIM truth,2,2
informed,truthy_falsehood,GIST truth,3,2
informed,truthy_falsehood,VERBATIM truth,2,2
informed,truthy_falsehood,GIST truth,3,2
informed,truthy_falsehood,VERBATIM truth,2,2
informed,truthy_falsehood,GIST truth,3,2
informed,truthy_falsehood,VERBATIM truth,2,2
informed,truthy_falsehood,GIST truth,3,2
informed,truthy_falsehood,VERBATIM truth,1,2
informed,truthy_falsehood,GIST truth,3,2
informed,truthy_falsehood,VERBATIM truth,2,2
informed,truthy_falsehood,GIST truth,3,2
informed,truthy_falsehood,VERBATIM truth,1,2
informed,truthy_falsehood,GIST truth,3,3
informed,truthy_falsehood,VERBATIM truth,3,3
informed,truthy_falsehood,GIST truth,3,3
informed,truthy_falsehood,VERBATIM truth,2,3
informed,truthy_falsehood,GIST truth,4,3
informed,truthy_falsehood,VERBATIM truth,3,3
informed,truthy_falsehood,GIST truth,4,3
informed,truthy_falsehood,VERBATIM truth,3,3
informed,truthy_falsehood,GIST truth,4,3
informed,truthy_falsehood,VERBATIM truth,3,3
informed,truthy_falsehood,GIST truth,3,3
informed,truthy_falsehood,VERBATIM truth,3,3
informed,truthy_falsehood,GIST truth,4,3
informed,truthy_falsehood,VERBATIM truth,3,3
informed,truthy_falsehood,GIST truth,3,3
informed,truthy_falsehood,VERBATIM truth,3,3
informed,truthy_falsehood,GIST truth,3,3
informed,truthy_falsehood,VERBATIM truth,3,3
informed,truthy_falsehood,GIST truth,4,3
informed,truthy_falsehood,VERBATIM truth,3,3
informed,truthy_falsehood,GIST truth,2,1
informed,truthy_falsehood,VERBATIM truth,2,1
informed,truthy_falsehood,GIST truth,3,1
informed,truthy_falsehood,VERBATIM truth,2,1
informed,truthy_falsehood,GIST truth,3,1
informed,truthy_falsehood,VERBATIM truth,2,1
informed,truthy_falsehood,GIST truth,3,1
informed,truthy_falsehood,VERBATIM truth,2,1
informed,truthy_falsehood,GIST truth,2,1
informed,truthy_falsehood,VERBATIM truth,2,1
informed,truthy_falsehood,GIST truth,3,1
informed,truthy_falsehood,VERBATIM truth,2,1
informed,truthy_falsehood,GIST truth,3,1
informed,truthy_falsehood,VERBATIM truth,2,1
informed,truthy_falsehood,GIST truth,3,1
informed,truthy_falsehood,VERBATIM truth,2,1
informed,truthy_falsehood,GIST truth,3,1
informed,truthy_falsehood,VERBATIM truth,2,1
informed,truthy_falsehood,GIST truth,2,1
informed,truthy_falsehood,VERBATIM truth,2,1
informed,blatant_falsehood,GIST truth,1,6
informed,blatant_falsehood,VERBATIM truth,1,6
informed,blatant_falsehood,GIST truth,1,6
informed,blatant_falsehood,VERBATIM truth,1,6
informed,blatant_falsehood,GIST truth,1,6
informed,blatant_falsehood,VERBATIM truth,1,6
informed,blatant_falsehood,GIST truth,1,6
informed,blatant_falsehood,VERBATIM truth,1,6
informed,blatant_falsehood,GIST truth,1,7
informed,blatant_falsehood,VERBATIM truth,1,7
informed,blatant_falsehood,GIST truth,1,6
informed,blatant_falsehood,VERBATIM truth,1,6
informed,blatant_falsehood,GIST truth,1,6
informed,blatant_falsehood,VERBATIM truth,1,6
informed,blatant_falsehood,GIST truth,1,6
informed,blatant_falsehood,VERBATIM truth,1,6
informed,blatant_falsehood,GIST truth,1,6
informed,blatant_falsehood,VERBATIM truth,1,6
informed,blatant_falsehood,GIST truth,1,7
informed,blatant_falsehood,VERBATIM truth,1,7
informed,blatant_falsehood,GIST truth,1,6
informed,blatant_falsehood,VERBATIM truth,1,6
informed,blatant_falsehood,GIST truth,1,6
informed,blatant_falsehood,VERBATIM truth,1,6
informed,blatant_falsehood,GIST truth,1,6
informed,blatant_falsehood,VERBATIM truth,1,6
informed,blatant_falsehood,GIST truth,1,6
informed,blatant_falsehood,VERBATIM truth,1,6
informed,blatant_falsehood,GIST truth,1,7
informed,blatant_falsehood,VERBATIM truth,1,7
informed,blatant_falsehood,GIST truth,1,6
informed,blatant_falsehood,VERBATIM truth,1,6
informed,blatant_falsehood,GIST truth,1,6
informed,blatant_falsehood,VERBATIM truth,1,6
informed,blatant_falsehood,GIST truth,1,6
informed,blatant_falsehood,VERBATIM truth,1,6
informed,blatant_falsehood,GIST truth,1,6
informed,blatant_falsehood,VERBATIM truth,1,6
informed,blatant_falsehood,GIST truth,1,6
informed,blatant_falsehood,VERBATIM truth,1,6
informed,blatant_falsehood,GIST truth,1,7
informed,blatant_falsehood,VERBATIM truth,1,7
informed,blatant_falsehood,GIST truth,1,7
informed,blatant_falsehood,VERBATIM truth,1,7
informed,blatant_falsehood,GIST truth,1,7
informed,blatant_falsehood,VERBATIM truth,1,7
informed,blatant_falsehood,GIST truth,1,7
informed,blatant_falsehood,VERBATIM truth,1,7
informed,blatant_falsehood,GIST truth,1,7
informed,blatant_falsehood,VERBATIM truth,1,7
informed,blatant_falsehood,GIST truth,1,7
informed,blatant_falsehood,VERBATIM truth,1,7
informed,blatant_falsehood,GIST truth,1,7
informed,blatant_falsehood,VERBATIM truth,1,7
informed,blatant_falsehood,GIST truth,1,7
informed,blatant_falsehood,VERBATIM truth,1,7
informed,blatant_falsehood,GIST truth,1,7
informed,blatant_falsehood,VERBATIM truth,1,7
informed,blatant_falsehood,GIST truth,1,7
informed,blatant_falsehood,VERBATIM truth,1,7
informed,fully_true,GIST truth,7,1
informed,fully_true,VERBATIM truth,7,1
informed,fully_true,GIST truth,7,1
informed,fully_true,VERBATIM truth,7,1
informed,fully_true,GIST truth,7,1
informed,fully_true,VERBATIM truth,7,1
informed,fully_true,GIST truth,7,1
informed,fully_true,VERBATIM truth,7,1
informed,fully_true,GIST truth,7,1
informed,fully_true,VERBATIM truth,7,1
informed,fully_true,GIST truth,7,1
informed,fully_true,VERBATIM truth,7,1
informed,fully_true,GIST truth,7,1
informed,fully_true,VERBATIM truth,7,1
informed,fully_true,GIST truth,7,1
informed,fully_true,VERBATIM truth,7,1
informed,fully_true,GIST truth,7,1
informed,fully_true,VERBATIM truth,7,1
informed,fully_true,GIST truth,7,1
informed,fully_true,VERBATIM truth,7,1
informed,fully_true,GIST truth,7,1
informed,fully_true,VERBATIM truth,7,1
informed,fully_true,GIST truth,7,1
informed,fully_true,VERBATIM truth,7,1
informed,fully_true,GIST truth,7,1
informed,fully_true,VERBATIM truth,7,1
informed,fully_true,GIST truth,7,1
informed,fully_true,VERBATIM truth,7,1
informed,fully_true,GIST truth,7,1
informed,fully_true,VERBATIM truth,7,1
informed,fully_true,GIST truth,7,1
informed,fully_true,VERBATIM truth,7,1
informed,fully_true,GIST truth,7,1
informed,fully_true,VERBATIM truth,7,1
informed,fully_true,GIST truth,7,1
informed,fully_true,VERBATIM truth,7,1
informed,fully_true,GIST truth,7,1
informed,fully_true,VERBATIM truth,7,1
informed,fully_true,GIST truth,7,1
informed,fully_true,VERBATIM truth,7,1
informed,fully_true,GIST truth,7,1
informed,fully_true,VERBATIM truth,7,1
informed,fully_true,GIST truth,7,1
informed,fully_true,VERBATIM truth,7,1
informed,fully_true,GIST truth,7,1
informed,fully_true,VERBATIM truth,7,1
informed,fully_true,GIST truth,7,1
informed,fully_true,VERBATIM truth,7,1
informed,fully_true,GIST truth,7,1
informed,fully_true,VERBATIM truth,7,1
informed,fully_true,GIST truth,7,1
informed,fully_true,VERBATIM truth,7,1
informed,fully_true,GIST truth,7,1
informed,fully_true,VERBATIM truth,7,1
informed,fully_true,GIST truth,7,1
informed,fully_true,VERBATIM truth,7,1
informed,fully_true,GIST truth,7,1
informed,fully_true,VERBATIM truth,7,1
informed,fully_true,GIST truth,7,1
informed,fully_true,VERBATIM truth,7,1
informed,palter,GIST truth,3,4
informed,palter,VERBATIM truth,7,4
informed,palter,GIST truth,3,4
informed,palter,VERBATIM truth,7,4
informed,palter,GIST truth,3,4
informed,palter,VERBATIM truth,7,4
informed,palter,GIST truth,3,5
informed,palter,VERBATIM truth,7,5
informed,palter,GIST truth,2,5
informed,palter,VERBATIM truth,7,5
informed,palter,GIST truth,2,5
informed,palter,VERBATIM truth,7,5
informed,palter,GIST truth,2,4
informed,palter,VERBATIM truth,7,4
informed,palter,GIST truth,2,5
informed,palter,VERBATIM truth,7,5
informed,palter,GIST truth,3,4
informed,palter,VERBATIM truth,7,4
informed,palter,GIST truth,2,5
informed,palter,VERBATIM truth,7,5
informed,palter,GIST truth,2,5
informed,palter,VERBATIM truth,6,5
informed,palter,GIST truth,2,5
informed,palter,VERBATIM truth,6,5
informed,palter,GIST truth,2,5
informed,palter,VERBATIM truth,6,5
informed,palter,GIST truth,2,5
informed,palter,VERBATIM truth,6,5
informed,palter,GIST truth,2,6
informed,palter,VERBATIM truth,7,6
informed,palter,GIST truth,2,5
informed,palter,VERBATIM truth,6,5
informed,palter,GIST truth,2,5
informed,palter,VERBATIM truth,6,5
informed,palter,GIST truth,2,5
informed,palter,VERBATIM truth,6,5
informed,palter,GIST truth,2,5
informed,palter,VERBATIM truth,6,5
informed,palter,GIST truth,2,5
informed,palter,VERBATIM truth,6,5
informed,palter,GIST truth,3,5
informed,palter,VERBATIM truth,7,5
informed,palter,GIST truth,3,5
informed,palter,VERBATIM truth,7,5
informed,palter,GIST truth,3,5
informed,palter,VERBATIM truth,7,5
informed,palter,GIST truth,3,5
informed,palter,VERBATIM truth,7,5
informed,palter,GIST truth,2,5
informed,palter,VERBATIM truth,7,5
informed,palter,GIST truth,2,5
informed,palter,VERBATIM truth,7,5
informed,palter,GIST truth,2,6
informed,palter,VERBATIM truth,7,6
informed,palter,GIST truth,3,5
informed,palter,VERBATIM truth,7,5
informed,palter,GIST truth,3,5
informed,palter,VERBATIM truth,7,5
informed,palter,GIST truth,3,5
informed,palter,VERBATIM truth,7,5
informed,truthy_falsehood,GIST truth,7,2
informed,truthy_falsehood,VERBATIM truth,3,2
informed,truthy_falsehood,GIST truth,7,2
informed,truthy_falsehood,VERBATIM truth,3,2
informed,truthy_falsehood,GIST truth,7,2
informed,truthy_falsehood,VERBATIM truth,3,2
informed,truthy_falsehood,GIST truth,7,2
informed,truthy_falsehood,VERBATIM truth,3,2
informed,truthy_falsehood,GIST truth,7,1
informed,truthy_falsehood,VERBATIM truth,3,1
informed,truthy_falsehood,GIST truth,7,2
informed,truthy_falsehood,VERBATIM truth,3,2
informed,truthy_falsehood,GIST truth,7,2
informed,truthy_falsehood,VERBATIM truth,3,2
informed,truthy_falsehood,GIST truth,6,2
informed,truthy_falsehood,VERBATIM truth,2,2
informed,truthy_falsehood,GIST truth,6,2
informed,truthy_falsehood,VERBATIM truth,3,2
informed,truthy_falsehood,GIST truth,7,2
informed,truthy_falsehood,VERBATIM truth,3,2
informed,truthy_falsehood,GIST truth,6,2
informed,truthy_falsehood,VERBATIM truth,3,2
informed,truthy_falsehood,GIST truth,6,2
informed,truthy_falsehood,VERBATIM truth,3,2
informed,truthy_falsehood,GIST truth,6,2
informed,truthy_falsehood,VERBATIM truth,3,2
informed,truthy_falsehood,GIST truth,6,2
informed,truthy_falsehood,VERBATIM truth,3,2
informed,truthy_falsehood,GIST truth,6,3
informed,truthy_falsehood,VERBATIM truth,3,3
informed,truthy_falsehood,GIST truth,6,2
informed,truthy_falsehood,VERBATIM truth,3,2
informed,truthy_falsehood,GIST truth,6,3
informed,truthy_falsehood,VERBATIM truth,3,3
informed,truthy_falsehood,GIST truth,6,2
informed,truthy_falsehood,VERBATIM truth,3,2
informed,truthy_falsehood,GIST truth,6,2
informed,truthy_falsehood,VERBATIM truth,3,2
informed,truthy_falsehood,GIST truth,6,2
informed,truthy_falsehood,VERBATIM truth,3,2
informed,truthy_falsehood,GIST truth,7,1
informed,truthy_falsehood,VERBATIM truth,3,1
informed,truthy_falsehood,GIST truth,7,1
informed,truthy_falsehood,VERBATIM truth,3,1
informed,truthy_falsehood,GIST truth,7,1
informed,truthy_falsehood,VERBATIM truth,3,1
informed,truthy_falsehood,GIST truth,7,1
informed,truthy_falsehood,VERBATIM truth,5,1
informed,truthy_falsehood,GIST truth,7,1
informed,truthy_falsehood,VERBATIM truth,5,1
informed,truthy_falsehood,GIST truth,7,1
informed,truthy_falsehood,VERBATIM truth,6,1
informed,truthy_falsehood,GIST truth,7,1
informed,truthy_falsehood,VERBATIM truth,4,1
informed,truthy_falsehood,GIST truth,7,1
informed,truthy_falsehood,VERBATIM truth,4,1
informed,truthy_falsehood,GIST truth,7,1
informed,truthy_falsehood,VERBATIM truth,5,1
informed,truthy_falsehood,GIST truth,7,1
informed,truthy_falsehood,VERBATIM truth,5,1
informed,blatant_falsehood,GIST truth,1,7
informed,blatant_falsehood,VERBATIM truth,1,7
informed,blatant_falsehood,GIST truth,1,7
informed,blatant_falsehood,VERBATIM truth,1,7
informed,blatant_falsehood,GIST truth,1,7
informed,blatant_falsehood,VERBATIM truth,1,7
informed,blatant_falsehood,GIST truth,1,7
informed,blatant_falsehood,VERBATIM truth,1,7
informed,blatant_falsehood,GIST truth,1,7
informed,blatant_falsehood,VERBATIM truth,1,7
informed,blatant_falsehood,GIST truth,1,7
informed,blatant_falsehood,VERBATIM truth,1,7
informed,blatant_falsehood,GIST truth,1,7
informed,blatant_falsehood,VERBATIM truth,1,7
informed,blatant_falsehood,GIST truth,1,7
informed,blatant_falsehood,VERBATIM truth,1,7
informed,blatant_falsehood,GIST truth,1,7
informed,blatant_falsehood,VERBATIM truth,1,7
informed,blatant_falsehood,GIST truth,1,7
informed,blatant_falsehood,VERBATIM truth,1,7
informed,blatant_falsehood,GIST truth,1,7
informed,blatant_falsehood,VERBATIM truth,1,7
informed,blatant_falsehood,GIST truth,1,7
informed,blatant_falsehood,VERBATIM truth,1,7
informed,blatant_falsehood,GIST truth,1,7
informed,blatant_falsehood,VERBATIM truth,1,7
informed,blatant_falsehood,GIST truth,1,7
informed,blatant_falsehood,VERBATIM truth,1,7
informed,blatant_falsehood,GIST truth,1,7
informed,blatant_falsehood,VERBATIM truth,1,7
informed,blatant_falsehood,GIST truth,1,7
informed,blatant_falsehood,VERBATIM truth,1,7
informed,blatant_falsehood,GIST truth,1,7
informed,blatant_falsehood,VERBATIM truth,1,7
informed,blatant_falsehood,GIST truth,1,7
informed,blatant_falsehood,VERBATIM truth,1,7
informed,blatant_falsehood,GIST truth,1,7
informed,blatant_falsehood,VERBATIM truth,1,7
informed,blatant_falsehood,GIST truth,1,7
informed,blatant_falsehood,VERBATIM truth,1,7
informed,blatant_falsehood,GIST truth,1,7
informed,blatant_falsehood,VERBATIM truth,1,7
informed,blatant_falsehood,GIST truth,1,7
informed,blatant_falsehood,VERBATIM truth,1,7
informed,blatant_falsehood,GIST truth,1,7
informed,blatant_falsehood,VERBATIM truth,1,7
informed,blatant_falsehood,GIST truth,1,7
informed,blatant_falsehood,VERBATIM truth,1,7
informed,blatant_falsehood,GIST truth,1,7
informed,blatant_falsehood,VERBATIM truth,1,7
informed,blatant_falsehood,GIST truth,1,7
informed,blatant_falsehood,VERBATIM truth,1,7
informed,blatant_falsehood,GIST truth,1,7
informed,blatant_falsehood,VERBATIM truth,1,7
informed,blatant_falsehood,GIST truth,1,7
informed,blatant_falsehood,VERBATIM truth,1,7
informed,blatant_falsehood,GIST truth,1,7
informed,blatant_falsehood,VERBATIM truth,1,7
informed,blatant_falsehood,GIST truth,1,7
informed,blatant_falsehood,VERBATIM truth,1,7
informed,fully_true,GIST truth,7,1
informed,fully_true,VERBATIM truth,7,1
informed,fully_true,GIST truth,7,1
informed,fully_true,VERBATIM truth,7,1
informed,fully_true,GIST truth,7,1
informed,fully_true,VERBATIM truth,7,1
informed,fully_true,GIST truth,7,1
informed,fully_true,VERBATIM truth,7,1
informed,fully_true,GIST truth,7,1
informed,fully_true,VERBATIM truth,7,1
informed,fully_true,GIST truth,7,1
informed,fully_true,VERBATIM truth,7,1
informed,fully_true,GIST truth,7,1
informed,fully_true,VERBATIM truth,7,1
informed,fully_true,GIST truth,7,1
informed,fully_true,VERBATIM truth,7,1
informed,fully_true,GIST truth,7,1
informed,fully_true,VERBATIM truth,7,1
informed,fully_true,GIST truth,7,1
informed,fully_true,VERBATIM truth,7,1
informed,fully_true,GIST truth,7,1
informed,fully_true,VERBATIM truth,7,1
informed,fully_true,GIST truth,7,1
informed,fully_true,VERBATIM truth,7,1
informed,fully_true,GIST truth,7,1
informed,fully_true,VERBATIM truth,7,1
informed,fully_true,GIST truth,7,1
informed,fully_true,VERBATIM truth,7,1
informed,fully_true,GIST truth,7,1
informed,fully_true,VERBATIM truth,7,1
informed,fully_true,GIST truth,7,1
informed,fully_true,VERBATIM truth,7,1
informed,fully_true,GIST truth,7,1
informed,fully_true,VERBATIM truth,7,1
informed,fully_true,GIST truth,7,1
informed,fully_true,VERBATIM truth,7,1
informed,fully_true,GIST truth,7,1
informed,fully_true,VERBATIM truth,7,1
informed,fully_true,GIST truth,7,1
informed,fully_true,VERBATIM truth,7,1
informed,fully_true,GIST truth,7,1
informed,fully_true,VERBATIM truth,7,1
informed,fully_true,GIST truth,7,1
informed,fully_true,VERBATIM truth,7,1
informed,fully_true,GIST truth,7,1
informed,fully_true,VERBATIM truth,7,1
informed,fully_true,GIST truth,7,1
informed,fully_true,VERBATIM truth,7,1
informed,fully_true,GIST truth,7,1
informed,fully_true,VERBATIM truth,7,1
informed,fully_true,GIST truth,7,1
informed,fully_true,VERBATIM truth,7,1
informed,fully_true,GIST truth,7,1
informed,fully_true,VERBATIM truth,7,1
informed,fully_true,GIST truth,7,1
informed,fully_true,VERBATIM truth,7,1
informed,fully_true,GIST truth,7,1
informed,fully_true,VERBATIM truth,7,1
informed,fully_true,GIST truth,7,1
informed,fully_true,VERBATIM truth,7,1
informed,palter,GIST truth,3,3
informed,palter,VERBATIM truth,6,3
informed,palter,GIST truth,3,3
informed,palter,VERBATIM truth,7,3
informed,palter,GIST truth,3,4
informed,palter,VERBATIM truth,6,4
informed,palter,GIST truth,3,4
informed,palter,VERBATIM truth,5,4
informed,palter,GIST truth,3,3
informed,palter,VERBATIM truth,7,3
informed,palter,GIST truth,3,4
informed,palter,VERBATIM truth,6,4
informed,palter,GIST truth,3,4
informed,palter,VERBATIM truth,6,4
informed,palter,GIST truth,3,4
informed,palter,VERBATIM truth,7,4
informed,palter,GIST truth,3,3
informed,palter,VERBATIM truth,6,3
informed,palter,GIST truth,3,4
informed,palter,VERBATIM truth,6,4
informed,palter,GIST truth,2,5
informed,palter,VERBATIM truth,6,5
informed,palter,GIST truth,2,5
informed,palter,VERBATIM truth,5,5
informed,palter,GIST truth,2,5
informed,palter,VERBATIM truth,6,5
informed,palter,GIST truth,2,5
informed,palter,VERBATIM truth,6,5
informed,palter,GIST truth,2,5
informed,palter,VERBATIM truth,6,5
informed,palter,GIST truth,2,5
informed,palter,VERBATIM truth,5,5
informed,palter,GIST truth,2,5
informed,palter,VERBATIM truth,6,5
informed,palter,GIST truth,2,5
informed,palter,VERBATIM truth,6,5
informed,palter,GIST truth,2,5
informed,palter,VERBATIM truth,6,5
informed,palter,GIST truth,2,5
informed,palter,VERBATIM truth,5,5
informed,palter,GIST truth,2,5
informed,palter,VERBATIM truth,7,5
informed,palter,GIST truth,2,5
informed,palter,VERBATIM truth,7,5
informed,palter,GIST truth,3,5
informed,palter,VERBATIM truth,7,5
informed,palter,GIST truth,2,5
informed,palter,VERBATIM truth,7,5
informed,palter,GIST truth,2,5
informed,palter,VERBATIM truth,7,5
informed,palter,GIST truth,2,5
informed,palter,VERBATIM truth,7,5
informed,palter,GIST truth,3,5
informed,palter,VERBATIM truth,7,5
informed,palter,GIST truth,3,5
informed,palter,VERBATIM truth,7,5
informed,palter,GIST truth,3,5
informed,palter,VERBATIM truth,7,5
informed,palter,GIST truth,3,5
informed,palter,VERBATIM truth,7,5
informed,truthy_falsehood,GIST truth,5,1
informed,truthy_falsehood,VERBATIM truth,2,1
informed,truthy_falsehood,GIST truth,6,2
informed,truthy_falsehood,VERBATIM truth,2,2
informed,truthy_falsehood,GIST truth,6,1
informed,truthy_falsehood,VERBATIM truth,2,1
informed,truthy_falsehood,GIST truth,6,1
informed,truthy_falsehood,VERBATIM truth,3,1
informed,truthy_falsehood,GIST truth,6,1
informed,truthy_falsehood,VERBATIM truth,2,1
informed,truthy_falsehood,GIST truth,5,3
informed,truthy_falsehood,VERBATIM truth,2,3
informed,truthy_falsehood,GIST truth,6,1
informed,truthy_falsehood,VERBATIM truth,2,1
informed,truthy_falsehood,GIST truth,6,1
informed,truthy_falsehood,VERBATIM truth,2,1
informed,truthy_falsehood,GIST truth,6,1
informed,truthy_falsehood,VERBATIM truth,2,1
informed,truthy_falsehood,GIST truth,6,1
informed,truthy_falsehood,VERBATIM truth,2,1
informed,truthy_falsehood,GIST truth,5,3
informed,truthy_falsehood,VERBATIM truth,3,3
informed,truthy_falsehood,GIST truth,5,3
informed,truthy_falsehood,VERBATIM truth,2,3
informed,truthy_falsehood,GIST truth,5,3
informed,truthy_falsehood,VERBATIM truth,2,3
informed,truthy_falsehood,GIST truth,6,2
informed,truthy_falsehood,VERBATIM truth,3,2
informed,truthy_falsehood,GIST truth,5,2
informed,truthy_falsehood,VERBATIM truth,3,2
informed,truthy_falsehood,GIST truth,5,3
informed,truthy_falsehood,VERBATIM truth,2,3
informed,truthy_falsehood,GIST truth,5,3
informed,truthy_falsehood,VERBATIM truth,2,3
informed,truthy_falsehood,GIST truth,5,3
informed,truthy_falsehood,VERBATIM truth,2,3
informed,truthy_falsehood,GIST truth,5,2
informed,truthy_falsehood,VERBATIM truth,3,2
informed,truthy_falsehood,GIST truth,5,2
informed,truthy_falsehood,VERBATIM truth,3,2
informed,truthy_falsehood,GIST truth,6,1
informed,truthy_falsehood,VERBATIM truth,3,1
informed,truthy_falsehood,GIST truth,6,1
informed,truthy_falsehood,VERBATIM truth,3,1
informed,truthy_falsehood,GIST truth,6,1
informed,truthy_falsehood,VERBATIM truth,4,1
informed,truthy_falsehood,GIST truth,7,1
informed,truthy_falsehood,VERBATIM truth,4,1
informed,truthy_falsehood,GIST truth,6,1
informed,truthy_falsehood,VERBATIM truth,3,1
informed,truthy_falsehood,GIST truth,7,1
informed,truthy_falsehood,VERBATIM truth,3,1
informed,truthy_falsehood,GIST truth,7,1
informed,truthy_falsehood,VERBATIM truth,3,1
informed,truthy_falsehood,GIST truth,6,1
informed,truthy_falsehood,VERBATIM truth,4,1
informed,truthy_falsehood,GIST truth,7,1
informed,truthy_falsehood,VERBATIM truth,4,1
informed,truthy_falsehood,GIST truth,6,1
informed,truthy_falsehood,VERBATIM truth,3,1
informed,blatant_falsehood,GIST truth,1,7
informed,blatant_falsehood,VERBATIM truth,1,7
informed,blatant_falsehood,GIST truth,1,7
informed,blatant_falsehood,VERBATIM truth,1,7
informed,blatant_falsehood,GIST truth,1,7
informed,blatant_falsehood,VERBATIM truth,1,7
informed,blatant_falsehood,GIST truth,1,7
informed,blatant_falsehood,VERBATIM truth,1,7
informed,blatant_falsehood,GIST truth,1,7
informed,blatant_falsehood,VERBATIM truth,1,7
informed,blatant_falsehood,GIST truth,1,7
informed,blatant_falsehood,VERBATIM truth,1,7
informed,blatant_falsehood,GIST truth,1,7
informed,blatant_falsehood,VERBATIM truth,1,7
informed,blatant_falsehood,GIST truth,1,7
informed,blatant_falsehood,VERBATIM truth,1,7
informed,blatant_falsehood,GIST truth,1,7
informed,blatant_falsehood,VERBATIM truth,1,7
informed,blatant_falsehood,GIST truth,1,7
informed,blatant_falsehood,VERBATIM truth,1,7
informed,blatant_falsehood,GIST truth,1,6
informed,blatant_falsehood,VERBATIM truth,1,6
informed,blatant_falsehood,GIST truth,1,6
informed,blatant_falsehood,VERBATIM truth,1,6
informed,blatant_falsehood,GIST truth,1,6
informed,blatant_falsehood,VERBATIM truth,1,6
informed,blatant_falsehood,GIST truth,1,6
informed,blatant_falsehood,VERBATIM truth,1,6
informed,blatant_falsehood,GIST truth,1,6
informed,blatant_falsehood,VERBATIM truth,1,6
informed,blatant_falsehood,GIST truth,1,6
informed,blatant_falsehood,VERBATIM truth,1,6
informed,blatant_falsehood,GIST truth,1,6
informed,blatant_falsehood,VERBATIM truth,1,6
informed,blatant_falsehood,GIST truth,1,6
informed,blatant_falsehood,VERBATIM truth,1,6
informed,blatant_falsehood,GIST truth,1,6
informed,blatant_falsehood,VERBATIM truth,1,6
informed,blatant_falsehood,GIST truth,1,6
informed,blatant_falsehood,VERBATIM truth,1,6
informed,blatant_falsehood,GIST truth,1,7
informed,blatant_falsehood,VERBATIM truth,1,7
informed,blatant_falsehood,GIST truth,1,7
informed,blatant_falsehood,VERBATIM truth,1,7
informed,blatant_falsehood,GIST truth,1,7
informed,blatant_falsehood,VERBATIM truth,1,7
informed,blatant_falsehood,GIST truth,1,7
informed,blatant_falsehood,VERBATIM truth,1,7
informed,blatant_falsehood,GIST truth,1,7
informed,blatant_falsehood,VERBATIM truth,1,7
informed,blatant_falsehood,GIST truth,1,7
informed,blatant_falsehood,VERBATIM truth,1,7
informed,blatant_falsehood,GIST truth,1,7
informed,blatant_falsehood,VERBATIM truth,1,7
informed,blatant_falsehood,GIST truth,1,7
informed,blatant_falsehood,VERBATIM truth,1,7
informed,blatant_falsehood,GIST truth,1,7
informed,blatant_falsehood,VERBATIM truth,1,7
informed,blatant_falsehood,GIST truth,1,7
informed,blatant_falsehood,VERBATIM truth,1,7
informed,fully_true,GIST truth,7,1
informed,fully_true,VERBATIM truth,7,1
informed,fully_true,GIST truth,7,1
informed,fully_true,VERBATIM truth,7,1
informed,fully_true,GIST truth,7,1
informed,fully_true,VERBATIM truth,7,1
informed,fully_true,GIST truth,7,1
informed,fully_true,VERBATIM truth,7,1
informed,fully_true,GIST truth,7,1
informed,fully_true,VERBATIM truth,7,1
informed,fully_true,GIST truth,7,1
informed,fully_true,VERBATIM truth,7,1
informed,fully_true,GIST truth,7,1
informed,fully_true,VERBATIM truth,7,1
informed,fully_true,GIST truth,7,1
informed,fully_true,VERBATIM truth,7,1
informed,fully_true,GIST truth,7,1
informed,fully_true,VERBATIM truth,7,1
informed,fully_true,GIST truth,7,1
informed,fully_true,VERBATIM truth,7,1
informed,fully_true,GIST truth,7,1
informed,fully_true,VERBATIM truth,6,1
informed,fully_true,GIST truth,7,1
informed,fully_true,VERBATIM truth,6,1
informed,fully_true,GIST truth,7,1
informed,fully_true,VERBATIM truth,6,1
informed,fully_true,GIST truth,7,1
informed,fully_true,VERBATIM truth,6,1
informed,fully_true,GIST truth,7,1
informed,fully_true,VERBATIM truth,6,1
informed,fully_true,GIST truth,7,1
informed,fully_true,VERBATIM truth,6,1
informed,fully_true,GIST truth,7,1
informed,fully_true,VERBATIM truth,6,1
informed,fully_true,GIST truth,7,1
informed,fully_true,VERBATIM truth,6,1
informed,fully_true,GIST truth,7,1
informed,fully_true,VERBATIM truth,6,1
informed,fully_true,GIST truth,7,1
informed,fully_true,VERBATIM truth,6,1
informed,fully_true,GIST truth,7,1
informed,fully_true,VERBATIM truth,7,1
informed,fully_true,GIST truth,7,1
informed,fully_true,VERBATIM truth,7,1
informed,fully_true,GIST truth,7,1
informed,fully_true,VERBATIM truth,6,1
informed,fully_true,GIST truth,7,1
informed,fully_true,VERBATIM truth,7,1
informed,fully_true,GIST truth,7,1
informed,fully_true,VERBATIM truth,7,1
informed,fully_true,GIST truth,7,1
informed,fully_true,VERBATIM truth,6,1
informed,fully_true,GIST truth,7,1
informed,fully_true,VERBATIM truth,7,1
informed,fully_true,GIST truth,7,1
informed,fully_true,VERBATIM truth,7,1
informed,fully_true,GIST truth,7,1
informed,fully_true,VERBATIM truth,7,1
informed,fully_true,GIST truth,7,1
informed,fully_true,VERBATIM truth,6,1
informed,palter,GIST truth,3,2
informed,palter,VERBATIM truth,7,2
informed,palter,GIST truth,3,2
informed,palter,VERBATIM truth,7,2
informed,palter,GIST truth,3,2
informed,palter,VERBATIM truth,7,2
informed,palter,GIST truth,3,2
informed,palter,VERBATIM truth,7,2
informed,palter,GIST truth,3,2
informed,palter,VERBATIM truth,7,2
informed,palter,GIST truth,3,2
informed,palter,VERBATIM truth,7,2
informed,palter,GIST truth,3,1
informed,palter,VERBATIM truth,7,1
informed,palter,GIST truth,3,2
informed,palter,VERBATIM truth,7,2
informed,palter,GIST truth,3,2
informed,palter,VERBATIM truth,7,2
informed,palter,GIST truth,3,2
informed,palter,VERBATIM truth,7,2
informed,palter,GIST truth,3,3
informed,palter,VERBATIM truth,6,3
informed,palter,GIST truth,3,3
informed,palter,VERBATIM truth,6,3
informed,palter,GIST truth,3,3
informed,palter,VERBATIM truth,6,3
informed,palter,GIST truth,3,3
informed,palter,VERBATIM truth,6,3
informed,palter,GIST truth,3,4
informed,palter,VERBATIM truth,6,4
informed,palter,GIST truth,3,3
informed,palter,VERBATIM truth,6,3
informed,palter,GIST truth,3,3
informed,palter,VERBATIM truth,6,3
informed,palter,GIST truth,3,3
informed,palter,VERBATIM truth,6,3
informed,palter,GIST truth,3,4
informed,palter,VERBATIM truth,7,4
informed,palter,GIST truth,3,3
informed,palter,VERBATIM truth,6,3
informed,palter,GIST truth,2,5
informed,palter,VERBATIM truth,6,5
informed,palter,GIST truth,2,5
informed,palter,VERBATIM truth,6,5
informed,palter,GIST truth,2,5
informed,palter,VERBATIM truth,6,5
informed,palter,GIST truth,2,4
informed,palter,VERBATIM truth,6,4
informed,palter,GIST truth,2,5
informed,palter,VERBATIM truth,6,5
informed,palter,GIST truth,2,5
informed,palter,VERBATIM truth,6,5
informed,palter,GIST truth,2,5
informed,palter,VERBATIM truth,6,5
informed,palter,GIST truth,2,5
informed,palter,VERBATIM truth,6,5
informed,palter,GIST truth,2,5
informed,palter,VERBATIM truth,6,5
informed,palter,GIST truth,2,5
informed,palter,VERBATIM truth,6,5
informed,truthy_falsehood,GIST truth,7,1
informed,truthy_falsehood,VERBATIM truth,1,1
informed,truthy_falsehood,GIST truth,7,1
informed,truthy_falsehood,VERBATIM truth,1,1
informed,truthy_falsehood,GIST truth,7,1
informed,truthy_falsehood,VERBATIM truth,1,1
informed,truthy_falsehood,GIST truth,5,1
informed,truthy_falsehood,VERBATIM truth,1,1
informed,truthy_falsehood,GIST truth,7,1
informed,truthy_falsehood,VERBATIM truth,1,1
informed,truthy_falsehood,GIST truth,5,1
informed,truthy_falsehood,VERBATIM truth,1,1
informed,truthy_falsehood,GIST truth,7,1
informed,truthy_falsehood,VERBATIM truth,1,1
informed,truthy_falsehood,GIST truth,5,1
informed,truthy_falsehood,VERBATIM truth,1,1
informed,truthy_falsehood,GIST truth,7,1
informed,truthy_falsehood,VERBATIM truth,1,1
informed,truthy_falsehood,GIST truth,7,1
informed,truthy_falsehood,VERBATIM truth,1,1
informed,truthy_falsehood,GIST truth,5,3
informed,truthy_falsehood,VERBATIM truth,1,3
informed,truthy_falsehood,GIST truth,5,3
informed,truthy_falsehood,VERBATIM truth,1,3
informed,truthy_falsehood,GIST truth,5,3
informed,truthy_falsehood,VERBATIM truth,1,3
informed,truthy_falsehood,GIST truth,5,2
informed,truthy_falsehood,VERBATIM truth,1,2
informed,truthy_falsehood,GIST truth,5,3
informed,truthy_falsehood,VERBATIM truth,1,3
informed,truthy_falsehood,GIST truth,5,3
informed,truthy_falsehood,VERBATIM truth,1,3
informed,truthy_falsehood,GIST truth,4,3
informed,truthy_falsehood,VERBATIM truth,1,3
informed,truthy_falsehood,GIST truth,5,3
informed,truthy_falsehood,VERBATIM truth,1,3
informed,truthy_falsehood,GIST truth,5,3
informed,truthy_falsehood,VERBATIM truth,1,3
informed,truthy_falsehood,GIST truth,5,3
informed,truthy_falsehood,VERBATIM truth,1,3
informed,truthy_falsehood,GIST truth,3,4
informed,truthy_falsehood,VERBATIM truth,1,4
informed,truthy_falsehood,GIST truth,3,4
informed,truthy_falsehood,VERBATIM truth,1,4
informed,truthy_falsehood,GIST truth,4,3
informed,truthy_falsehood,VERBATIM truth,1,3
informed,truthy_falsehood,GIST truth,3,4
informed,truthy_falsehood,VERBATIM truth,1,4
informed,truthy_falsehood,GIST truth,3,4
informed,truthy_falsehood,VERBATIM truth,1,4
informed,truthy_falsehood,GIST truth,4,3
informed,truthy_falsehood,VERBATIM truth,1,3
informed,truthy_falsehood,GIST truth,4,3
informed,truthy_falsehood,VERBATIM truth,1,3
informed,truthy_falsehood,GIST truth,4,4
informed,truthy_falsehood,VERBATIM truth,1,4
informed,truthy_falsehood,GIST truth,3,4
informed,truthy_falsehood,VERBATIM truth,1,4
informed,truthy_falsehood,GIST truth,4,3
informed,truthy_falsehood,VERBATIM truth,1,3
informed,blatant_falsehood,GIST truth,1,6
informed,blatant_falsehood,VERBATIM truth,1,6
informed,blatant_falsehood,GIST truth,1,5
informed,blatant_falsehood,VERBATIM truth,1,5
informed,blatant_falsehood,GIST truth,1,5
informed,blatant_falsehood,VERBATIM truth,1,5
informed,blatant_falsehood,GIST truth,1,5
informed,blatant_falsehood,VERBATIM truth,1,5
informed,blatant_falsehood,GIST truth,1,5
informed,blatant_falsehood,VERBATIM truth,1,5
informed,blatant_falsehood,GIST truth,1,6
informed,blatant_falsehood,VERBATIM truth,1,6
informed,blatant_falsehood,GIST truth,1,6
informed,blatant_falsehood,VERBATIM truth,1,6
informed,blatant_falsehood,GIST truth,1,5
informed,blatant_falsehood,VERBATIM truth,1,5
informed,blatant_falsehood,GIST truth,1,7
informed,blatant_falsehood,VERBATIM truth,1,7
informed,blatant_falsehood,GIST truth,1,7
informed,blatant_falsehood,VERBATIM truth,1,7
informed,blatant_falsehood,GIST truth,1,6
informed,blatant_falsehood,VERBATIM truth,1,6
informed,blatant_falsehood,GIST truth,1,6
informed,blatant_falsehood,VERBATIM truth,1,6
informed,blatant_falsehood,GIST truth,1,6
informed,blatant_falsehood,VERBATIM truth,1,6
informed,blatant_falsehood,GIST truth,1,6
informed,blatant_falsehood,VERBATIM truth,1,6
informed,blatant_falsehood,GIST truth,1,6
informed,blatant_falsehood,VERBATIM truth,1,6
informed,blatant_falsehood,GIST truth,1,6
informed,blatant_falsehood,VERBATIM truth,1,6
informed,blatant_falsehood,GIST truth,1,6
informed,blatant_falsehood,VERBATIM truth,1,6
informed,blatant_falsehood,GIST truth,1,6
informed,blatant_falsehood,VERBATIM truth,1,6
informed,blatant_falsehood,GIST truth,1,6
informed,blatant_falsehood,VERBATIM truth,1,6
informed,blatant_falsehood,GIST truth,1,6
informed,blatant_falsehood,VERBATIM truth,1,6
informed,blatant_falsehood,GIST truth,1,6
informed,blatant_falsehood,VERBATIM truth,1,6
informed,blatant_falsehood,GIST truth,1,6
informed,blatant_falsehood,VERBATIM truth,1,6
informed,blatant_falsehood,GIST truth,1,6
informed,blatant_falsehood,VERBATIM truth,1,6
informed,blatant_falsehood,GIST truth,1,6
informed,blatant_falsehood,VERBATIM truth,1,6
informed,blatant_falsehood,GIST truth,1,6
informed,blatant_falsehood,VERBATIM truth,1,6
informed,blatant_falsehood,GIST truth,1,6
informed,blatant_falsehood,VERBATIM truth,1,6
informed,blatant_falsehood,GIST truth,1,6
informed,blatant_falsehood,VERBATIM truth,1,6
informed,blatant_falsehood,GIST truth,1,6
informed,blatant_falsehood,VERBATIM truth,1,6
informed,blatant_falsehood,GIST truth,1,6
informed,blatant_falsehood,VERBATIM truth,1,6
informed,blatant_falsehood,GIST truth,1,6
informed,blatant_falsehood,VERBATIM truth,1,6
informed,fully_true,GIST truth,7,1
informed,fully_true,VERBATIM truth,7,1
informed,fully_true,GIST truth,7,1
informed,fully_true,VERBATIM truth,7,1
informed,fully_true,GIST truth,7,1
informed,fully_true,VERBATIM truth,7,1
informed,fully_true,GIST truth,7,1
informed,fully_true,VERBATIM truth,7,1
informed,fully_true,GIST truth,7,1
informed,fully_true,VERBATIM truth,7,1
informed,fully_true,GIST truth,7,1
informed,fully_true,VERBATIM truth,7,1
informed,fully_true,GIST truth,7,1
informed,fully_true,VERBATIM truth,7,1
informed,fully_true,GIST truth,7,1
informed,fully_true,VERBATIM truth,7,1
informed,fully_true,GIST truth,7,1
informed,fully_true,VERBATIM truth,7,1
informed,fully_true,GIST truth,7,1
informed,fully_true,VERBATIM truth,7,1
informed,fully_true,GIST truth,7,1
informed,fully_true,VERBATIM truth,7,1
informed,fully_true,GIST truth,7,1
informed,fully_true,VERBATIM truth,7,1
informed,fully_true,GIST truth,7,1
informed,fully_true,VERBATIM truth,7,1
informed,fully_true,GIST truth,7,1
informed,fully_true,VERBATIM truth,7,1
informed,fully_true,GIST truth,7,1
informed,fully_true,VERBATIM truth,7,1
informed,fully_true,GIST truth,7,1
informed,fully_true,VERBATIM truth,7,1
informed,fully_true,GIST truth,7,1
informed,fully_true,VERBATIM truth,7,1
informed,fully_true,GIST truth,7,1
informed,fully_true,VERBATIM truth,7,1
informed,fully_true,GIST truth,7,1
informed,fully_true,VERBATIM truth,7,1
informed,fully_true,GIST truth,7,1
informed,fully_true,VERBATIM truth,7,1
informed,fully_true,GIST truth,7,1
informed,fully_true,VERBATIM truth,7,1
informed,fully_true,GIST truth,7,1
informed,fully_true,VERBATIM truth,7,1
informed,fully_true,GIST truth,7,1
informed,fully_true,VERBATIM truth,7,1
informed,fully_true,GIST truth,7,1
informed,fully_true,VERBATIM truth,7,1
informed,fully_true,GIST truth,7,1
informed,fully_true,VERBATIM truth,7,1
informed,fully_true,GIST truth,7,1
informed,fully_true,VERBATIM truth,7,1
informed,fully_true,GIST truth,7,1
informed,fully_true,VERBATIM truth,7,1
informed,fully_true,GIST truth,7,1
informed,fully_true,VERBATIM truth,7,1
informed,fully_true,GIST truth,7,1
informed,fully_true,VERBATIM truth,7,1
informed,fully_true,GIST truth,7,1
informed,fully_true,VERBATIM truth,7,1
informed,palter,GIST truth,2,5
informed,palter,VERBATIM truth,7,5
informed,palter,GIST truth,3,4
informed,palter,VERBATIM truth,7,4
informed,palter,GIST truth,2,5
informed,palter,VERBATIM truth,7,5
informed,palter,GIST truth,2,5
informed,palter,VERBATIM truth,7,5
informed,palter,GIST truth,2,5
informed,palter,VERBATIM truth,7,5
informed,palter,GIST truth,2,5
informed,palter,VERBATIM truth,7,5
informed,palter,GIST truth,3,4
informed,palter,VERBATIM truth,7,4
informed,palter,GIST truth,2,5
informed,palter,VERBATIM truth,7,5
informed,palter,GIST truth,3,4
informed,palter,VERBATIM truth,7,4
informed,palter,GIST truth,2,5
informed,palter,VERBATIM truth,7,5
informed,palter,GIST truth,2,5
informed,palter,VERBATIM truth,7,5
informed,palter,GIST truth,2,5
informed,palter,VERBATIM truth,7,5
informed,palter,GIST truth,2,5
informed,palter,VERBATIM truth,7,5
informed,palter,GIST truth,3,4
informed,palter,VERBATIM truth,7,4
informed,palter,GIST truth,3,5
informed,palter,VERBATIM truth,7,5
informed,palter,GIST truth,3,5
informed,palter,VERBATIM truth,7,5
informed,palter,GIST truth,2,5
informed,palter,VERBATIM truth,7,5
informed,palter,GIST truth,3,4
informed,palter,VERBATIM truth,7,4
informed,palter,GIST truth,3,4
informed,palter,VERBATIM truth,7,4
informed,palter,GIST truth,2,5
informed,palter,VERBATIM truth,7,5
informed,palter,GIST truth,2,5
informed,palter,VERBATIM truth,7,5
informed,palter,GIST truth,2,5
informed,palter,VERBATIM truth,7,5
informed,palter,GIST truth,2,6
informed,palter,VERBATIM truth,7,6
informed,palter,GIST truth,2,5
informed,palter,VERBATIM truth,7,5
informed,palter,GIST truth,2,6
informed,palter,VERBATIM truth,7,6
informed,palter,GIST truth,2,5
informed,palter,VERBATIM truth,7,5
informed,palter,GIST truth,2,6
informed,palter,VERBATIM truth,7,6
informed,palter,GIST truth,2,5
informed,palter,VERBATIM truth,7,5
informed,palter,GIST truth,2,6
informed,palter,VERBATIM truth,7,6
informed,palter,GIST truth,2,5
informed,palter,VERBATIM truth,7,5
informed,truthy_falsehood,GIST truth,3,1
informed,truthy_falsehood,VERBATIM truth,1,1
informed,truthy_falsehood,GIST truth,2,1
informed,truthy_falsehood,VERBATIM truth,1,1
informed,truthy_falsehood,GIST truth,2,1
informed,truthy_falsehood,VERBATIM truth,1,1
informed,truthy_falsehood,GIST truth,3,1
informed,truthy_falsehood,VERBATIM truth,1,1
informed,truthy_falsehood,GIST truth,2,1
informed,truthy_falsehood,VERBATIM truth,1,1
informed,truthy_falsehood,GIST truth,3,1
informed,truthy_falsehood,VERBATIM truth,1,1
informed,truthy_falsehood,GIST truth,2,1
informed,truthy_falsehood,VERBATIM truth,1,1
informed,truthy_falsehood,GIST truth,4,1
informed,truthy_falsehood,VERBATIM truth,1,1
informed,truthy_falsehood,GIST truth,2,1
informed,truthy_falsehood,VERBATIM truth,1,1
informed,truthy_falsehood,GIST truth,2,2
informed,truthy_falsehood,VERBATIM truth,1,2
informed,truthy_falsehood,GIST truth,5,3
informed,truthy_falsehood,VERBATIM truth,1,3
informed,truthy_falsehood,GIST truth,6,3
informed,truthy_falsehood,VERBATIM truth,1,3
informed,truthy_falsehood,GIST truth,5,4
informed,truthy_falsehood,VERBATIM truth,1,4
informed,truthy_falsehood,GIST truth,4,3
informed,truthy_falsehood,VERBATIM truth,1,3
informed,truthy_falsehood,GIST truth,5,4
informed,truthy_falsehood,VERBATIM truth,1,4
informed,truthy_falsehood,GIST truth,5,4
informed,truthy_falsehood,VERBATIM truth,1,4
informed,truthy_falsehood,GIST truth,5,4
informed,truthy_falsehood,VERBATIM truth,1,4
informed,truthy_falsehood,GIST truth,5,4
informed,truthy_falsehood,VERBATIM truth,1,4
informed,truthy_falsehood,GIST truth,5,4
informed,truthy_falsehood,VERBATIM truth,1,4
informed,truthy_falsehood,GIST truth,5,4
informed,truthy_falsehood,VERBATIM truth,1,4
informed,truthy_falsehood,GIST truth,4,4
informed,truthy_falsehood,VERBATIM truth,1,4
informed,truthy_falsehood,GIST truth,5,4
informed,truthy_falsehood,VERBATIM truth,1,4
informed,truthy_falsehood,GIST truth,5,4
informed,truthy_falsehood,VERBATIM truth,1,4
informed,truthy_falsehood,GIST truth,5,5
informed,truthy_falsehood,VERBATIM truth,1,5
informed,truthy_falsehood,GIST truth,5,4
informed,truthy_falsehood,VERBATIM truth,1,4
informed,truthy_falsehood,GIST truth,5,4
informed,truthy_falsehood,VERBATIM truth,1,4
informed,truthy_falsehood,GIST truth,5,4
informed,truthy_falsehood,VERBATIM truth,1,4
informed,truthy_falsehood,GIST truth,5,3
informed,truthy_falsehood,VERBATIM truth,1,3
informed,truthy_falsehood,GIST truth,4,4
informed,truthy_falsehood,VERBATIM truth,1,4
informed,truthy_falsehood,GIST truth,5,4
informed,truthy_falsehood,VERBATIM truth,1,4
informed,blatant_falsehood,GIST truth,1,7
informed,blatant_falsehood,VERBATIM truth,1,7
informed,blatant_falsehood,GIST truth,1,7
informed,blatant_falsehood,VERBATIM truth,1,7
informed,blatant_falsehood,GIST truth,1,7
informed,blatant_falsehood,VERBATIM truth,1,7
informed,blatant_falsehood,GIST truth,1,7
informed,blatant_falsehood,VERBATIM truth,1,7
informed,blatant_falsehood,GIST truth,1,7
informed,blatant_falsehood,VERBATIM truth,1,7
informed,blatant_falsehood,GIST truth,1,7
informed,blatant_falsehood,VERBATIM truth,1,7
informed,blatant_falsehood,GIST truth,1,7
informed,blatant_falsehood,VERBATIM truth,1,7
informed,blatant_falsehood,GIST truth,1,7
informed,blatant_falsehood,VERBATIM truth,1,7
informed,blatant_falsehood,GIST truth,1,7
informed,blatant_falsehood,VERBATIM truth,1,7
informed,blatant_falsehood,GIST truth,1,7
informed,blatant_falsehood,VERBATIM truth,1,7
informed,blatant_falsehood,GIST truth,1,6
informed,blatant_falsehood,VERBATIM truth,1,6
informed,blatant_falsehood,GIST truth,1,6
informed,blatant_falsehood,VERBATIM truth,1,6
informed,blatant_falsehood,GIST truth,1,7
informed,blatant_falsehood,VERBATIM truth,1,7
informed,blatant_falsehood,GIST truth,1,7
informed,blatant_falsehood,VERBATIM truth,1,7
informed,blatant_falsehood,GIST truth,1,6
informed,blatant_falsehood,VERBATIM truth,1,6
informed,blatant_falsehood,GIST truth,1,6
informed,blatant_falsehood,VERBATIM truth,1,6
informed,blatant_falsehood,GIST truth,1,6
informed,blatant_falsehood,VERBATIM truth,1,6
informed,blatant_falsehood,GIST truth,1,6
informed,blatant_falsehood,VERBATIM truth,1,6
informed,blatant_falsehood,GIST truth,1,6
informed,blatant_falsehood,VERBATIM truth,1,6
informed,blatant_falsehood,GIST truth,1,6
informed,blatant_falsehood,VERBATIM truth,1,6
informed,blatant_falsehood,GIST truth,1,7
informed,blatant_falsehood,VERBATIM truth,1,7
informed,blatant_falsehood,GIST truth,1,7
informed,blatant_falsehood,VERBATIM truth,1,7
informed,blatant_falsehood,GIST truth,1,7
informed,blatant_falsehood,VERBATIM truth,1,7
informed,blatant_falsehood,GIST truth,1,7
informed,blatant_falsehood,VERBATIM truth,1,7
informed,blatant_falsehood,GIST truth,1,7
informed,blatant_falsehood,VERBATIM truth,1,7
informed,blatant_falsehood,GIST truth,1,7
informed,blatant_falsehood,VERBATIM truth,1,7
informed,blatant_falsehood,GIST truth,1,7
informed,blatant_falsehood,VERBATIM truth,1,7
informed,blatant_falsehood,GIST truth,1,7
informed,blatant_falsehood,VERBATIM truth,1,7
informed,blatant_falsehood,GIST truth,1,7
informed,blatant_falsehood,VERBATIM truth,1,7
informed,blatant_falsehood,GIST truth,1,7
informed,blatant_falsehood,VERBATIM truth,1,7
informed,fully_true,GIST truth,7,1
informed,fully_true,VERBATIM truth,7,1
informed,fully_true,GIST truth,7,1
informed,fully_true,VERBATIM truth,7,1
informed,fully_true,GIST truth,7,1
informed,fully_true,VERBATIM truth,7,1
informed,fully_true,GIST truth,7,1
informed,fully_true,VERBATIM truth,7,1
informed,fully_true,GIST truth,7,1
informed,fully_true,VERBATIM truth,7,1
informed,fully_true,GIST truth,7,1
informed,fully_true,VERBATIM truth,7,1
informed,fully_true,GIST truth,7,1
informed,fully_true,VERBATIM truth,7,1
informed,fully_true,GIST truth,7,1
informed,fully_true,VERBATIM truth,7,1
informed,fully_true,GIST truth,7,1
informed,fully_true,VERBATIM truth,7,1
informed,fully_true,GIST truth,7,1
informed,fully_true,VERBATIM truth,7,1
informed,fully_true,GIST truth,7,1
informed,fully_true,VERBATIM truth,6,1
informed,fully_true,GIST truth,7,1
informed,fully_true,VERBATIM truth,7,1
informed,fully_true,GIST truth,7,1
informed,fully_true,VERBATIM truth,7,1
informed,fully_true,GIST truth,7,1
informed,fully_true,VERBATIM truth,6,1
informed,fully_true,GIST truth,7,1
informed,fully_true,VERBATIM truth,6,1
informed,fully_true,GIST truth,7,1
informed,fully_true,VERBATIM truth,6,1
informed,fully_true,GIST truth,7,1
informed,fully_true,VERBATIM truth,6,1
informed,fully_true,GIST truth,7,1
informed,fully_true,VERBATIM truth,7,1
informed,fully_true,GIST truth,7,1
informed,fully_true,VERBATIM truth,7,1
informed,fully_true,GIST truth,7,1
informed,fully_true,VERBATIM truth,7,1
informed,fully_true,GIST truth,7,1
informed,fully_true,VERBATIM truth,7,1
informed,fully_true,GIST truth,7,1
informed,fully_true,VERBATIM truth,7,1
informed,fully_true,GIST truth,7,1
informed,fully_true,VERBATIM truth,7,1
informed,fully_true,GIST truth,7,1
informed,fully_true,VERBATIM truth,7,1
informed,fully_true,GIST truth,7,1
informed,fully_true,VERBATIM truth,7,1
informed,fully_true,GIST truth,7,1
informed,fully_true,VERBATIM truth,7,1
informed,fully_true,GIST truth,7,1
informed,fully_true,VERBATIM truth,7,1
informed,fully_true,GIST truth,7,1
informed,fully_true,VERBATIM truth,7,1
informed,fully_true,GIST truth,7,1
informed,fully_true,VERBATIM truth,7,1
informed,fully_true,GIST truth,7,1
informed,fully_true,VERBATIM truth,7,1
informed,palter,GIST truth,3,4
informed,palter,VERBATIM truth,7,4
informed,palter,GIST truth,3,2
informed,palter,VERBATIM truth,7,2
informed,palter,GIST truth,3,2
informed,palter,VERBATIM truth,7,2
informed,palter,GIST truth,3,4
informed,palter,VERBATIM truth,7,4
informed,palter,GIST truth,3,2
informed,palter,VERBATIM truth,7,2
informed,palter,GIST truth,5,2
informed,palter,VERBATIM truth,7,2
informed,palter,GIST truth,3,5
informed,palter,VERBATIM truth,7,5
informed,palter,GIST truth,4,2
informed,palter,VERBATIM truth,7,2
informed,palter,GIST truth,3,2
informed,palter,VERBATIM truth,7,2
informed,palter,GIST truth,2,5
informed,palter,VERBATIM truth,7,5
informed,palter,GIST truth,3,4
informed,palter,VERBATIM truth,6,4
informed,palter,GIST truth,3,4
informed,palter,VERBATIM truth,6,4
informed,palter,GIST truth,4,4
informed,palter,VERBATIM truth,6,4
informed,palter,GIST truth,4,3
informed,palter,VERBATIM truth,6,3
informed,palter,GIST truth,4,3
informed,palter,VERBATIM truth,6,3
informed,palter,GIST truth,4,4
informed,palter,VERBATIM truth,6,4
informed,palter,GIST truth,4,4
informed,palter,VERBATIM truth,7,4
informed,palter,GIST truth,3,4
informed,palter,VERBATIM truth,6,4
informed,palter,GIST truth,4,4
informed,palter,VERBATIM truth,6,4
informed,palter,GIST truth,4,4
informed,palter,VERBATIM truth,6,4
informed,palter,GIST truth,2,5
informed,palter,VERBATIM truth,6,5
informed,palter,GIST truth,2,5
informed,palter,VERBATIM truth,6,5
informed,palter,GIST truth,2,5
informed,palter,VERBATIM truth,6,5
informed,palter,GIST truth,3,5
informed,palter,VERBATIM truth,6,5
informed,palter,GIST truth,2,5
informed,palter,VERBATIM truth,6,5
informed,palter,GIST truth,2,5
informed,palter,VERBATIM truth,6,5
informed,palter,GIST truth,2,5
informed,palter,VERBATIM truth,6,5
informed,palter,GIST truth,2,5
informed,palter,VERBATIM truth,6,5
informed,palter,GIST truth,2,5
informed,palter,VERBATIM truth,6,5
informed,palter,GIST truth,2,5
informed,palter,VERBATIM truth,6,5
informed,truthy_falsehood,GIST truth,5,1
informed,truthy_falsehood,VERBATIM truth,3,1
informed,truthy_falsehood,GIST truth,6,1
informed,truthy_falsehood,VERBATIM truth,3,1
informed,truthy_falsehood,GIST truth,5,1
informed,truthy_falsehood,VERBATIM truth,3,1
informed,truthy_falsehood,GIST truth,5,1
informed,truthy_falsehood,VERBATIM truth,3,1
informed,truthy_falsehood,GIST truth,5,1
informed,truthy_falsehood,VERBATIM truth,3,1
informed,truthy_falsehood,GIST truth,6,1
informed,truthy_falsehood,VERBATIM truth,3,1
informed,truthy_falsehood,GIST truth,5,1
informed,truthy_falsehood,VERBATIM truth,3,1
informed,truthy_falsehood,GIST truth,5,1
informed,truthy_falsehood,VERBATIM truth,3,1
informed,truthy_falsehood,GIST truth,5,1
informed,truthy_falsehood,VERBATIM truth,3,1
informed,truthy_falsehood,GIST truth,5,1
informed,truthy_falsehood,VERBATIM truth,3,1
informed,truthy_falsehood,GIST truth,5,1
informed,truthy_falsehood,VERBATIM truth,2,1
informed,truthy_falsehood,GIST truth,3,2
informed,truthy_falsehood,VERBATIM truth,2,2
informed,truthy_falsehood,GIST truth,5,1
informed,truthy_falsehood,VERBATIM truth,2,1
informed,truthy_falsehood,GIST truth,5,2
informed,truthy_falsehood,VERBATIM truth,2,2
informed,truthy_falsehood,GIST truth,5,1
informed,truthy_falsehood,VERBATIM truth,2,1
informed,truthy_falsehood,GIST truth,5,2
informed,truthy_falsehood,VERBATIM truth,2,2
informed,truthy_falsehood,GIST truth,4,2
informed,truthy_falsehood,VERBATIM truth,2,2
informed,truthy_falsehood,GIST truth,5,2
informed,truthy_falsehood,VERBATIM truth,2,2
informed,truthy_falsehood,GIST truth,5,2
informed,truthy_falsehood,VERBATIM truth,3,2
informed,truthy_falsehood,GIST truth,6,1
informed,truthy_falsehood,VERBATIM truth,3,1
informed,truthy_falsehood,GIST truth,6,2
informed,truthy_falsehood,VERBATIM truth,3,2
informed,truthy_falsehood,GIST truth,6,2
informed,truthy_falsehood,VERBATIM truth,3,2
informed,truthy_falsehood,GIST truth,6,3
informed,truthy_falsehood,VERBATIM truth,3,3
informed,truthy_falsehood,GIST truth,6,2
informed,truthy_falsehood,VERBATIM truth,3,2
informed,truthy_falsehood,GIST truth,6,3
informed,truthy_falsehood,VERBATIM truth,3,3
informed,truthy_falsehood,GIST truth,5,3
informed,truthy_falsehood,VERBATIM truth,3,3
informed,truthy_falsehood,GIST truth,5,2
informed,truthy_falsehood,VERBATIM truth,3,2
informed,truthy_falsehood,GIST truth,5,3
informed,truthy_falsehood,VERBATIM truth,3,3
informed,truthy_falsehood,GIST truth,5,3
informed,truthy_falsehood,VERBATIM truth,3,3
informed,truthy_falsehood,GIST truth,6,3
informed,truthy_falsehood,VERBATIM truth,3,3
informed,blatant_falsehood,GIST truth,1,7
informed,blatant_falsehood,VERBATIM truth,1,7
informed,blatant_falsehood,GIST truth,1,7
informed,blatant_falsehood,VERBATIM truth,1,7
informed,blatant_falsehood,GIST truth,1,7
informed,blatant_falsehood,VERBATIM truth,1,7
informed,blatant_falsehood,GIST truth,1,7
informed,blatant_falsehood,VERBATIM truth,1,7
informed,blatant_falsehood,GIST truth,1,7
informed,blatant_falsehood,VERBATIM truth,1,7
informed,blatant_falsehood,GIST truth,1,7
informed,blatant_falsehood,VERBATIM truth,1,7
informed,blatant_falsehood,GIST truth,1,7
informed,blatant_falsehood,VERBATIM truth,1,7
informed,blatant_falsehood,GIST truth,1,7
informed,blatant_falsehood,VERBATIM truth,1,7
informed,blatant_falsehood,GIST truth,1,7
informed,blatant_falsehood,VERBATIM truth,1,7
informed,blatant_falsehood,GIST truth,1,7
informed,blatant_falsehood,VERBATIM truth,1,7
informed,blatant_falsehood,GIST truth,1,7
informed,blatant_falsehood,VERBATIM truth,1,7
informed,blatant_falsehood,GIST truth,1,7
informed,blatant_falsehood,VERBATIM truth,1,7
informed,blatant_falsehood,GIST truth,1,7
informed,blatant_falsehood,VERBATIM truth,1,7
informed,blatant_falsehood,GIST truth,1,7
informed,blatant_falsehood,VERBATIM truth,1,7
informed,blatant_falsehood,GIST truth,1,7
informed,blatant_falsehood,VERBATIM truth,1,7
informed,blatant_falsehood,GIST truth,1,7
informed,blatant_falsehood,VERBATIM truth,1,7
informed,blatant_falsehood,GIST truth,1,7
informed,blatant_falsehood,VERBATIM truth,1,7
informed,blatant_falsehood,GIST truth,1,7
informed,blatant_falsehood,VERBATIM truth,1,7
informed,blatant_falsehood,GIST truth,1,7
informed,blatant_falsehood,VERBATIM truth,1,7
informed,blatant_falsehood,GIST truth,1,7
informed,blatant_falsehood,VERBATIM truth,1,7
informed,blatant_falsehood,GIST truth,1,7
informed,blatant_falsehood,VERBATIM truth,1,7
informed,blatant_falsehood,GIST truth,1,7
informed,blatant_falsehood,VERBATIM truth,1,7
informed,blatant_falsehood,GIST truth,1,6
informed,blatant_falsehood,VERBATIM truth,1,6
informed,blatant_falsehood,GIST truth,1,7
informed,blatant_falsehood,VERBATIM truth,1,7
informed,blatant_falsehood,GIST truth,1,7
informed,blatant_falsehood,VERBATIM truth,1,7
informed,blatant_falsehood,GIST truth,1,7
informed,blatant_falsehood,VERBATIM truth,1,7
informed,blatant_falsehood,GIST truth,1,7
informed,blatant_falsehood,VERBATIM truth,1,7
informed,blatant_falsehood,GIST truth,1,6
informed,blatant_falsehood,VERBATIM truth,1,6
informed,blatant_falsehood,GIST truth,1,6
informed,blatant_falsehood,VERBATIM truth,1,6
informed,blatant_falsehood,GIST truth,1,7
informed,blatant_falsehood,VERBATIM truth,1,7
informed,fully_true,GIST truth,7,1
informed,fully_true,VERBATIM truth,7,1
informed,fully_true,GIST truth,7,1
informed,fully_true,VERBATIM truth,7,1
informed,fully_true,GIST truth,7,1
informed,fully_true,VERBATIM truth,7,1
informed,fully_true,GIST truth,7,1
informed,fully_true,VERBATIM truth,7,1
informed,fully_true,GIST truth,7,1
informed,fully_true,VERBATIM truth,7,1
informed,fully_true,GIST truth,7,1
informed,fully_true,VERBATIM truth,7,1
informed,fully_true,GIST truth,7,1
informed,fully_true,VERBATIM truth,7,1
informed,fully_true,GIST truth,7,1
informed,fully_true,VERBATIM truth,7,1
informed,fully_true,GIST truth,7,1
informed,fully_true,VERBATIM truth,7,1
informed,fully_true,GIST truth,7,1
informed,fully_true,VERBATIM truth,7,1
informed,fully_true,GIST truth,7,1
informed,fully_true,VERBATIM truth,7,1
informed,fully_true,GIST truth,7,1
informed,fully_true,VERBATIM truth,7,1
informed,fully_true,GIST truth,7,1
informed,fully_true,VERBATIM truth,7,1
informed,fully_true,GIST truth,7,1
informed,fully_true,VERBATIM truth,7,1
informed,fully_true,GIST truth,7,1
informed,fully_true,VERBATIM truth,7,1
informed,fully_true,GIST truth,7,1
informed,fully_true,VERBATIM truth,7,1
informed,fully_true,GIST truth,7,1
informed,fully_true,VERBATIM truth,7,1
informed,fully_true,GIST truth,7,1
informed,fully_true,VERBATIM truth,7,1
informed,fully_true,GIST truth,7,1
informed,fully_true,VERBATIM truth,7,1
informed,fully_true,GIST truth,7,1
informed,fully_true,VERBATIM truth,7,1
informed,fully_true,GIST truth,7,1
informed,fully_true,VERBATIM truth,7,1
informed,fully_true,GIST truth,7,1
informed,fully_true,VERBATIM truth,6,1
informed,fully_true,GIST truth,7,1
informed,fully_true,VERBATIM truth,6,1
informed,fully_true,GIST truth,7,1
informed,fully_true,VERBATIM truth,6,1
informed,fully_true,GIST truth,7,1
informed,fully_true,VERBATIM truth,6,1
informed,fully_true,GIST truth,7,1
informed,fully_true,VERBATIM truth,6,1
informed,fully_true,GIST truth,7,1
informed,fully_true,VERBATIM truth,6,1
informed,fully_true,GIST truth,7,1
informed,fully_true,VERBATIM truth,6,1
informed,fully_true,GIST truth,7,1
informed,fully_true,VERBATIM truth,7,1
informed,fully_true,GIST truth,7,1
informed,fully_true,VERBATIM truth,6,1
informed,palter,GIST truth,5,2
informed,palter,VERBATIM truth,7,2
informed,palter,GIST truth,3,2
informed,palter,VERBATIM truth,7,2
informed,palter,GIST truth,2,5
informed,palter,VERBATIM truth,7,5
informed,palter,GIST truth,5,2
informed,palter,VERBATIM truth,7,2
informed,palter,GIST truth,3,2
informed,palter,VERBATIM truth,7,2
informed,palter,GIST truth,3,2
informed,palter,VERBATIM truth,7,2
informed,palter,GIST truth,3,2
informed,palter,VERBATIM truth,4,2
informed,palter,GIST truth,2,2
informed,palter,VERBATIM truth,3,2
informed,palter,GIST truth,3,2
informed,palter,VERBATIM truth,7,2
informed,palter,GIST truth,2,5
informed,palter,VERBATIM truth,7,5
informed,palter,GIST truth,3,3
informed,palter,VERBATIM truth,6,3
informed,palter,GIST truth,3,3
informed,palter,VERBATIM truth,5,3
informed,palter,GIST truth,3,3
informed,palter,VERBATIM truth,6,3
informed,palter,GIST truth,3,3
informed,palter,VERBATIM truth,5,3
informed,palter,GIST truth,3,3
informed,palter,VERBATIM truth,6,3
informed,palter,GIST truth,3,2
informed,palter,VERBATIM truth,5,2
informed,palter,GIST truth,3,3
informed,palter,VERBATIM truth,4,3
informed,palter,GIST truth,3,3
informed,palter,VERBATIM truth,6,3
informed,palter,GIST truth,3,3
informed,palter,VERBATIM truth,5,3
informed,palter,GIST truth,3,2
informed,palter,VERBATIM truth,6,2
informed,palter,GIST truth,2,5
informed,palter,VERBATIM truth,6,5
informed,palter,GIST truth,2,5
informed,palter,VERBATIM truth,6,5
informed,palter,GIST truth,2,5
informed,palter,VERBATIM truth,6,5
informed,palter,GIST truth,2,5
informed,palter,VERBATIM truth,4,5
informed,palter,GIST truth,2,5
informed,palter,VERBATIM truth,4,5
informed,palter,GIST truth,2,5
informed,palter,VERBATIM truth,5,5
informed,palter,GIST truth,2,5
informed,palter,VERBATIM truth,6,5
informed,palter,GIST truth,2,5
informed,palter,VERBATIM truth,5,5
informed,palter,GIST truth,2,5
informed,palter,VERBATIM truth,6,5
informed,palter,GIST truth,2,5
informed,palter,VERBATIM truth,6,5
informed,truthy_falsehood,GIST truth,6,1
informed,truthy_falsehood,VERBATIM truth,2,1
informed,truthy_falsehood,GIST truth,5,1
informed,truthy_falsehood,VERBATIM truth,2,1
informed,truthy_falsehood,GIST truth,5,1
informed,truthy_falsehood,VERBATIM truth,2,1
informed,truthy_falsehood,GIST truth,5,1
informed,truthy_falsehood,VERBATIM truth,2,1
informed,truthy_falsehood,GIST truth,6,1
informed,truthy_falsehood,VERBATIM truth,2,1
informed,truthy_falsehood,GIST truth,6,1
informed,truthy_falsehood,VERBATIM truth,2,1
informed,truthy_falsehood,GIST truth,5,1
informed,truthy_falsehood,VERBATIM truth,2,1
informed,truthy_falsehood,GIST truth,5,1
informed,truthy_falsehood,VERBATIM truth,2,1
informed,truthy_falsehood,GIST truth,5,1
informed,truthy_falsehood,VERBATIM truth,2,1
informed,truthy_falsehood,GIST truth,6,1
informed,truthy_falsehood,VERBATIM truth,2,1
informed,truthy_falsehood,GIST truth,6,1
informed,truthy_falsehood,VERBATIM truth,2,1
informed,truthy_falsehood,GIST truth,5,1
informed,truthy_falsehood,VERBATIM truth,2,1
informed,truthy_falsehood,GIST truth,5,1
informed,truthy_falsehood,VERBATIM truth,2,1
informed,truthy_falsehood,GIST truth,6,1
informed,truthy_falsehood,VERBATIM truth,2,1
informed,truthy_falsehood,GIST truth,6,1
informed,truthy_falsehood,VERBATIM truth,2,1
informed,truthy_falsehood,GIST truth,5,1
informed,truthy_falsehood,VERBATIM truth,2,1
informed,truthy_falsehood,GIST truth,5,2
informed,truthy_falsehood,VERBATIM truth,2,2
informed,truthy_falsehood,GIST truth,5,1
informed,truthy_falsehood,VERBATIM truth,2,1
informed,truthy_falsehood,GIST truth,6,1
informed,truthy_falsehood,VERBATIM truth,2,1
informed,truthy_falsehood,GIST truth,5,1
informed,truthy_falsehood,VERBATIM truth,3,1
informed,truthy_falsehood,GIST truth,6,2
informed,truthy_falsehood,VERBATIM truth,2,2
informed,truthy_falsehood,GIST truth,5,3
informed,truthy_falsehood,VERBATIM truth,2,3
informed,truthy_falsehood,GIST truth,5,3
informed,truthy_falsehood,VERBATIM truth,2,3
informed,truthy_falsehood,GIST truth,6,2
informed,truthy_falsehood,VERBATIM truth,2,2
informed,truthy_falsehood,GIST truth,5,3
informed,truthy_falsehood,VERBATIM truth,2,3
informed,truthy_falsehood,GIST truth,5,3
informed,truthy_falsehood,VERBATIM truth,2,3
informed,truthy_falsehood,GIST truth,5,3
informed,truthy_falsehood,VERBATIM truth,2,3
informed,truthy_falsehood,GIST truth,6,3
informed,truthy_falsehood,VERBATIM truth,2,3
informed,truthy_falsehood,GIST truth,5,3
informed,truthy_falsehood,VERBATIM truth,2,3
informed,truthy_falsehood,GIST truth,6,2
informed,truthy_falsehood,VERBATIM truth,2,2
informed,blatant_falsehood,GIST truth,1,5
informed,blatant_falsehood,VERBATIM truth,1,5
informed,blatant_falsehood,GIST truth,1,4
informed,blatant_falsehood,VERBATIM truth,1,4
informed,blatant_falsehood,GIST truth,1,7
informed,blatant_falsehood,VERBATIM truth,1,7
informed,blatant_falsehood,GIST truth,1,7
informed,blatant_falsehood,VERBATIM truth,1,7
informed,blatant_falsehood,GIST truth,1,7
informed,blatant_falsehood,VERBATIM truth,1,7
informed,blatant_falsehood,GIST truth,1,5
informed,blatant_falsehood,VERBATIM truth,1,5
informed,blatant_falsehood,GIST truth,1,7
informed,blatant_falsehood,VERBATIM truth,1,7
informed,blatant_falsehood,GIST truth,1,7
informed,blatant_falsehood,VERBATIM truth,1,7
informed,blatant_falsehood,GIST truth,1,4
informed,blatant_falsehood,VERBATIM truth,1,4
informed,blatant_falsehood,GIST truth,1,7
informed,blatant_falsehood,VERBATIM truth,1,7
informed,blatant_falsehood,GIST truth,1,5
informed,blatant_falsehood,VERBATIM truth,1,5
informed,blatant_falsehood,GIST truth,1,6
informed,blatant_falsehood,VERBATIM truth,1,6
informed,blatant_falsehood,GIST truth,1,6
informed,blatant_falsehood,VERBATIM truth,1,6
informed,blatant_falsehood,GIST truth,1,6
informed,blatant_falsehood,VERBATIM truth,1,6
informed,blatant_falsehood,GIST truth,1,5
informed,blatant_falsehood,VERBATIM truth,1,5
informed,blatant_falsehood,GIST truth,1,6
informed,blatant_falsehood,VERBATIM truth,1,6
informed,blatant_falsehood,GIST truth,1,5
informed,blatant_falsehood,VERBATIM truth,1,5
informed,blatant_falsehood,GIST truth,1,6
informed,blatant_falsehood,VERBATIM truth,1,6
informed,blatant_falsehood,GIST truth,1,5
informed,blatant_falsehood,VERBATIM truth,1,5
informed,blatant_falsehood,GIST truth,1,6
informed,blatant_falsehood,VERBATIM truth,1,6
informed,blatant_falsehood,GIST truth,1,6
informed,blatant_falsehood,VERBATIM truth,1,6
informed,blatant_falsehood,GIST truth,1,6
informed,blatant_falsehood,VERBATIM truth,1,6
informed,blatant_falsehood,GIST truth,1,6
informed,blatant_falsehood,VERBATIM truth,1,6
informed,blatant_falsehood,GIST truth,1,6
informed,blatant_falsehood,VERBATIM truth,1,6
informed,blatant_falsehood,GIST truth,1,6
informed,blatant_falsehood,VERBATIM truth,1,6
informed,blatant_falsehood,GIST truth,1,6
informed,blatant_falsehood,VERBATIM truth,1,6
informed,blatant_falsehood,GIST truth,1,6
informed,blatant_falsehood,VERBATIM truth,1,6
informed,blatant_falsehood,GIST truth,1,6
informed,blatant_falsehood,VERBATIM truth,1,6
informed,blatant_falsehood,GIST truth,1,6
informed,blatant_falsehood,VERBATIM truth,1,6
informed,blatant_falsehood,GIST truth,1,6
informed,blatant_falsehood,VERBATIM truth,1,6
informed,fully_true,GIST truth,7,1
informed,fully_true,VERBATIM truth,7,1
informed,fully_true,GIST truth,7,1
informed,fully_true,VERBATIM truth,7,1
informed,fully_true,GIST truth,7,1
informed,fully_true,VERBATIM truth,7,1
informed,fully_true,GIST truth,7,1
informed,fully_true,VERBATIM truth,7,1
informed,fully_true,GIST truth,7,1
informed,fully_true,VERBATIM truth,7,1
informed,fully_true,GIST truth,7,1
informed,fully_true,VERBATIM truth,7,1
informed,fully_true,GIST truth,7,1
informed,fully_true,VERBATIM truth,7,1
informed,fully_true,GIST truth,7,1
informed,fully_true,VERBATIM truth,7,1
informed,fully_true,GIST truth,7,1
informed,fully_true,VERBATIM truth,7,1
informed,fully_true,GIST truth,7,1
informed,fully_true,VERBATIM truth,7,1
informed,fully_true,GIST truth,7,1
informed,fully_true,VERBATIM truth,7,1
informed,fully_true,GIST truth,7,1
informed,fully_true,VERBATIM truth,7,1
informed,fully_true,GIST truth,7,1
informed,fully_true,VERBATIM truth,7,1
informed,fully_true,GIST truth,7,1
informed,fully_true,VERBATIM truth,7,1
informed,fully_true,GIST truth,7,1
informed,fully_true,VERBATIM truth,7,1
informed,fully_true,GIST truth,7,1
informed,fully_true,VERBATIM truth,7,1
informed,fully_true,GIST truth,7,1
informed,fully_true,VERBATIM truth,7,1
informed,fully_true,GIST truth,7,1
informed,fully_true,VERBATIM truth,7,1
informed,fully_true,GIST truth,7,1
informed,fully_true,VERBATIM truth,7,1
informed,fully_true,GIST truth,7,1
informed,fully_true,VERBATIM truth,7,1
informed,fully_true,GIST truth,7,1
informed,fully_true,VERBATIM truth,7,1
informed,fully_true,GIST truth,7,1
informed,fully_true,VERBATIM truth,7,1
informed,fully_true,GIST truth,7,1
informed,fully_true,VERBATIM truth,7,1
informed,fully_true,GIST truth,7,1
informed,fully_true,VERBATIM truth,7,1
informed,fully_true,GIST truth,7,1
informed,fully_true,VERBATIM truth,7,1
informed,fully_true,GIST truth,7,1
informed,fully_true,VERBATIM truth,7,1
informed,fully_true,GIST truth,7,1
informed,fully_true,VERBATIM truth,7,1
informed,fully_true,GIST truth,7,1
informed,fully_true,VERBATIM truth,7,1
informed,fully_true,GIST truth,7,1
informed,fully_true,VERBATIM truth,7,1
informed,fully_true,GIST truth,7,1
informed,fully_true,VERBATIM truth,7,1
informed,palter,GIST truth,2,5
informed,palter,VERBATIM truth,7,5
informed,palter,GIST truth,3,4
informed,palter,VERBATIM truth,7,4
informed,palter,GIST truth,3,4
informed,palter,VERBATIM truth,7,4
informed,palter,GIST truth,2,5
informed,palter,VERBATIM truth,7,5
informed,palter,GIST truth,3,4
informed,palter,VERBATIM truth,7,4
informed,palter,GIST truth,3,4
informed,palter,VERBATIM truth,7,4
informed,palter,GIST truth,2,5
informed,palter,VERBATIM truth,7,5
informed,palter,GIST truth,3,4
informed,palter,VERBATIM truth,7,4
informed,palter,GIST truth,2,5
informed,palter,VERBATIM truth,7,5
informed,palter,GIST truth,2,5
informed,palter,VERBATIM truth,7,5
informed,palter,GIST truth,3,4
informed,palter,VERBATIM truth,6,4
informed,palter,GIST truth,2,4
informed,palter,VERBATIM truth,6,4
informed,palter,GIST truth,3,4
informed,palter,VERBATIM truth,6,4
informed,palter,GIST truth,4,3
informed,palter,VERBATIM truth,6,3
informed,palter,GIST truth,4,3
informed,palter,VERBATIM truth,6,3
informed,palter,GIST truth,3,4
informed,palter,VERBATIM truth,6,4
informed,palter,GIST truth,4,3
informed,palter,VERBATIM truth,6,3
informed,palter,GIST truth,3,4
informed,palter,VERBATIM truth,6,4
informed,palter,GIST truth,4,4
informed,palter,VERBATIM truth,6,4
informed,palter,GIST truth,3,3
informed,palter,VERBATIM truth,6,3
informed,palter,GIST truth,2,5
informed,palter,VERBATIM truth,6,5
informed,palter,GIST truth,2,6
informed,palter,VERBATIM truth,6,6
informed,palter,GIST truth,2,6
informed,palter,VERBATIM truth,6,6
informed,palter,GIST truth,2,5
informed,palter,VERBATIM truth,6,5
informed,palter,GIST truth,2,5
informed,palter,VERBATIM truth,6,5
informed,palter,GIST truth,2,5
informed,palter,VERBATIM truth,6,5
informed,palter,GIST truth,3,5
informed,palter,VERBATIM truth,6,5
informed,palter,GIST truth,2,5
informed,palter,VERBATIM truth,6,5
informed,palter,GIST truth,2,5
informed,palter,VERBATIM truth,6,5
informed,palter,GIST truth,2,6
informed,palter,VERBATIM truth,6,6
informed,truthy_falsehood,GIST truth,7,1
informed,truthy_falsehood,VERBATIM truth,2,1
informed,truthy_falsehood,GIST truth,7,1
informed,truthy_falsehood,VERBATIM truth,2,1
informed,truthy_falsehood,GIST truth,7,1
informed,truthy_falsehood,VERBATIM truth,3,1
informed,truthy_falsehood,GIST truth,7,1
informed,truthy_falsehood,VERBATIM truth,2,1
informed,truthy_falsehood,GIST truth,7,1
informed,truthy_falsehood,VERBATIM truth,4,1
informed,truthy_falsehood,GIST truth,7,1
informed,truthy_falsehood,VERBATIM truth,2,1
informed,truthy_falsehood,GIST truth,7,1
informed,truthy_falsehood,VERBATIM truth,2,1
informed,truthy_falsehood,GIST truth,7,1
informed,truthy_falsehood,VERBATIM truth,4,1
informed,truthy_falsehood,GIST truth,7,1
informed,truthy_falsehood,VERBATIM truth,4,1
informed,truthy_falsehood,GIST truth,7,1
informed,truthy_falsehood,VERBATIM truth,2,1
informed,truthy_falsehood,GIST truth,7,2
informed,truthy_falsehood,VERBATIM truth,3,2
informed,truthy_falsehood,GIST truth,7,2
informed,truthy_falsehood,VERBATIM truth,3,2
informed,truthy_falsehood,GIST truth,7,2
informed,truthy_falsehood,VERBATIM truth,2,2
informed,truthy_falsehood,GIST truth,7,2
informed,truthy_falsehood,VERBATIM truth,2,2
informed,truthy_falsehood,GIST truth,7,2
informed,truthy_falsehood,VERBATIM truth,3,2
informed,truthy_falsehood,GIST truth,7,2
informed,truthy_falsehood,VERBATIM truth,3,2
informed,truthy_falsehood,GIST truth,7,2
informed,truthy_falsehood,VERBATIM truth,3,2
informed,truthy_falsehood,GIST truth,7,2
informed,truthy_falsehood,VERBATIM truth,2,2
informed,truthy_falsehood,GIST truth,7,2
informed,truthy_falsehood,VERBATIM truth,2,2
informed,truthy_falsehood,GIST truth,7,1
informed,truthy_falsehood,VERBATIM truth,3,1
informed,truthy_falsehood,GIST truth,6,4
informed,truthy_falsehood,VERBATIM truth,2,4
informed,truthy_falsehood,GIST truth,6,4
informed,truthy_falsehood,VERBATIM truth,2,4
informed,truthy_falsehood,GIST truth,6,4
informed,truthy_falsehood,VERBATIM truth,1,4
informed,truthy_falsehood,GIST truth,6,4
informed,truthy_falsehood,VERBATIM truth,2,4
informed,truthy_falsehood,GIST truth,6,4
informed,truthy_falsehood,VERBATIM truth,2,4
informed,truthy_falsehood,GIST truth,6,4
informed,truthy_falsehood,VERBATIM truth,2,4
informed,truthy_falsehood,GIST truth,6,4
informed,truthy_falsehood,VERBATIM truth,2,4
informed,truthy_falsehood,GIST truth,6,4
informed,truthy_falsehood,VERBATIM truth,2,4
informed,truthy_falsehood,GIST truth,6,5
informed,truthy_falsehood,VERBATIM truth,1,5
informed,truthy_falsehood,GIST truth,6,3
informed,truthy_falsehood,VERBATIM truth,2,3
informed,blatant_falsehood,GIST truth,1,5
informed,blatant_falsehood,VERBATIM truth,1,5
informed,blatant_falsehood,GIST truth,1,7
informed,blatant_falsehood,VERBATIM truth,1,7
informed,blatant_falsehood,GIST truth,1,5
informed,blatant_falsehood,VERBATIM truth,1,5
informed,blatant_falsehood,GIST truth,1,7
informed,blatant_falsehood,VERBATIM truth,1,7
informed,blatant_falsehood,GIST truth,1,6
informed,blatant_falsehood,VERBATIM truth,1,6
informed,blatant_falsehood,GIST truth,1,7
informed,blatant_falsehood,VERBATIM truth,1,7
informed,blatant_falsehood,GIST truth,1,6
informed,blatant_falsehood,VERBATIM truth,1,6
informed,blatant_falsehood,GIST truth,1,7
informed,blatant_falsehood,VERBATIM truth,1,7
informed,blatant_falsehood,GIST truth,1,7
informed,blatant_falsehood,VERBATIM truth,1,7
informed,blatant_falsehood,GIST truth,1,7
informed,blatant_falsehood,VERBATIM truth,1,7
informed,blatant_falsehood,GIST truth,1,6
informed,blatant_falsehood,VERBATIM truth,1,6
informed,blatant_falsehood,GIST truth,1,6
informed,blatant_falsehood,VERBATIM truth,1,6
informed,blatant_falsehood,GIST truth,1,6
informed,blatant_falsehood,VERBATIM truth,1,6
informed,blatant_falsehood,GIST truth,1,6
informed,blatant_falsehood,VERBATIM truth,1,6
informed,blatant_falsehood,GIST truth,1,6
informed,blatant_falsehood,VERBATIM truth,1,6
informed,blatant_falsehood,GIST truth,1,6
informed,blatant_falsehood,VERBATIM truth,1,6
informed,blatant_falsehood,GIST truth,1,6
informed,blatant_falsehood,VERBATIM truth,1,6
informed,blatant_falsehood,GIST truth,1,6
informed,blatant_falsehood,VERBATIM truth,1,6
informed,blatant_falsehood,GIST truth,1,6
informed,blatant_falsehood,VERBATIM truth,1,6
informed,blatant_falsehood,GIST truth,1,6
informed,blatant_falsehood,VERBATIM truth,1,6
informed,blatant_falsehood,GIST truth,1,6
informed,blatant_falsehood,VERBATIM truth,1,6
informed,blatant_falsehood,GIST truth,1,6
informed,blatant_falsehood,VERBATIM truth,1,6
informed,blatant_falsehood,GIST truth,1,6
informed,blatant_falsehood,VERBATIM truth,1,6
informed,blatant_falsehood,GIST truth,1,6
informed,blatant_falsehood,VERBATIM truth,1,6
informed,blatant_falsehood,GIST truth,1,6
informed,blatant_falsehood,VERBATIM truth,1,6
informed,blatant_falsehood,GIST truth,1,6
informed,blatant_falsehood,VERBATIM truth,1,6
informed,blatant_falsehood,GIST truth,1,6
informed,blatant_falsehood,VERBATIM truth,1,6
informed,blatant_falsehood,GIST truth,1,6
informed,blatant_falsehood,VERBATIM truth,1,6
informed,blatant_falsehood,GIST truth,1,6
informed,blatant_falsehood,VERBATIM truth,1,6
informed,blatant_falsehood,GIST truth,1,6
informed,blatant_falsehood,VERBATIM truth,1,6
informed,fully_true,GIST truth,7,1
informed,fully_true,VERBATIM truth,7,1
informed,fully_true,GIST truth,7,1
informed,fully_true,VERBATIM truth,7,1
informed,fully_true,GIST truth,7,1
informed,fully_true,VERBATIM truth,7,1
informed,fully_true,GIST truth,7,1
informed,fully_true,VERBATIM truth,7,1
informed,fully_true,GIST truth,7,1
informed,fully_true,VERBATIM truth,7,1
informed,fully_true,GIST truth,7,1
informed,fully_true,VERBATIM truth,7,1
informed,fully_true,GIST truth,7,1
informed,fully_true,VERBATIM truth,7,1
informed,fully_true,GIST truth,7,1
informed,fully_true,VERBATIM truth,7,1
informed,fully_true,GIST truth,7,1
informed,fully_true,VERBATIM truth,7,1
informed,fully_true,GIST truth,7,1
informed,fully_true,VERBATIM truth,7,1
informed,fully_true,GIST truth,7,1
informed,fully_true,VERBATIM truth,7,1
informed,fully_true,GIST truth,7,1
informed,fully_true,VERBATIM truth,7,1
informed,fully_true,GIST truth,7,1
informed,fully_true,VERBATIM truth,7,1
informed,fully_true,GIST truth,7,1
informed,fully_true,VERBATIM truth,7,1
informed,fully_true,GIST truth,7,1
informed,fully_true,VERBATIM truth,7,1
informed,fully_true,GIST truth,7,1
informed,fully_true,VERBATIM truth,7,1
informed,fully_true,GIST truth,7,1
informed,fully_true,VERBATIM truth,7,1
informed,fully_true,GIST truth,7,1
informed,fully_true,VERBATIM truth,7,1
informed,fully_true,GIST truth,7,1
informed,fully_true,VERBATIM truth,7,1
informed,fully_true,GIST truth,7,1
informed,fully_true,VERBATIM truth,7,1
informed,fully_true,GIST truth,7,1
informed,fully_true,VERBATIM truth,7,1
informed,fully_true,GIST truth,7,1
informed,fully_true,VERBATIM truth,7,1
informed,fully_true,GIST truth,7,1
informed,fully_true,VERBATIM truth,7,1
informed,fully_true,GIST truth,7,1
informed,fully_true,VERBATIM truth,7,1
informed,fully_true,GIST truth,7,1
informed,fully_true,VERBATIM truth,7,1
informed,fully_true,GIST truth,7,1
informed,fully_true,VERBATIM truth,7,1
informed,fully_true,GIST truth,7,1
informed,fully_true,VERBATIM truth,7,1
informed,fully_true,GIST truth,7,1
informed,fully_true,VERBATIM truth,7,1
informed,fully_true,GIST truth,7,1
informed,fully_true,VERBATIM truth,7,1
informed,fully_true,GIST truth,7,1
informed,fully_true,VERBATIM truth,7,1
informed,palter,GIST truth,3,5
informed,palter,VERBATIM truth,4,5
informed,palter,GIST truth,3,5
informed,palter,VERBATIM truth,4,5
informed,palter,GIST truth,3,5
informed,palter,VERBATIM truth,4,5
informed,palter,GIST truth,2,6
informed,palter,VERBATIM truth,2,6
informed,palter,GIST truth,3,5
informed,palter,VERBATIM truth,4,5
informed,palter,GIST truth,2,5
informed,palter,VERBATIM truth,3,5
informed,palter,GIST truth,2,6
informed,palter,VERBATIM truth,2,6
informed,palter,GIST truth,2,6
informed,palter,VERBATIM truth,3,6
informed,palter,GIST truth,3,5
informed,palter,VERBATIM truth,3,5
informed,palter,GIST truth,3,5
informed,palter,VERBATIM truth,4,5
informed,palter,GIST truth,2,5
informed,palter,VERBATIM truth,4,5
informed,palter,GIST truth,2,6
informed,palter,VERBATIM truth,4,6
informed,palter,GIST truth,2,6
informed,palter,VERBATIM truth,4,6
informed,palter,GIST truth,2,5
informed,palter,VERBATIM truth,4,5
informed,palter,GIST truth,2,6
informed,palter,VERBATIM truth,4,6
informed,palter,GIST truth,2,6
informed,palter,VERBATIM truth,4,6
informed,palter,GIST truth,2,6
informed,palter,VERBATIM truth,4,6
informed,palter,GIST truth,2,5
informed,palter,VERBATIM truth,5,5
informed,palter,GIST truth,2,6
informed,palter,VERBATIM truth,5,6
informed,palter,GIST truth,2,5
informed,palter,VERBATIM truth,4,5
informed,palter,GIST truth,2,6
informed,palter,VERBATIM truth,4,6
informed,palter,GIST truth,2,6
informed,palter,VERBATIM truth,3,6
informed,palter,GIST truth,2,5
informed,palter,VERBATIM truth,3,5
informed,palter,GIST truth,2,6
informed,palter,VERBATIM truth,3,6
informed,palter,GIST truth,2,5
informed,palter,VERBATIM truth,3,5
informed,palter,GIST truth,2,5
informed,palter,VERBATIM truth,3,5
informed,palter,GIST truth,2,5
informed,palter,VERBATIM truth,3,5
informed,palter,GIST truth,2,5
informed,palter,VERBATIM truth,4,5
informed,palter,GIST truth,2,5
informed,palter,VERBATIM truth,4,5
informed,palter,GIST truth,2,5
informed,palter,VERBATIM truth,3,5
informed,truthy_falsehood,GIST truth,2,1
informed,truthy_falsehood,VERBATIM truth,1,1
informed,truthy_falsehood,GIST truth,1,1
informed,truthy_falsehood,VERBATIM truth,1,1
informed,truthy_falsehood,GIST truth,2,1
informed,truthy_falsehood,VERBATIM truth,1,1
informed,truthy_falsehood,GIST truth,1,1
informed,truthy_falsehood,VERBATIM truth,1,1
informed,truthy_falsehood,GIST truth,1,2
informed,truthy_falsehood,VERBATIM truth,1,2
informed,truthy_falsehood,GIST truth,1,1
informed,truthy_falsehood,VERBATIM truth,1,1
informed,truthy_falsehood,GIST truth,1,1
informed,truthy_falsehood,VERBATIM truth,1,1
informed,truthy_falsehood,GIST truth,2,2
informed,truthy_falsehood,VERBATIM truth,1,2
informed,truthy_falsehood,GIST truth,2,1
informed,truthy_falsehood,VERBATIM truth,1,1
informed,truthy_falsehood,GIST truth,1,1
informed,truthy_falsehood,VERBATIM truth,1,1
informed,truthy_falsehood,GIST truth,3,3
informed,truthy_falsehood,VERBATIM truth,1,3
informed,truthy_falsehood,GIST truth,5,2
informed,truthy_falsehood,VERBATIM truth,1,2
informed,truthy_falsehood,GIST truth,6,2
informed,truthy_falsehood,VERBATIM truth,2,2
informed,truthy_falsehood,GIST truth,5,2
informed,truthy_falsehood,VERBATIM truth,1,2
informed,truthy_falsehood,GIST truth,5,2
informed,truthy_falsehood,VERBATIM truth,1,2
informed,truthy_falsehood,GIST truth,5,2
informed,truthy_falsehood,VERBATIM truth,1,2
informed,truthy_falsehood,GIST truth,3,3
informed,truthy_falsehood,VERBATIM truth,1,3
informed,truthy_falsehood,GIST truth,5,2
informed,truthy_falsehood,VERBATIM truth,1,2
informed,truthy_falsehood,GIST truth,5,2
informed,truthy_falsehood,VERBATIM truth,1,2
informed,truthy_falsehood,GIST truth,2,4
informed,truthy_falsehood,VERBATIM truth,1,4
informed,truthy_falsehood,GIST truth,5,3
informed,truthy_falsehood,VERBATIM truth,1,3
informed,truthy_falsehood,GIST truth,3,3
informed,truthy_falsehood,VERBATIM truth,1,3
informed,truthy_falsehood,GIST truth,3,3
informed,truthy_falsehood,VERBATIM truth,1,3
informed,truthy_falsehood,GIST truth,5,3
informed,truthy_falsehood,VERBATIM truth,1,3
informed,truthy_falsehood,GIST truth,5,3
informed,truthy_falsehood,VERBATIM truth,1,3
informed,truthy_falsehood,GIST truth,4,3
informed,truthy_falsehood,VERBATIM truth,1,3
informed,truthy_falsehood,GIST truth,5,3
informed,truthy_falsehood,VERBATIM truth,1,3
informed,truthy_falsehood,GIST truth,4,3
informed,truthy_falsehood,VERBATIM truth,1,3
informed,truthy_falsehood,GIST truth,5,3
informed,truthy_falsehood,VERBATIM truth,1,3
informed,truthy_falsehood,GIST truth,4,3
informed,truthy_falsehood,VERBATIM truth,1,3
informed,blatant_falsehood,GIST truth,1,7
informed,blatant_falsehood,VERBATIM truth,1,7
informed,blatant_falsehood,GIST truth,1,7
informed,blatant_falsehood,VERBATIM truth,1,7
informed,blatant_falsehood,GIST truth,1,7
informed,blatant_falsehood,VERBATIM truth,1,7
informed,blatant_falsehood,GIST truth,1,7
informed,blatant_falsehood,VERBATIM truth,1,7
informed,blatant_falsehood,GIST truth,1,7
informed,blatant_falsehood,VERBATIM truth,1,7
informed,blatant_falsehood,GIST truth,1,7
informed,blatant_falsehood,VERBATIM truth,1,7
informed,blatant_falsehood,GIST truth,1,7
informed,blatant_falsehood,VERBATIM truth,1,7
informed,blatant_falsehood,GIST truth,1,7
informed,blatant_falsehood,VERBATIM truth,1,7
informed,blatant_falsehood,GIST truth,1,7
informed,blatant_falsehood,VERBATIM truth,1,7
informed,blatant_falsehood,GIST truth,1,7
informed,blatant_falsehood,VERBATIM truth,1,7
informed,blatant_falsehood,GIST truth,1,7
informed,blatant_falsehood,VERBATIM truth,1,7
informed,blatant_falsehood,GIST truth,1,7
informed,blatant_falsehood,VERBATIM truth,1,7
informed,blatant_falsehood,GIST truth,1,7
informed,blatant_falsehood,VERBATIM truth,1,7
informed,blatant_falsehood,GIST truth,1,7
informed,blatant_falsehood,VERBATIM truth,1,7
informed,blatant_falsehood,GIST truth,1,7
informed,blatant_falsehood,VERBATIM truth,1,7
informed,blatant_falsehood,GIST truth,1,7
informed,blatant_falsehood,VERBATIM truth,1,7
informed,blatant_falsehood,GIST truth,1,7
informed,blatant_falsehood,VERBATIM truth,1,7
informed,blatant_falsehood,GIST truth,1,7
informed,blatant_falsehood,VERBATIM truth,1,7
informed,blatant_falsehood,GIST truth,1,7
informed,blatant_falsehood,VERBATIM truth,1,7
informed,blatant_falsehood,GIST truth,1,7
informed,blatant_falsehood,VERBATIM truth,1,7
informed,blatant_falsehood,GIST truth,1,6
informed,blatant_falsehood,VERBATIM truth,1,6
informed,blatant_falsehood,GIST truth,1,6
informed,blatant_falsehood,VERBATIM truth,1,6
informed,blatant_falsehood,GIST truth,1,6
informed,blatant_falsehood,VERBATIM truth,1,6
informed,blatant_falsehood,GIST truth,1,6
informed,blatant_falsehood,VERBATIM truth,1,6
informed,blatant_falsehood,GIST truth,1,6
informed,blatant_falsehood,VERBATIM truth,1,6
informed,blatant_falsehood,GIST truth,1,6
informed,blatant_falsehood,VERBATIM truth,1,6
informed,blatant_falsehood,GIST truth,1,6
informed,blatant_falsehood,VERBATIM truth,1,6
informed,blatant_falsehood,GIST truth,1,6
informed,blatant_falsehood,VERBATIM truth,1,6
informed,blatant_falsehood,GIST truth,1,6
informed,blatant_falsehood,VERBATIM truth,1,6
informed,blatant_falsehood,GIST truth,1,6
informed,blatant_falsehood,VERBATIM truth,1,6
informed,fully_true,GIST truth,7,1
informed,fully_true,VERBATIM truth,7,1
informed,fully_true,GIST truth,7,1
informed,fully_true,VERBATIM truth,7,1
informed,fully_true,GIST truth,7,1
informed,fully_true,VERBATIM truth,7,1
informed,fully_true,GIST truth,7,1
informed,fully_true,VERBATIM truth,7,1
informed,fully_true,GIST truth,7,1
informed,fully_true,VERBATIM truth,7,1
informed,fully_true,GIST truth,7,1
informed,fully_true,VERBATIM truth,7,1
informed,fully_true,GIST truth,7,1
informed,fully_true,VERBATIM truth,7,1
informed,fully_true,GIST truth,7,1
informed,fully_true,VERBATIM truth,7,1
informed,fully_true,GIST truth,7,1
informed,fully_true,VERBATIM truth,7,1
informed,fully_true,GIST truth,7,1
informed,fully_true,VERBATIM truth,7,1
informed,fully_true,GIST truth,7,1
informed,fully_true,VERBATIM truth,7,1
informed,fully_true,GIST truth,7,1
informed,fully_true,VERBATIM truth,7,1
informed,fully_true,GIST truth,7,1
informed,fully_true,VERBATIM truth,7,1
informed,fully_true,GIST truth,7,1
informed,fully_true,VERBATIM truth,7,1
informed,fully_true,GIST truth,7,1
informed,fully_true,VERBATIM truth,7,1
informed,fully_true,GIST truth,7,1
informed,fully_true,VERBATIM truth,7,1
informed,fully_true,GIST truth,7,1
informed,fully_true,VERBATIM truth,7,1
informed,fully_true,GIST truth,7,1
informed,fully_true,VERBATIM truth,7,1
informed,fully_true,GIST truth,7,1
informed,fully_true,VERBATIM truth,7,1
informed,fully_true,GIST truth,7,1
informed,fully_true,VERBATIM truth,7,1
informed,fully_true,GIST truth,7,1
informed,fully_true,VERBATIM truth,7,1
informed,fully_true,GIST truth,7,1
informed,fully_true,VERBATIM truth,7,1
informed,fully_true,GIST truth,7,1
informed,fully_true,VERBATIM truth,7,1
informed,fully_true,GIST truth,7,1
informed,fully_true,VERBATIM truth,7,1
informed,fully_true,GIST truth,7,1
informed,fully_true,VERBATIM truth,7,1
informed,fully_true,GIST truth,7,1
informed,fully_true,VERBATIM truth,7,1
informed,fully_true,GIST truth,7,1
informed,fully_true,VERBATIM truth,7,1
informed,fully_true,GIST truth,7,1
informed,fully_true,VERBATIM truth,7,1
informed,fully_true,GIST truth,7,1
informed,fully_true,VERBATIM truth,7,1
informed,fully_true,GIST truth,7,1
informed,fully_true,VERBATIM truth,7,1
informed,palter,GIST truth,3,4
informed,palter,VERBATIM truth,7,4
informed,palter,GIST truth,3,4
informed,palter,VERBATIM truth,7,4
informed,palter,GIST truth,3,5
informed,palter,VERBATIM truth,7,5
informed,palter,GIST truth,2,5
informed,palter,VERBATIM truth,7,5
informed,palter,GIST truth,3,5
informed,palter,VERBATIM truth,7,5
informed,palter,GIST truth,2,5
informed,palter,VERBATIM truth,7,5
informed,palter,GIST truth,2,5
informed,palter,VERBATIM truth,7,5
informed,palter,GIST truth,3,4
informed,palter,VERBATIM truth,7,4
informed,palter,GIST truth,3,4
informed,palter,VERBATIM truth,7,4
informed,palter,GIST truth,3,4
informed,palter,VERBATIM truth,7,4
informed,palter,GIST truth,3,3
informed,palter,VERBATIM truth,7,3
informed,palter,GIST truth,4,3
informed,palter,VERBATIM truth,7,3
informed,palter,GIST truth,4,3
informed,palter,VERBATIM truth,7,3
informed,palter,GIST truth,4,2
informed,palter,VERBATIM truth,7,2
informed,palter,GIST truth,5,2
informed,palter,VERBATIM truth,7,2
informed,palter,GIST truth,3,3
informed,palter,VERBATIM truth,7,3
informed,palter,GIST truth,3,3
informed,palter,VERBATIM truth,7,3
informed,palter,GIST truth,3,2
informed,palter,VERBATIM truth,7,2
informed,palter,GIST truth,3,2
informed,palter,VERBATIM truth,7,2
informed,palter,GIST truth,3,3
informed,palter,VERBATIM truth,7,3
informed,palter,GIST truth,2,5
informed,palter,VERBATIM truth,6,5
informed,palter,GIST truth,2,5
informed,palter,VERBATIM truth,6,5
informed,palter,GIST truth,2,5
informed,palter,VERBATIM truth,6,5
informed,palter,GIST truth,2,5
informed,palter,VERBATIM truth,6,5
informed,palter,GIST truth,2,5
informed,palter,VERBATIM truth,6,5
informed,palter,GIST truth,2,5
informed,palter,VERBATIM truth,6,5
informed,palter,GIST truth,2,5
informed,palter,VERBATIM truth,6,5
informed,palter,GIST truth,2,5
informed,palter,VERBATIM truth,6,5
informed,palter,GIST truth,2,5
informed,palter,VERBATIM truth,6,5
informed,palter,GIST truth,2,5
informed,palter,VERBATIM truth,6,5
informed,truthy_falsehood,GIST truth,2,1
informed,truthy_falsehood,VERBATIM truth,2,1
informed,truthy_falsehood,GIST truth,3,1
informed,truthy_falsehood,VERBATIM truth,2,1
informed,truthy_falsehood,GIST truth,2,1
informed,truthy_falsehood,VERBATIM truth,2,1
informed,truthy_falsehood,GIST truth,2,2
informed,truthy_falsehood,VERBATIM truth,2,2
informed,truthy_falsehood,GIST truth,2,2
informed,truthy_falsehood,VERBATIM truth,2,2
informed,truthy_falsehood,GIST truth,2,1
informed,truthy_falsehood,VERBATIM truth,2,1
informed,truthy_falsehood,GIST truth,2,2
informed,truthy_falsehood,VERBATIM truth,1,2
informed,truthy_falsehood,GIST truth,2,1
informed,truthy_falsehood,VERBATIM truth,1,1
informed,truthy_falsehood,GIST truth,3,1
informed,truthy_falsehood,VERBATIM truth,2,1
informed,truthy_falsehood,GIST truth,2,1
informed,truthy_falsehood,VERBATIM truth,2,1
informed,truthy_falsehood,GIST truth,5,3
informed,truthy_falsehood,VERBATIM truth,1,3
informed,truthy_falsehood,GIST truth,3,3
informed,truthy_falsehood,VERBATIM truth,1,3
informed,truthy_falsehood,GIST truth,5,3
informed,truthy_falsehood,VERBATIM truth,1,3
informed,truthy_falsehood,GIST truth,5,3
informed,truthy_falsehood,VERBATIM truth,2,3
informed,truthy_falsehood,GIST truth,2,3
informed,truthy_falsehood,VERBATIM truth,1,3
informed,truthy_falsehood,GIST truth,5,4
informed,truthy_falsehood,VERBATIM truth,1,4
informed,truthy_falsehood,GIST truth,4,4
informed,truthy_falsehood,VERBATIM truth,1,4
informed,truthy_falsehood,GIST truth,5,3
informed,truthy_falsehood,VERBATIM truth,2,3
informed,truthy_falsehood,GIST truth,5,3
informed,truthy_falsehood,VERBATIM truth,1,3
informed,truthy_falsehood,GIST truth,5,3
informed,truthy_falsehood,VERBATIM truth,1,3
informed,truthy_falsehood,GIST truth,4,3
informed,truthy_falsehood,VERBATIM truth,1,3
informed,truthy_falsehood,GIST truth,5,3
informed,truthy_falsehood,VERBATIM truth,2,3
informed,truthy_falsehood,GIST truth,4,3
informed,truthy_falsehood,VERBATIM truth,1,3
informed,truthy_falsehood,GIST truth,5,3
informed,truthy_falsehood,VERBATIM truth,1,3
informed,truthy_falsehood,GIST truth,4,3
informed,truthy_falsehood,VERBATIM truth,1,3
informed,truthy_falsehood,GIST truth,4,3
informed,truthy_falsehood,VERBATIM truth,1,3
informed,truthy_falsehood,GIST truth,5,3
informed,truthy_falsehood,VERBATIM truth,2,3
informed,truthy_falsehood,GIST truth,5,3
informed,truthy_falsehood,VERBATIM truth,2,3
informed,truthy_falsehood,GIST truth,5,3
informed,truthy_falsehood,VERBATIM truth,1,3
informed,truthy_falsehood,GIST truth,4,3
informed,truthy_falsehood,VERBATIM truth,1,3
informed,blatant_falsehood,GIST truth,1,7
informed,blatant_falsehood,VERBATIM truth,1,7
informed,blatant_falsehood,GIST truth,1,7
informed,blatant_falsehood,VERBATIM truth,1,7
informed,blatant_falsehood,GIST truth,1,7
informed,blatant_falsehood,VERBATIM truth,1,7
informed,blatant_falsehood,GIST truth,1,7
informed,blatant_falsehood,VERBATIM truth,1,7
informed,blatant_falsehood,GIST truth,1,7
informed,blatant_falsehood,VERBATIM truth,1,7
informed,blatant_falsehood,GIST truth,1,5
informed,blatant_falsehood,VERBATIM truth,1,5
informed,blatant_falsehood,GIST truth,1,7
informed,blatant_falsehood,VERBATIM truth,1,7
informed,blatant_falsehood,GIST truth,1,7
informed,blatant_falsehood,VERBATIM truth,1,7
informed,blatant_falsehood,GIST truth,1,7
informed,blatant_falsehood,VERBATIM truth,1,7
informed,blatant_falsehood,GIST truth,1,7
informed,blatant_falsehood,VERBATIM truth,1,7
informed,blatant_falsehood,GIST truth,1,6
informed,blatant_falsehood,VERBATIM truth,1,6
informed,blatant_falsehood,GIST truth,1,6
informed,blatant_falsehood,VERBATIM truth,1,6
informed,blatant_falsehood,GIST truth,1,6
informed,blatant_falsehood,VERBATIM truth,1,6
informed,blatant_falsehood,GIST truth,1,6
informed,blatant_falsehood,VERBATIM truth,1,6
informed,blatant_falsehood,GIST truth,1,6
informed,blatant_falsehood,VERBATIM truth,1,6
informed,blatant_falsehood,GIST truth,1,6
informed,blatant_falsehood,VERBATIM truth,1,6
informed,blatant_falsehood,GIST truth,1,6
informed,blatant_falsehood,VERBATIM truth,1,6
informed,blatant_falsehood,GIST truth,1,6
informed,blatant_falsehood,VERBATIM truth,1,6
informed,blatant_falsehood,GIST truth,1,6
informed,blatant_falsehood,VERBATIM truth,1,6
informed,blatant_falsehood,GIST truth,1,6
informed,blatant_falsehood,VERBATIM truth,1,6
informed,blatant_falsehood,GIST truth,1,6
informed,blatant_falsehood,VERBATIM truth,1,6
informed,blatant_falsehood,GIST truth,1,6
informed,blatant_falsehood,VERBATIM truth,1,6
informed,blatant_falsehood,GIST truth,1,6
informed,blatant_falsehood,VERBATIM truth,1,6
informed,blatant_falsehood,GIST truth,1,6
informed,blatant_falsehood,VERBATIM truth,1,6
informed,blatant_falsehood,GIST truth,1,6
informed,blatant_falsehood,VERBATIM truth,1,6
informed,blatant_falsehood,GIST truth,1,6
informed,blatant_falsehood,VERBATIM truth,1,6
informed,blatant_falsehood,GIST truth,1,6
informed,blatant_falsehood,VERBATIM truth,1,6
informed,blatant_falsehood,GIST truth,1,6
informed,blatant_falsehood,VERBATIM truth,1,6
informed,blatant_falsehood,GIST truth,1,6
informed,blatant_falsehood,VERBATIM truth,1,6
informed,blatant_falsehood,GIST truth,1,6
informed,blatant_falsehood,VERBATIM truth,1,6
informed,fully_true,GIST truth,7,1
informed,fully_true,VERBATIM truth,7,1
informed,fully_true,GIST truth,7,1
informed,fully_true,VERBATIM truth,7,1
informed,fully_true,GIST truth,7,1
informed,fully_true,VERBATIM truth,7,1
informed,fully_true,GIST truth,7,1
informed,fully_true,VERBATIM truth,7,1
informed,fully_true,GIST truth,7,1
informed,fully_true,VERBATIM truth,7,1
informed,fully_true,GIST truth,7,1
informed,fully_true,VERBATIM truth,7,1
informed,fully_true,GIST truth,7,1
informed,fully_true,VERBATIM truth,7,1
informed,fully_true,GIST truth,7,1
informed,fully_true,VERBATIM truth,7,1
informed,fully_true,GIST truth,7,1
informed,fully_true,VERBATIM truth,7,1
informed,fully_true,GIST truth,7,1
informed,fully_true,VERBATIM truth,7,1
informed,fully_true,GIST truth,7,1
informed,fully_true,VERBATIM truth,7,1
informed,fully_true,GIST truth,7,1
informed,fully_true,VERBATIM truth,7,1
informed,fully_true,GIST truth,7,1
informed,fully_true,VERBATIM truth,7,1
informed,fully_true,GIST truth,7,1
informed,fully_true,VERBATIM truth,7,1
informed,fully_true,GIST truth,7,1
informed,fully_true,VERBATIM truth,7,1
informed,fully_true,GIST truth,7,1
informed,fully_true,VERBATIM truth,7,1
informed,fully_true,GIST truth,7,1
informed,fully_true,VERBATIM truth,7,1
informed,fully_true,GIST truth,7,1
informed,fully_true,VERBATIM truth,7,1
informed,fully_true,GIST truth,7,1
informed,fully_true,VERBATIM truth,7,1
informed,fully_true,GIST truth,7,1
informed,fully_true,VERBATIM truth,7,1
informed,fully_true,GIST truth,7,1
informed,fully_true,VERBATIM truth,7,1
informed,fully_true,GIST truth,7,1
informed,fully_true,VERBATIM truth,7,1
informed,fully_true,GIST truth,7,1
informed,fully_true,VERBATIM truth,7,1
informed,fully_true,GIST truth,7,1
informed,fully_true,VERBATIM truth,7,1
informed,fully_true,GIST truth,7,1
informed,fully_true,VERBATIM truth,7,1
informed,fully_true,GIST truth,7,1
informed,fully_true,VERBATIM truth,7,1
informed,fully_true,GIST truth,7,1
informed,fully_true,VERBATIM truth,7,1
informed,fully_true,GIST truth,7,1
informed,fully_true,VERBATIM truth,7,1
informed,fully_true,GIST truth,7,1
informed,fully_true,VERBATIM truth,7,1
informed,fully_true,GIST truth,7,1
informed,fully_true,VERBATIM truth,7,1
informed,palter,GIST truth,1,6
informed,palter,VERBATIM truth,3,6
informed,palter,GIST truth,1,6
informed,palter,VERBATIM truth,3,6
informed,palter,GIST truth,1,6
informed,palter,VERBATIM truth,2,6
informed,palter,GIST truth,1,5
informed,palter,VERBATIM truth,3,5
informed,palter,GIST truth,1,5
informed,palter,VERBATIM truth,3,5
informed,palter,GIST truth,1,6
informed,palter,VERBATIM truth,3,6
informed,palter,GIST truth,1,6
informed,palter,VERBATIM truth,2,6
informed,palter,GIST truth,1,6
informed,palter,VERBATIM truth,4,6
informed,palter,GIST truth,1,5
informed,palter,VERBATIM truth,2,5
informed,palter,GIST truth,1,5
informed,palter,VERBATIM truth,3,5
informed,palter,GIST truth,1,5
informed,palter,VERBATIM truth,2,5
informed,palter,GIST truth,1,5
informed,palter,VERBATIM truth,2,5
informed,palter,GIST truth,1,5
informed,palter,VERBATIM truth,2,5
informed,palter,GIST truth,1,5
informed,palter,VERBATIM truth,2,5
informed,palter,GIST truth,1,5
informed,palter,VERBATIM truth,2,5
informed,palter,GIST truth,1,5
informed,palter,VERBATIM truth,2,5
informed,palter,GIST truth,1,5
informed,palter,VERBATIM truth,3,5
informed,palter,GIST truth,1,5
informed,palter,VERBATIM truth,2,5
informed,palter,GIST truth,1,5
informed,palter,VERBATIM truth,2,5
informed,palter,GIST truth,1,5
informed,palter,VERBATIM truth,3,5
informed,palter,GIST truth,2,5
informed,palter,VERBATIM truth,5,5
informed,palter,GIST truth,2,5
informed,palter,VERBATIM truth,5,5
informed,palter,GIST truth,2,5
informed,palter,VERBATIM truth,5,5
informed,palter,GIST truth,2,5
informed,palter,VERBATIM truth,5,5
informed,palter,GIST truth,2,5
informed,palter,VERBATIM truth,5,5
informed,palter,GIST truth,2,5
informed,palter,VERBATIM truth,5,5
informed,palter,GIST truth,2,5
informed,palter,VERBATIM truth,4,5
informed,palter,GIST truth,2,5
informed,palter,VERBATIM truth,5,5
informed,palter,GIST truth,2,5
informed,palter,VERBATIM truth,5,5
informed,palter,GIST truth,2,5
informed,palter,VERBATIM truth,4,5
informed,truthy_falsehood,GIST truth,2,2
informed,truthy_falsehood,VERBATIM truth,2,2
informed,truthy_falsehood,GIST truth,2,2
informed,truthy_falsehood,VERBATIM truth,2,2
informed,truthy_falsehood,GIST truth,2,1
informed,truthy_falsehood,VERBATIM truth,2,1
informed,truthy_falsehood,GIST truth,5,1
informed,truthy_falsehood,VERBATIM truth,2,1
informed,truthy_falsehood,GIST truth,5,1
informed,truthy_falsehood,VERBATIM truth,2,1
informed,truthy_falsehood,GIST truth,3,2
informed,truthy_falsehood,VERBATIM truth,2,2
informed,truthy_falsehood,GIST truth,3,2
informed,truthy_falsehood,VERBATIM truth,2,2
informed,truthy_falsehood,GIST truth,5,1
informed,truthy_falsehood,VERBATIM truth,2,1
informed,truthy_falsehood,GIST truth,2,1
informed,truthy_falsehood,VERBATIM truth,2,1
informed,truthy_falsehood,GIST truth,2,2
informed,truthy_falsehood,VERBATIM truth,2,2
informed,truthy_falsehood,GIST truth,5,2
informed,truthy_falsehood,VERBATIM truth,2,2
informed,truthy_falsehood,GIST truth,5,2
informed,truthy_falsehood,VERBATIM truth,2,2
informed,truthy_falsehood,GIST truth,5,2
informed,truthy_falsehood,VERBATIM truth,2,2
informed,truthy_falsehood,GIST truth,5,3
informed,truthy_falsehood,VERBATIM truth,2,3
informed,truthy_falsehood,GIST truth,5,2
informed,truthy_falsehood,VERBATIM truth,2,2
informed,truthy_falsehood,GIST truth,5,2
informed,truthy_falsehood,VERBATIM truth,2,2
informed,truthy_falsehood,GIST truth,5,2
informed,truthy_falsehood,VERBATIM truth,2,2
informed,truthy_falsehood,GIST truth,5,2
informed,truthy_falsehood,VERBATIM truth,2,2
informed,truthy_falsehood,GIST truth,5,2
informed,truthy_falsehood,VERBATIM truth,2,2
informed,truthy_falsehood,GIST truth,6,2
informed,truthy_falsehood,VERBATIM truth,2,2
informed,truthy_falsehood,GIST truth,6,2
informed,truthy_falsehood,VERBATIM truth,4,2
informed,truthy_falsehood,GIST truth,6,2
informed,truthy_falsehood,VERBATIM truth,4,2
informed,truthy_falsehood,GIST truth,6,2
informed,truthy_falsehood,VERBATIM truth,3,2
informed,truthy_falsehood,GIST truth,6,3
informed,truthy_falsehood,VERBATIM truth,3,3
informed,truthy_falsehood,GIST truth,6,3
informed,truthy_falsehood,VERBATIM truth,3,3
informed,truthy_falsehood,GIST truth,6,2
informed,truthy_falsehood,VERBATIM truth,4,2
informed,truthy_falsehood,GIST truth,6,2
informed,truthy_falsehood,VERBATIM truth,4,2
informed,truthy_falsehood,GIST truth,6,2
informed,truthy_falsehood,VERBATIM truth,4,2
informed,truthy_falsehood,GIST truth,6,3
informed,truthy_falsehood,VERBATIM truth,3,3
informed,truthy_falsehood,GIST truth,6,2
informed,truthy_falsehood,VERBATIM truth,4,2
informed,blatant_falsehood,GIST truth,1,7
informed,blatant_falsehood,VERBATIM truth,1,7
informed,blatant_falsehood,GIST truth,1,6
informed,blatant_falsehood,VERBATIM truth,1,6
informed,blatant_falsehood,GIST truth,1,7
informed,blatant_falsehood,VERBATIM truth,1,7
informed,blatant_falsehood,GIST truth,1,7
informed,blatant_falsehood,VERBATIM truth,1,7
informed,blatant_falsehood,GIST truth,1,5
informed,blatant_falsehood,VERBATIM truth,1,5
informed,blatant_falsehood,GIST truth,1,7
informed,blatant_falsehood,VERBATIM truth,1,7
informed,blatant_falsehood,GIST truth,1,7
informed,blatant_falsehood,VERBATIM truth,1,7
informed,blatant_falsehood,GIST truth,1,7
informed,blatant_falsehood,VERBATIM truth,1,7
informed,blatant_falsehood,GIST truth,1,7
informed,blatant_falsehood,VERBATIM truth,1,7
informed,blatant_falsehood,GIST truth,1,7
informed,blatant_falsehood,VERBATIM truth,1,7
informed,blatant_falsehood,GIST truth,1,6
informed,blatant_falsehood,VERBATIM truth,1,6
informed,blatant_falsehood,GIST truth,1,6
informed,blatant_falsehood,VERBATIM truth,1,6
informed,blatant_falsehood,GIST truth,1,6
informed,blatant_falsehood,VERBATIM truth,1,6
informed,blatant_falsehood,GIST truth,1,6
informed,blatant_falsehood,VERBATIM truth,1,6
informed,blatant_falsehood,GIST truth,1,6
informed,blatant_falsehood,VERBATIM truth,1,6
informed,blatant_falsehood,GIST truth,1,6
informed,blatant_falsehood,VERBATIM truth,1,6
informed,blatant_falsehood,GIST truth,1,6
informed,blatant_falsehood,VERBATIM truth,1,6
informed,blatant_falsehood,GIST truth,1,6
informed,blatant_falsehood,VERBATIM truth,1,6
informed,blatant_falsehood,GIST truth,1,6
informed,blatant_falsehood,VERBATIM truth,1,6
informed,blatant_falsehood,GIST truth,1,6
informed,blatant_falsehood,VERBATIM truth,1,6
informed,blatant_falsehood,GIST truth,1,6
informed,blatant_falsehood,VERBATIM truth,1,6
informed,blatant_falsehood,GIST truth,1,6
informed,blatant_falsehood,VERBATIM truth,1,6
informed,blatant_falsehood,GIST truth,1,6
informed,blatant_falsehood,VERBATIM truth,1,6
informed,blatant_falsehood,GIST truth,1,6
informed,blatant_falsehood,VERBATIM truth,1,6
informed,blatant_falsehood,GIST truth,1,6
informed,blatant_falsehood,VERBATIM truth,1,6
informed,blatant_falsehood,GIST truth,1,6
informed,blatant_falsehood,VERBATIM truth,1,6
informed,blatant_falsehood,GIST truth,1,6
informed,blatant_falsehood,VERBATIM truth,1,6
informed,blatant_falsehood,GIST truth,1,6
informed,blatant_falsehood,VERBATIM truth,1,6
informed,blatant_falsehood,GIST truth,1,6
informed,blatant_falsehood,VERBATIM truth,1,6
informed,blatant_falsehood,GIST truth,1,6
informed,blatant_falsehood,VERBATIM truth,1,6
